Date,2022-01-07__HDFCBANK__KOTAKBANK,2022-04-11__HCLTECH__TECHM,2022-04-11__JSWSTEEL__TATASTEEL,2022-07-12__HCLTECH__TCS,2022-07-12__JSWSTEEL__TATASTEEL,2022-10-13__HCLTECH__WIPRO,2022-10-13__HDFCBANK__KOTAKBANK,2022-10-13__ICICIBANK__SBIN,2023-01-12__TCS__WIPRO,2023-04-19__TECHM__WIPRO,2023-04-19__HINDALCO__TATASTEEL,2023-04-19__HINDALCO__JSWSTEEL,2023-04-19__TATASTEEL__VEDL,2024-04-29__HCLTECH__TCS,2024-07-31__HINDALCO__JSWSTEEL,2024-10-30__HINDALCO__JSWSTEEL,2025-05-07__HCLTECH__TECHM,2025-08-04__HCLTECH__TECHM,portfolio_return,portfolio_equity
2022-01-07,0.0,0.0,0.0,0.0,0.0,0.0,0.0,0.0,0.0,0.0,0.0,0.0,0.0,0.0,0.0,0.0,0.0,0.0,0.0,1.0
2022-01-10,0.0,0.0,0.0,0.0,0.0,0.0,0.0,0.0,0.0,0.0,0.0,0.0,0.0,0.0,0.0,0.0,0.0,0.0,0.0,1.0
2022-01-11,0.0,0.0,0.0,0.0,0.0,0.0,0.0,0.0,0.0,0.0,0.0,0.0,0.0,0.0,0.0,0.0,0.0,0.0,0.0,1.0
2022-01-12,0.0,0.0,0.0,0.0,0.0,0.0,0.0,0.0,0.0,0.0,0.0,0.0,0.0,0.0,0.0,0.0,0.0,0.0,0.0,1.0
2022-01-13,0.0,0.0,0.0,0.0,0.0,0.0,0.0,0.0,0.0,0.0,0.0,0.0,0.0,0.0,0.0,0.0,0.0,0.0,0.0,1.0
2022-01-14,0.0,0.0,0.0,0.0,0.0,0.0,0.0,0.0,0.0,0.0,0.0,0.0,0.0,0.0,0.0,0.0,0.0,0.0,0.0,1.0
2022-01-17,0.0,0.0,0.0,0.0,0.0,0.0,0.0,0.0,0.0,0.0,0.0,0.0,0.0,0.0,0.0,0.0,0.0,0.0,0.0,1.0
2022-01-18,0.0,0.0,0.0,0.0,0.0,0.0,0.0,0.0,0.0,0.0,0.0,0.0,0.0,0.0,0.0,0.0,0.0,0.0,0.0,1.0
2022-01-19,0.0,0.0,0.0,0.0,0.0,0.0,0.0,0.0,0.0,0.0,0.0,0.0,0.0,0.0,0.0,0.0,0.0,0.0,0.0,1.0
2022-01-20,0.0,0.0,0.0,0.0,0.0,0.0,0.0,0.0,0.0,0.0,0.0,0.0,0.0,0.0,0.0,0.0,0.0,0.0,0.0,1.0
2022-01-21,0.0,0.0,0.0,0.0,0.0,0.0,0.0,0.0,0.0,0.0,0.0,0.0,0.0,0.0,0.0,0.0,0.0,0.0,0.0,1.0
2022-01-24,0.0,0.0,0.0,0.0,0.0,0.0,0.0,0.0,0.0,0.0,0.0,0.0,0.0,0.0,0.0,0.0,0.0,0.0,0.0,1.0
2022-01-25,0.0,0.0,0.0,0.0,0.0,0.0,0.0,0.0,0.0,0.0,0.0,0.0,0.0,0.0,0.0,0.0,0.0,0.0,0.0,1.0
2022-01-27,0.0,0.0,0.0,0.0,0.0,0.0,0.0,0.0,0.0,0.0,0.0,0.0,0.0,0.0,0.0,0.0,0.0,0.0,0.0,1.0
2022-01-28,0.0,0.0,0.0,0.0,0.0,0.0,0.0,0.0,0.0,0.0,0.0,0.0,0.0,0.0,0.0,0.0,0.0,0.0,0.0,1.0
2022-01-31,0.0,0.0,0.0,0.0,0.0,0.0,0.0,0.0,0.0,0.0,0.0,0.0,0.0,0.0,0.0,0.0,0.0,0.0,0.0,1.0
2022-02-01,0.0,0.0,0.0,0.0,0.0,0.0,0.0,0.0,0.0,0.0,0.0,0.0,0.0,0.0,0.0,0.0,0.0,0.0,0.0,1.0
2022-02-02,0.0,0.0,0.0,0.0,0.0,0.0,0.0,0.0,0.0,0.0,0.0,0.0,0.0,0.0,0.0,0.0,0.0,0.0,0.0,1.0
2022-02-03,0.0,0.0,0.0,0.0,0.0,0.0,0.0,0.0,0.0,0.0,0.0,0.0,0.0,0.0,0.0,0.0,0.0,0.0,0.0,1.0
2022-02-04,0.0,0.0,0.0,0.0,0.0,0.0,0.0,0.0,0.0,0.0,0.0,0.0,0.0,0.0,0.0,0.0,0.0,0.0,0.0,1.0
2022-02-07,0.0,0.0,0.0,0.0,0.0,0.0,0.0,0.0,0.0,0.0,0.0,0.0,0.0,0.0,0.0,0.0,0.0,0.0,0.0,1.0
2022-02-08,0.0,0.0,0.0,0.0,0.0,0.0,0.0,0.0,0.0,0.0,0.0,0.0,0.0,0.0,0.0,0.0,0.0,0.0,0.0,1.0
2022-02-09,0.0,0.0,0.0,0.0,0.0,0.0,0.0,0.0,0.0,0.0,0.0,0.0,0.0,0.0,0.0,0.0,0.0,0.0,0.0,1.0
2022-02-10,0.0,0.0,0.0,0.0,0.0,0.0,0.0,0.0,0.0,0.0,0.0,0.0,0.0,0.0,0.0,0.0,0.0,0.0,0.0,1.0
2022-02-11,0.0,0.0,0.0,0.0,0.0,0.0,0.0,0.0,0.0,0.0,0.0,0.0,0.0,0.0,0.0,0.0,0.0,0.0,0.0,1.0
2022-02-14,0.0,0.0,0.0,0.0,0.0,0.0,0.0,0.0,0.0,0.0,0.0,0.0,0.0,0.0,0.0,0.0,0.0,0.0,0.0,1.0
2022-02-15,0.0,0.0,0.0,0.0,0.0,0.0,0.0,0.0,0.0,0.0,0.0,0.0,0.0,0.0,0.0,0.0,0.0,0.0,0.0,1.0
2022-02-16,0.0,0.0,0.0,0.0,0.0,0.0,0.0,0.0,0.0,0.0,0.0,0.0,0.0,0.0,0.0,0.0,0.0,0.0,0.0,1.0
2022-02-17,0.0,0.0,0.0,0.0,0.0,0.0,0.0,0.0,0.0,0.0,0.0,0.0,0.0,0.0,0.0,0.0,0.0,0.0,0.0,1.0
2022-02-18,-0.0,0.0,0.0,0.0,0.0,0.0,0.0,0.0,0.0,0.0,0.0,0.0,0.0,0.0,0.0,0.0,0.0,0.0,0.0,1.0
2022-02-21,0.0,0.0,0.0,0.0,0.0,0.0,0.0,0.0,0.0,0.0,0.0,0.0,0.0,0.0,0.0,0.0,0.0,0.0,0.0,1.0
2022-02-22,-0.0,0.0,0.0,0.0,0.0,0.0,0.0,0.0,0.0,0.0,0.0,0.0,0.0,0.0,0.0,0.0,0.0,0.0,0.0,1.0
2022-02-23,-0.0,0.0,0.0,0.0,0.0,0.0,0.0,0.0,0.0,0.0,0.0,0.0,0.0,0.0,0.0,0.0,0.0,0.0,0.0,1.0
2022-02-24,-0.0,0.0,0.0,0.0,0.0,0.0,0.0,0.0,0.0,0.0,0.0,0.0,0.0,0.0,0.0,0.0,0.0,0.0,0.0,1.0
2022-02-25,0.0,0.0,0.0,0.0,0.0,0.0,0.0,0.0,0.0,0.0,0.0,0.0,0.0,0.0,0.0,0.0,0.0,0.0,0.0,1.0
2022-02-28,-0.0,0.0,0.0,0.0,0.0,0.0,0.0,0.0,0.0,0.0,0.0,0.0,0.0,0.0,0.0,0.0,0.0,0.0,0.0,1.0
2022-03-02,-0.0,0.0,0.0,0.0,0.0,0.0,0.0,0.0,0.0,0.0,0.0,0.0,0.0,0.0,0.0,0.0,0.0,0.0,0.0,1.0
2022-03-03,0.0,0.0,0.0,0.0,0.0,0.0,0.0,0.0,0.0,0.0,0.0,0.0,0.0,0.0,0.0,0.0,0.0,0.0,0.0,1.0
2022-03-04,0.0,0.0,0.0,0.0,0.0,0.0,0.0,0.0,0.0,0.0,0.0,0.0,0.0,0.0,0.0,0.0,0.0,0.0,0.0,1.0
2022-03-07,0.0,0.0,0.0,0.0,0.0,0.0,0.0,0.0,0.0,0.0,0.0,0.0,0.0,0.0,0.0,0.0,0.0,0.0,0.0,1.0
2022-03-08,-0.0,0.0,0.0,0.0,0.0,0.0,0.0,0.0,0.0,0.0,0.0,0.0,0.0,0.0,0.0,0.0,0.0,0.0,0.0,1.0
2022-03-09,0.0,0.0,0.0,0.0,0.0,0.0,0.0,0.0,0.0,0.0,0.0,0.0,0.0,0.0,0.0,0.0,0.0,0.0,0.0,1.0
2022-03-10,-0.0,0.0,0.0,0.0,0.0,0.0,0.0,0.0,0.0,0.0,0.0,0.0,0.0,0.0,0.0,0.0,0.0,0.0,0.0,1.0
2022-03-11,-0.0,0.0,0.0,0.0,0.0,0.0,0.0,0.0,0.0,0.0,0.0,0.0,0.0,0.0,0.0,0.0,0.0,0.0,0.0,1.0
2022-03-14,0.0,0.0,0.0,0.0,0.0,0.0,0.0,0.0,0.0,0.0,0.0,0.0,0.0,0.0,0.0,0.0,0.0,0.0,0.0,1.0
2022-03-15,0.0,0.0,0.0,0.0,0.0,0.0,0.0,0.0,0.0,0.0,0.0,0.0,0.0,0.0,0.0,0.0,0.0,0.0,0.0,1.0
2022-03-16,-0.0,0.0,0.0,0.0,0.0,0.0,0.0,0.0,0.0,0.0,0.0,0.0,0.0,0.0,0.0,0.0,0.0,0.0,0.0,1.0
2022-03-17,-0.0,0.0,0.0,0.0,0.0,0.0,0.0,0.0,0.0,0.0,0.0,0.0,0.0,0.0,0.0,0.0,0.0,0.0,0.0,1.0
2022-03-21,0.0,0.0,0.0,0.0,0.0,0.0,0.0,0.0,0.0,0.0,0.0,0.0,0.0,0.0,0.0,0.0,0.0,0.0,0.0,1.0
2022-03-22,-0.0,0.0,0.0,0.0,0.0,0.0,0.0,0.0,0.0,0.0,0.0,0.0,0.0,0.0,0.0,0.0,0.0,0.0,0.0,1.0
2022-03-23,0.0,0.0,0.0,0.0,0.0,0.0,0.0,0.0,0.0,0.0,0.0,0.0,0.0,0.0,0.0,0.0,0.0,0.0,0.0,1.0
2022-03-24,0.0,0.0,0.0,0.0,0.0,0.0,0.0,0.0,0.0,0.0,0.0,0.0,0.0,0.0,0.0,0.0,0.0,0.0,0.0,1.0
2022-03-25,-0.0,0.0,0.0,0.0,0.0,0.0,0.0,0.0,0.0,0.0,0.0,0.0,0.0,0.0,0.0,0.0,0.0,0.0,0.0,1.0
2022-03-28,-0.0,0.0,0.0,0.0,0.0,0.0,0.0,0.0,0.0,0.0,0.0,0.0,0.0,0.0,0.0,0.0,0.0,0.0,0.0,1.0
2022-03-29,0.0,0.0,0.0,0.0,0.0,0.0,0.0,0.0,0.0,0.0,0.0,0.0,0.0,0.0,0.0,0.0,0.0,0.0,0.0,1.0
2022-03-30,-0.0,0.0,0.0,0.0,0.0,0.0,0.0,0.0,0.0,0.0,0.0,0.0,0.0,0.0,0.0,0.0,0.0,0.0,0.0,1.0
2022-03-31,0.0,0.0,0.0,0.0,0.0,0.0,0.0,0.0,0.0,0.0,0.0,0.0,0.0,0.0,0.0,0.0,0.0,0.0,0.0,1.0
2022-04-01,0.0,0.0,0.0,0.0,0.0,0.0,0.0,0.0,0.0,0.0,0.0,0.0,0.0,0.0,0.0,0.0,0.0,0.0,0.0,1.0
2022-04-04,0.0,0.0,0.0,0.0,0.0,0.0,0.0,0.0,0.0,0.0,0.0,0.0,0.0,0.0,0.0,0.0,0.0,0.0,0.0,1.0
2022-04-05,0.0,0.0,0.0,0.0,0.0,0.0,0.0,0.0,0.0,0.0,0.0,0.0,0.0,0.0,0.0,0.0,0.0,0.0,0.0,1.0
2022-04-06,-0.0,0.0,0.0,0.0,0.0,0.0,0.0,0.0,0.0,0.0,0.0,0.0,0.0,0.0,0.0,0.0,0.0,0.0,0.0,1.0
2022-04-07,-0.0,0.0,0.0,0.0,0.0,0.0,0.0,0.0,0.0,0.0,0.0,0.0,0.0,0.0,0.0,0.0,0.0,0.0,0.0,1.0
2022-04-08,-0.0,0.0,0.0,0.0,0.0,0.0,0.0,0.0,0.0,0.0,0.0,0.0,0.0,0.0,0.0,0.0,0.0,0.0,0.0,1.0
2022-04-11,-0.0,0.0,0.0,0.0,0.0,0.0,0.0,0.0,0.0,0.0,0.0,0.0,0.0,0.0,0.0,0.0,0.0,0.0,0.0,1.0
2022-04-12,-0.001,0.0,0.0,0.0,0.0,0.0,0.0,0.0,0.0,0.0,0.0,0.0,0.0,0.0,0.0,0.0,0.0,0.0,-5.555555555555556e-05,0.9999444444444444
2022-04-13,0.021947720532384474,0.0,0.0,0.0,0.0,0.0,0.0,0.0,0.0,0.0,0.0,0.0,0.0,0.0,0.0,0.0,0.0,0.0,0.001219317807354693,1.0011636945119209
2022-04-18,0.015207511602402662,0.0,0.0,0.0,0.0,0.0,0.0,0.0,0.0,0.0,0.0,0.0,0.0,0.0,0.0,0.0,0.0,0.0,0.0008448617556890368,1.0020095394285984
2022-04-19,0.06469325643645678,0.0,0.0,0.0,0.0,0.0,0.0,0.0,0.0,0.0,0.0,0.0,0.0,0.0,0.0,0.0,0.0,0.0,0.0035940698020253768,1.0056108316556
2022-04-20,-0.02519443386825173,0.0,0.0,0.0,0.0,0.0,0.0,0.0,0.0,0.0,0.0,0.0,0.0,0.0,0.0,0.0,0.0,0.0,-0.0013996907704584294,1.0042032874558586
2022-04-21,-0.07887986441690921,0.0,0.0,0.0,0.0,0.0,0.0,0.0,0.0,0.0,0.0,0.0,0.0,0.0,0.0,0.0,0.0,0.0,-0.00438221468982829,0.9998026530579958
2022-04-22,0.06154655295170866,0.0,0.0,0.0,0.0,0.0,0.0,0.0,0.0,0.0,0.0,0.0,0.0,0.0,0.0,0.0,0.0,0.0,0.003419252941761592,1.0032212312206454
2022-04-25,0.004936993818165392,0.0,0.0,0.0,0.0,0.0,0.0,0.0,0.0,0.0,0.0,0.0,0.0,0.0,0.0,0.0,0.0,0.0,0.00027427743434252176,1.0034963921660225
2022-04-26,-0.02785024191481173,0.0,0.0,0.0,0.0,0.0,0.0,0.0,0.0,0.0,0.0,0.0,0.0,0.0,0.0,0.0,0.0,0.0,-0.0015472356619339852,1.0019437467614412
2022-04-27,0.0032099478345052083,0.0,0.0,0.0,0.0,0.0,0.0,0.0,0.0,0.0,0.0,0.0,0.0,0.0,0.0,0.0,0.0,0.0,0.00017833043525028935,1.0021224238258974
2022-04-28,-0.05951302601403162,0.0,0.0,0.0,0.0,0.0,0.0,0.0,0.0,0.0,0.0,0.0,0.0,0.0,0.0,0.0,0.0,0.0,-0.0033062792230017565,0.9988091272770977
2022-04-29,-0.047349612939521744,0.0,0.0,0.0,0.0,0.0,0.0,0.0,0.0,0.0,0.0,0.0,0.0,0.0,0.0,0.0,0.0,0.0,-0.0026305340521956527,0.9961817258561515
2022-05-02,0.0500044703546805,0.0,0.0,0.0,0.0,0.0,0.0,0.0,0.0,0.0,0.0,0.0,0.0,0.0,0.0,0.0,0.0,0.0,0.0027780261308155835,0.998949144721621
2022-05-04,-0.036898253691195475,0.0,0.0,0.0,0.0,0.0,0.0,0.0,0.0,0.0,0.0,0.0,0.0,0.0,0.0,0.0,0.0,0.0,-0.002049902982844193,0.9969013958901465
2022-05-05,-0.048845927358325804,0.0,0.0,0.0,0.0,0.0,0.0,0.0,0.0,0.0,0.0,0.0,0.0,0.0,0.0,0.0,0.0,0.0,-0.0027136626310181,0.9941961418253096
2022-05-06,0.0,0.0,0.0,0.0,0.0,0.0,0.0,0.0,0.0,0.0,0.0,0.0,0.0,0.0,0.0,0.0,0.0,0.0,0.0,0.9941961418253096
2022-05-09,0.0,0.0,0.0,0.0,0.0,0.0,0.0,0.0,0.0,0.0,0.0,0.0,0.0,0.0,0.0,0.0,0.0,0.0,0.0,0.9941961418253096
2022-05-10,-0.0,0.0,0.0,0.0,0.0,0.0,0.0,0.0,0.0,0.0,0.0,0.0,0.0,0.0,0.0,0.0,0.0,0.0,0.0,0.9941961418253096
2022-05-11,-0.0,0.0,0.0,0.0,0.0,0.0,0.0,0.0,0.0,0.0,0.0,0.0,0.0,0.0,0.0,0.0,0.0,0.0,0.0,0.9941961418253096
2022-05-12,0.0,0.0,0.0,0.0,0.0,0.0,0.0,0.0,0.0,0.0,0.0,0.0,0.0,0.0,0.0,0.0,0.0,0.0,0.0,0.9941961418253096
2022-05-13,-0.0,0.0,0.0,0.0,0.0,0.0,0.0,0.0,0.0,0.0,0.0,0.0,0.0,0.0,0.0,0.0,0.0,0.0,0.0,0.9941961418253096
2022-05-16,-0.0,0.0,0.0,0.0,0.0,0.0,0.0,0.0,0.0,0.0,0.0,0.0,0.0,0.0,0.0,0.0,0.0,0.0,0.0,0.9941961418253096
2022-05-17,-0.001,0.0,0.0,0.0,0.0,0.0,0.0,0.0,0.0,0.0,0.0,0.0,0.0,0.0,0.0,0.0,0.0,0.0,-5.555555555555556e-05,0.9941409087063192
2022-05-18,0.005661431092785081,0.0,0.0,0.0,0.0,0.0,0.0,0.0,0.0,0.0,0.0,0.0,0.0,0.0,0.0,0.0,0.0,0.0,0.00031452394959917114,0.9944535898313837
2022-05-19,0.004118033911684416,0.0,0.0,0.0,0.0,0.0,0.0,0.0,0.0,0.0,0.0,0.0,0.0,0.0,0.0,0.0,0.0,0.0,0.00022877966176024532,0.9946811005873014
2022-05-20,-0.031059312130665585,0.0,0.0,0.0,0.0,0.0,0.0,0.0,0.0,0.0,0.0,0.0,0.0,0.0,0.0,0.0,0.0,0.0,-0.0017255173405925325,0.9929647610998783
2022-05-23,0.006618022495473348,0.0,0.0,0.0,0.0,0.0,0.0,0.0,0.0,0.0,0.0,0.0,0.0,0.0,0.0,0.0,0.0,0.0,0.00036766791641518605,0.9933298423846657
2022-05-24,-0.018046977896577967,0.0,0.0,0.0,0.0,0.0,0.0,0.0,0.0,0.0,0.0,0.0,0.0,0.0,0.0,0.0,0.0,0.0,-0.0010026098831432205,0.9923339200674697
2022-05-25,-0.013004939909585149,-0.0,0.0,0.0,0.0,0.0,0.0,0.0,0.0,0.0,0.0,0.0,0.0,0.0,0.0,0.0,0.0,0.0,-0.0007224966616436193,0.9916169621229852
2022-05-26,-0.028655517664528042,0.0,-0.0,0.0,0.0,0.0,0.0,0.0,0.0,0.0,0.0,0.0,0.0,0.0,0.0,0.0,0.0,0.0,-0.0015919732035848911,0.9900383344910653
2022-05-27,-0.018880479680578807,0.0,0.0,0.0,0.0,0.0,0.0,0.0,0.0,0.0,0.0,0.0,0.0,0.0,0.0,0.0,0.0,0.0,-0.0010489155378099338,0.9889998678989901
2022-05-30,-0.010633701945342211,0.0,-0.0,0.0,0.0,0.0,0.0,0.0,0.0,0.0,0.0,0.0,0.0,0.0,0.0,0.0,0.0,0.0,-0.0005907612191856784,0.9884156051312556
2022-05-31,0.0009755158825018925,-0.0,-0.0,0.0,0.0,0.0,0.0,0.0,0.0,0.0,0.0,0.0,0.0,0.0,0.0,0.0,0.0,0.0,5.419532680566069e-05,0.9884691726379955
2022-06-01,-0.0009188079039444863,-0.0,-0.0,0.0,0.0,0.0,0.0,0.0,0.0,0.0,0.0,0.0,0.0,0.0,0.0,0.0,0.0,0.0,-5.104488355247146e-05,0.988418716344183
2022-06-02,0.005377380798059095,0.0,-0.0,0.0,0.0,0.0,0.0,0.0,0.0,0.0,0.0,0.0,0.0,0.0,0.0,0.0,0.0,0.0,0.0002987433776699497,0.9887139998900559
2022-06-03,0.0027193912418587403,0.0,0.0,0.0,0.0,0.0,0.0,0.0,0.0,0.0,0.0,0.0,0.0,0.0,0.0,0.0,0.0,0.0,0.00015107729121437445,0.988863372122945
2022-06-06,-0.0,-0.0,-0.0,0.0,0.0,0.0,0.0,0.0,0.0,0.0,0.0,0.0,0.0,0.0,0.0,0.0,0.0,0.0,0.0,0.988863372122945
2022-06-07,-0.0,-0.0,0.0,0.0,0.0,0.0,0.0,0.0,0.0,0.0,0.0,0.0,0.0,0.0,0.0,0.0,0.0,0.0,0.0,0.988863372122945
2022-06-08,0.0,0.0,-0.0,0.0,0.0,0.0,0.0,0.0,0.0,0.0,0.0,0.0,0.0,0.0,0.0,0.0,0.0,0.0,0.0,0.988863372122945
2022-06-09,-0.0,-0.0,0.0,0.0,0.0,0.0,0.0,0.0,0.0,0.0,0.0,0.0,0.0,0.0,0.0,0.0,0.0,0.0,0.0,0.988863372122945
2022-06-10,0.0,-0.0,0.0,0.0,0.0,0.0,0.0,0.0,0.0,0.0,0.0,0.0,0.0,0.0,0.0,0.0,0.0,0.0,0.0,0.988863372122945
2022-06-13,0.0,-0.0,0.0,0.0,0.0,0.0,0.0,0.0,0.0,0.0,0.0,0.0,0.0,0.0,0.0,0.0,0.0,0.0,0.0,0.988863372122945
2022-06-14,-0.0,0.0,-0.0,0.0,0.0,0.0,0.0,0.0,0.0,0.0,0.0,0.0,0.0,0.0,0.0,0.0,0.0,0.0,0.0,0.988863372122945
2022-06-15,-0.0,-0.0,-0.0,0.0,0.0,0.0,0.0,0.0,0.0,0.0,0.0,0.0,0.0,0.0,0.0,0.0,0.0,0.0,0.0,0.988863372122945
2022-06-16,0.0,-0.0,0.0,0.0,0.0,0.0,0.0,0.0,0.0,0.0,0.0,0.0,0.0,0.0,0.0,0.0,0.0,0.0,0.0,0.988863372122945
2022-06-17,0.0,-0.0,-0.0,0.0,0.0,0.0,0.0,0.0,0.0,0.0,0.0,0.0,0.0,0.0,0.0,0.0,0.0,0.0,0.0,0.988863372122945
2022-06-20,0.0,-0.0,0.0,0.0,0.0,0.0,0.0,0.0,0.0,0.0,0.0,0.0,0.0,0.0,0.0,0.0,0.0,0.0,0.0,0.988863372122945
2022-06-21,0.0,0.0,-0.001,0.0,0.0,0.0,0.0,0.0,0.0,0.0,0.0,0.0,0.0,0.0,0.0,0.0,0.0,0.0,-5.555555555555556e-05,0.9888084352689381
2022-06-22,0.0,-0.0,-0.12912063293574055,0.0,0.0,0.0,0.0,0.0,0.0,0.0,0.0,0.0,0.0,0.0,0.0,0.0,0.0,0.0,-0.007173368496430031,0.9817153479903756
2022-06-23,-0.0,0.0,-0.004688014589583756,0.0,0.0,0.0,0.0,0.0,0.0,0.0,0.0,0.0,0.0,0.0,0.0,0.0,0.0,0.0,-0.0002604452549768753,0.9814596648862535
2022-06-24,0.0,-0.0,0.01907416944206932,0.0,0.0,0.0,0.0,0.0,0.0,0.0,0.0,0.0,0.0,0.0,0.0,0.0,0.0,0.0,0.0010596760801149623,0.982499694216731
2022-06-27,0.0,0.0,0.03371657325833998,0.0,0.0,0.0,0.0,0.0,0.0,0.0,0.0,0.0,0.0,0.0,0.0,0.0,0.0,0.0,0.0018731429587966657,0.9843400566009729
2022-06-28,-0.0,-0.001,0.0103749883578572,0.0,0.0,0.0,0.0,0.0,0.0,0.0,0.0,0.0,0.0,0.0,0.0,0.0,0.0,0.0,0.0005208326865476222,0.9848527330771287
2022-06-29,0.0,0.014512463088426233,0.007658929900290004,0.0,0.0,0.0,0.0,0.0,0.0,0.0,0.0,0.0,0.0,0.0,0.0,0.0,0.0,0.0,0.00123174405492868,0.9860658195760769
2022-06-30,-0.0,0.00701862350715556,0.005028288193743463,0.0,0.0,0.0,0.0,0.0,0.0,0.0,0.0,0.0,0.0,0.0,0.0,0.0,0.0,0.0,0.000669272872272168,0.9867257666793939
2022-07-01,0.0,0.0016923589722937938,-0.025548111659103284,0.0,0.0,0.0,0.0,0.0,0.0,0.0,0.0,0.0,0.0,0.0,0.0,0.0,0.0,0.0,-0.0013253195937116384,0.9854180396871937
2022-07-04,0.0,-0.01331907374298435,0.018392079146217495,0.0,0.0,0.0,0.0,0.0,0.0,0.0,0.0,0.0,0.0,0.0,0.0,0.0,0.0,0.0,0.0002818336335129525,0.9856957636338478
2022-07-05,0.0,0.003671608639227001,-0.0023071152072492505,0.0,0.0,0.0,0.0,0.0,0.0,0.0,0.0,0.0,0.0,0.0,0.0,0.0,0.0,0.0,7.580519066543058e-05,0.9857704844891483
2022-07-06,0.0,-0.002109273153934102,-0.0033559670665994717,0.0,0.0,0.0,0.0,0.0,0.0,0.0,0.0,0.0,0.0,0.0,0.0,0.0,0.0,0.0,-0.00030362445669630963,0.9854711804613681
2022-07-07,0.0,0.0006347646042720442,-0.037397162941197444,0.0,0.0,0.0,0.0,0.0,0.0,0.0,0.0,0.0,0.0,0.0,0.0,0.0,0.0,0.0,-0.0020423554631625223,0.9834584980121636
2022-07-08,-0.0,0.007485551370071721,0.014427139169203573,0.0,0.0,0.0,0.0,0.0,0.0,0.0,0.0,0.0,0.0,0.0,0.0,0.0,0.0,0.0,0.001217371696626405,0.9846557325524503
2022-07-11,0.0,-0.0,-0.014679808722504031,0.0,0.0,0.0,0.0,0.0,0.0,0.0,0.0,0.0,0.0,0.0,0.0,0.0,0.0,0.0,-0.0008155449290280017,0.9838527015629288
2022-07-12,0.0,-0.001,0.0018027628326016637,0.0,0.0,0.0,0.0,0.0,0.0,0.0,0.0,0.0,0.0,0.0,0.0,0.0,0.0,0.0,4.459793514453687e-05,0.9838965793619048
2022-07-13,0.0,-0.007507637306647337,-0.02383082078895112,0.0,0.0,0.0,0.0,0.0,0.0,0.0,0.0,0.0,0.0,0.0,0.0,0.0,0.0,0.0,-0.00174102544975547,0.9821835903773083
2022-07-14,0.0,-0.009092109240590833,0.00874400223297105,0.0,0.0,0.0,0.0,0.0,0.0,0.0,0.0,0.0,0.0,0.0,0.0,0.0,0.0,0.0,-1.9339278201099086e-05,0.9821645956556094
2022-07-15,0.0,-0.020904515538908982,0.00318538337125626,0.0,0.0,0.0,0.0,0.0,0.0,0.0,0.0,0.0,0.0,0.0,0.0,0.0,0.0,0.0,-0.0009843962315362624,0.9811977565288977
2022-07-18,0.0,0.00029217957079820736,-0.009319282423861357,0.0,0.0,0.0,0.0,0.0,0.0,0.0,0.0,0.0,0.0,0.0,0.0,0.0,0.0,0.0,-0.0005015057140590639,0.9807056802473766
2022-07-19,0.0,-0.0005019938805997928,-0.0,0.0,0.0,0.0,0.0,0.0,0.0,0.0,0.0,0.0,0.0,0.0,0.0,0.0,0.0,0.0,-2.788854892221071e-05,0.9806783297890347
2022-07-20,0.0,0.011078977535089723,-0.0,0.0,0.0,0.0,0.0,0.0,0.0,0.0,0.0,0.0,0.0,0.0,0.0,0.0,0.0,0.0,0.0006154987519494291,0.9812819360770836
2022-07-21,0.0,0.00020841776931281118,-0.0,0.0,0.0,0.0,0.0,0.0,0.0,0.0,0.0,0.0,0.0,0.0,0.0,0.0,0.0,0.0,1.1578764961822844e-05,0.9812932981099826
2022-07-22,0.0,-0.003574893918535946,-0.001,0.0,0.0,0.0,0.0,0.0,0.0,0.0,0.0,0.0,0.0,0.0,0.0,0.0,0.0,0.0,-0.000254160773251997,0.9810438918465479
2022-07-25,0.0,0.012801625994665977,-0.07446670065083419,0.0,0.0,0.0,0.0,0.0,0.0,0.0,0.0,0.0,0.0,0.0,0.0,0.0,0.0,0.0,-0.0034258374808982337,0.9776829949114538
2022-07-26,0.0,-0.01760236440928073,0.06632572771217574,0.0,0.0,0.0,0.0,0.0,0.0,0.0,0.0,0.0,0.0,0.0,0.0,0.0,0.0,0.0,0.0027068535168275005,0.9803294395645724
2022-07-27,0.0,0.0163812533572885,-0.044694444745620676,0.0,0.0,0.0,0.0,0.0,0.0,0.0,0.0,0.0,0.0,0.0,0.0,0.0,0.0,0.0,-0.0015729550771295653,0.9787874253953498
2022-07-28,0.0,0.018207050294719796,-0.20996609688132423,0.0,0.0,0.0,0.0,0.0,0.0,0.0,0.0,0.0,0.0,0.0,0.0,0.0,0.0,0.0,-0.010653280365922467,0.9683601285339737
2022-07-29,0.0,0.0018919540354192027,-0.3032917916589951,0.0,0.0,0.0,0.0,0.0,0.0,0.0,0.0,0.0,0.0,0.0,0.0,0.0,0.0,0.0,-0.016744435423531996,0.9521454848950134
2022-08-01,0.0,0.003881091784463547,-0.01029929391181307,0.0,0.0,0.0,0.0,0.0,0.0,0.0,0.0,0.0,0.0,0.0,0.0,0.0,0.0,0.0,-0.00035656678485275126,0.9518059814407523
2022-08-02,0.0,0.0006727296530592464,0.0648733593052992,0.0,0.0,0.0,0.0,0.0,0.0,0.0,0.0,0.0,0.0,0.0,0.0,0.0,0.0,0.0,0.003641449386575469,0.9552719347480086
2022-08-03,0.0,0.003569361376756708,0.004277921956554487,0.0,0.0,0.0,0.0,0.0,0.0,0.0,0.0,0.0,0.0,0.0,0.0,0.0,0.0,0.0,0.00043596018518395524,0.9556883952775824
2022-08-04,0.0,0.00033535022224941667,-0.009719002382996018,0.0,0.0,0.0,0.0,0.0,0.0,0.0,0.0,0.0,0.0,0.0,0.0,0.0,0.0,0.0,-0.0005213140089303667,0.955190181528952
2022-08-05,0.0,-0.0018281901486301092,0.019395316667879664,0.0,0.0,0.0,0.0,0.0,0.0,0.0,0.0,0.0,0.0,0.0,0.0,0.0,0.0,0.0,0.000975951473291642,0.9561224007938889
2022-08-08,0.0,0.0,0.009778365497129425,0.0,0.0,0.0,0.0,0.0,0.0,0.0,0.0,0.0,0.0,0.0,0.0,0.0,0.0,0.0,0.0005432425276183014,0.9566418071436087
2022-08-10,0.0,-0.0,-0.08933178832934272,0.0,0.0,0.0,0.0,0.0,0.0,0.0,0.0,0.0,0.0,0.0,0.0,0.0,0.0,0.0,-0.004962877129407929,0.9518941113979003
2022-08-11,0.0,0.0,0.009725923230355104,0.0,0.0,0.0,0.0,0.0,0.0,0.0,0.0,0.0,0.0,0.0,0.0,0.0,0.0,0.0,0.0005403290683530614,0.9524084474562826
2022-08-12,0.0,-0.0,-0.15128333982737205,0.0,0.0,0.0,0.0,0.0,0.0,0.0,0.0,0.0,0.0,0.0,0.0,0.0,0.0,0.0,-0.008404629990409558,0.9444038068556722
2022-08-16,0.0,-0.0,-0.021372463732751094,0.0,0.0,0.0,0.0,0.0,0.0,0.0,0.0,0.0,0.0,0.0,0.0,0.0,0.0,0.0,-0.0011873590962639497,0.9432824604050557
2022-08-17,0.0,0.0,0.01926424424310451,0.0,0.0,0.0,0.0,0.0,0.0,0.0,0.0,0.0,0.0,0.0,0.0,0.0,0.0,0.0,0.001070235791283584,0.9442919950554711
2022-08-18,0.0,-0.0,-0.0009117115366306327,0.0,0.0,0.0,0.0,0.0,0.0,0.0,0.0,0.0,0.0,0.0,0.0,0.0,0.0,0.0,-5.065064092392404e-05,0.9442441660607023
2022-08-19,0.0,-0.0,0.09051123365178718,0.0,0.0,0.0,0.0,0.0,0.0,0.0,0.0,0.0,0.0,0.0,0.0,0.0,0.0,0.0,0.005028401869543732,0.9489922051906277
2022-08-22,0.0,0.0,0.0,0.0,0.0,0.0,0.0,0.0,0.0,0.0,0.0,0.0,0.0,0.0,0.0,0.0,0.0,0.0,0.0,0.9489922051906277
2022-08-23,0.0,-0.0,-0.0,0.0,0.0,0.0,0.0,0.0,0.0,0.0,0.0,0.0,0.0,0.0,0.0,0.0,0.0,0.0,0.0,0.9489922051906277
2022-08-24,0.0,-0.0,0.0,0.0,0.0,0.0,0.0,0.0,0.0,0.0,0.0,0.0,0.0,0.0,0.0,0.0,0.0,0.0,0.0,0.9489922051906277
2022-08-25,0.0,-0.0,0.0,-0.0,0.0,0.0,0.0,0.0,0.0,0.0,0.0,0.0,0.0,0.0,0.0,0.0,0.0,0.0,0.0,0.9489922051906277
2022-08-26,0.0,-0.0,-0.0,0.0,-0.0,0.0,0.0,0.0,0.0,0.0,0.0,0.0,0.0,0.0,0.0,0.0,0.0,0.0,0.0,0.9489922051906277
2022-08-29,0.0,-0.0,0.0,-0.0,0.0,0.0,0.0,0.0,0.0,0.0,0.0,0.0,0.0,0.0,0.0,0.0,0.0,0.0,0.0,0.9489922051906277
2022-08-30,0.0,0.0,-0.0,0.0,-0.0,0.0,0.0,0.0,0.0,0.0,0.0,0.0,0.0,0.0,0.0,0.0,0.0,0.0,0.0,0.9489922051906277
2022-09-01,0.0,-0.0,0.0,-0.0,0.0,0.0,0.0,0.0,0.0,0.0,0.0,0.0,0.0,0.0,0.0,0.0,0.0,0.0,0.0,0.9489922051906277
2022-09-02,0.0,-0.0,0.0,-0.0,0.0,0.0,0.0,0.0,0.0,0.0,0.0,0.0,0.0,0.0,0.0,0.0,0.0,0.0,0.0,0.9489922051906277
2022-09-05,0.0,0.0,-0.0,0.0,-0.0,0.0,0.0,0.0,0.0,0.0,0.0,0.0,0.0,0.0,0.0,0.0,0.0,0.0,0.0,0.9489922051906277
2022-09-06,0.0,0.0,-0.001,0.0,-0.0,0.0,0.0,0.0,0.0,0.0,0.0,0.0,0.0,0.0,0.0,0.0,0.0,0.0,-5.555555555555556e-05,0.9489394834014504
2022-09-07,0.0,-0.0,0.047925699063402036,-0.0,0.0,0.0,0.0,0.0,0.0,0.0,0.0,0.0,0.0,0.0,0.0,0.0,0.0,0.0,0.002662538836855669,0.9514660716298325
2022-09-08,0.0,-0.0,0.07745857434288751,-0.0,0.0,0.0,0.0,0.0,0.0,0.0,0.0,0.0,0.0,0.0,0.0,0.0,0.0,0.0,0.0043032541301604174,0.9555604719322811
2022-09-09,0.0,0.0,0.008346430614553405,0.0,0.0,0.0,0.0,0.0,0.0,0.0,0.0,0.0,0.0,0.0,0.0,0.0,0.0,0.0,0.0004636905896974114,0.9560035563310029
2022-09-12,0.0,-0.001,-0.06701630967648012,0.0,-0.0,0.0,0.0,0.0,0.0,0.0,0.0,0.0,0.0,0.0,0.0,0.0,0.0,0.0,-0.003778683870915562,0.9523911211121571
2022-09-13,0.0,-0.00027536591051744596,0.004968369104416338,0.0,0.0,0.0,0.0,0.0,0.0,0.0,0.0,0.0,0.0,0.0,0.0,0.0,0.0,0.0,0.00026072239966104955,0.9526394308106694
2022-09-14,0.0,0.02008349284349826,-0.001,-0.0,-0.0,0.0,0.0,0.0,0.0,0.0,0.0,0.0,0.0,0.0,0.0,0.0,0.0,0.0,0.0010601940468610144,0.95364941346402
2022-09-15,0.0,0.008535826944077233,-0.03656420783683266,-0.0,0.0,0.0,0.0,0.0,0.0,0.0,0.0,0.0,0.0,0.0,0.0,0.0,0.0,0.0,-0.0015571322718197459,0.9521644551863132
2022-09-16,0.0,0.013406770871178447,-0.014349529199938975,-0.0,0.0,0.0,0.0,0.0,0.0,0.0,0.0,0.0,0.0,0.0,0.0,0.0,0.0,0.0,-5.2375462708918204e-05,0.9521145851323979
2022-09-19,0.0,-2.477270587481666e-05,-0.017909615432973734,-0.0,0.0,0.0,0.0,0.0,0.0,0.0,0.0,0.0,0.0,0.0,0.0,0.0,0.0,0.0,-0.0009963548966026971,0.9511659411033744
2022-09-20,0.0,0.0,0.008969493017667484,0.0,-0.0,0.0,0.0,0.0,0.0,0.0,0.0,0.0,0.0,0.0,0.0,0.0,0.0,0.0,0.0004983051676481936,0.9516399120071171
2022-09-21,0.0,-0.0,-0.001281222161726719,-0.0,0.0,0.0,0.0,0.0,0.0,0.0,0.0,0.0,0.0,0.0,0.0,0.0,0.0,0.0,-7.117900898481772e-05,0.95157217522127
2022-09-22,0.0,0.0,0.004802896021516375,-0.0,-0.0,0.0,0.0,0.0,0.0,0.0,0.0,0.0,0.0,0.0,0.0,0.0,0.0,0.0,0.0002668275567509097,0.9518260808998565
2022-09-23,0.0,0.0,0.01855615375228223,-0.0,-0.0,0.0,0.0,0.0,0.0,0.0,0.0,0.0,0.0,0.0,0.0,0.0,0.0,0.0,0.001030897430682346,0.9528073159611126
2022-09-26,0.0,0.0,-0.017515266558690595,0.0,0.0,0.0,0.0,0.0,0.0,0.0,0.0,0.0,0.0,0.0,0.0,0.0,0.0,0.0,-0.0009730703643716997,0.9518801673989943
2022-09-27,0.0,0.0,-0.030894459738226528,0.0,0.0,0.0,0.0,0.0,0.0,0.0,0.0,0.0,0.0,0.0,0.0,0.0,0.0,0.0,-0.0017163588743459182,0.9502463994263651
2022-09-28,0.0,-0.0,0.0,0.0,0.0,0.0,0.0,0.0,0.0,0.0,0.0,0.0,0.0,0.0,0.0,0.0,0.0,0.0,0.0,0.9502463994263651
2022-09-29,0.0,0.0,-0.0,0.0,-0.0,0.0,0.0,0.0,0.0,0.0,0.0,0.0,0.0,0.0,0.0,0.0,0.0,0.0,0.0,0.9502463994263651
2022-09-30,0.0,0.0,-0.0,0.0,-0.0,0.0,0.0,0.0,0.0,0.0,0.0,0.0,0.0,0.0,0.0,0.0,0.0,0.0,0.0,0.9502463994263651
2022-10-03,0.0,-0.0,0.0,-0.0,0.0,0.0,0.0,0.0,0.0,0.0,0.0,0.0,0.0,0.0,0.0,0.0,0.0,0.0,0.0,0.9502463994263651
2022-10-04,0.0,0.0,-0.0,0.0,-0.0,0.0,0.0,0.0,0.0,0.0,0.0,0.0,0.0,0.0,0.0,0.0,0.0,0.0,0.0,0.9502463994263651
2022-10-06,0.0,0.0,-0.0,0.0,-0.0,0.0,0.0,0.0,0.0,0.0,0.0,0.0,0.0,0.0,0.0,0.0,0.0,0.0,0.0,0.9502463994263651
2022-10-07,0.0,-0.0,0.0,-0.0,0.0,0.0,0.0,0.0,0.0,0.0,0.0,0.0,0.0,0.0,0.0,0.0,0.0,0.0,0.0,0.9502463994263651
2022-10-10,0.0,0.0,0.0,0.0,0.0,0.0,0.0,0.0,0.0,0.0,0.0,0.0,0.0,0.0,0.0,0.0,0.0,0.0,0.0,0.9502463994263651
2022-10-11,0.0,-0.0,0.0,-0.0,0.0,0.0,0.0,0.0,0.0,0.0,0.0,0.0,0.0,0.0,0.0,0.0,0.0,0.0,0.0,0.9502463994263651
2022-10-12,0.0,0.0,0.0,0.0,0.0,0.0,0.0,0.0,0.0,0.0,0.0,0.0,0.0,0.0,0.0,0.0,0.0,0.0,0.0,0.9502463994263651
2022-10-13,0.0,0.0,0.0,0.0,0.0,0.0,0.0,0.0,0.0,0.0,0.0,0.0,0.0,0.0,0.0,0.0,0.0,0.0,0.0,0.9502463994263651
2022-10-14,0.0,0.0,0.0,0.0,-0.0,0.0,0.0,0.0,0.0,0.0,0.0,0.0,0.0,0.0,0.0,0.0,0.0,0.0,0.0,0.9502463994263651
2022-10-17,0.0,0.0,0.0,-0.001,0.0,0.0,0.0,0.0,0.0,0.0,0.0,0.0,0.0,0.0,0.0,0.0,0.0,0.0,-5.555555555555556e-05,0.9501936079597303
2022-10-18,0.0,0.0,0.0,0.012146730641112446,-0.0,0.0,0.0,0.0,0.0,0.0,0.0,0.0,0.0,0.0,0.0,0.0,0.0,0.0,0.0006748183689506914,0.9508348160604411
2022-10-19,0.0,0.0,0.0,-0.0016774521874789873,0.0,0.0,0.0,0.0,0.0,0.0,0.0,0.0,0.0,0.0,0.0,0.0,0.0,0.0,-9.319178819327707e-05,0.950746206063656
2022-10-20,0.0,0.0,0.0,0.0184334121829012,-0.0,0.0,0.0,0.0,0.0,0.0,0.0,0.0,0.0,0.0,0.0,0.0,0.0,0.0,0.0010240784546056223,0.9517198447690838
2022-10-21,0.0,0.0,0.0,0.01183827139394527,0.0,0.0,0.0,0.0,0.0,0.0,0.0,0.0,0.0,0.0,0.0,0.0,0.0,0.0,0.0006576817441080705,0.9523457735364936
2022-10-24,0.0,0.0,0.0,0.0009598703214374151,-0.0,0.0,0.0,0.0,0.0,0.0,0.0,0.0,0.0,0.0,0.0,0.0,0.0,0.0,5.332612896874529e-05,0.9523965584500361
2022-10-25,0.0,0.0,0.0,-0.00501235863030191,0.0,0.0,0.0,0.0,0.0,0.0,0.0,0.0,0.0,0.0,0.0,0.0,0.0,0.0,-0.00027846436835010614,0.9521313499439685
2022-10-27,0.0,0.0,0.0,0.006415934826805858,-0.0,0.0,0.0,0.0,0.0,0.0,0.0,0.0,0.0,0.0,0.0,0.0,0.0,0.0,0.00035644082371143654,0.952470728426624
2022-10-28,0.0,0.0,0.0,-0.0033032090781271364,0.0,0.0,0.0,0.0,0.0,0.0,0.0,0.0,0.0,0.0,0.0,0.0,0.0,0.0,-0.00018351161545150757,0.9522959389845801
2022-10-31,0.0,0.0,0.0,0.0040005313429119045,0.0,0.0,0.0,0.0,0.0,0.0,0.0,0.0,0.0,0.0,0.0,0.0,0.0,0.0,0.0002222517412728836,0.9525075884152265
2022-11-01,0.0,0.0,0.0,0.0039451718717190155,0.0,0.0,0.0,0.0,0.0,0.0,0.0,0.0,0.0,0.0,0.0,0.0,0.0,0.0,0.00021917621509550086,0.9527163554233052
2022-11-02,0.0,0.0,0.0,-0.010420842766323542,-0.0,0.0,0.0,0.0,0.0,0.0,0.0,0.0,0.0,0.0,0.0,0.0,0.0,0.0,-0.0005789357092401968,0.9521647939043736
2022-11-03,0.0,0.0,0.0,0.006889427794114769,-0.0,0.0,0.0,0.0,0.0,0.0,0.0,0.0,0.0,0.0,0.0,0.0,0.0,0.0,0.0003827459885619316,0.9525292311596903
2022-11-04,0.0,0.0,0.0,-0.001914776150348034,-0.0,0.0,0.0,0.0,0.0,0.0,0.0,0.0,0.0,0.0,0.0,0.0,0.0,0.0,-0.000106376452797113,0.952427904478894
2022-11-07,0.0,0.0,0.0,-0.001395916922837946,-0.0,0.0,0.0,0.0,0.0,0.0,0.0,0.0,0.0,0.0,0.0,0.0,0.0,0.0,-7.755094015766366e-05,0.9523540427994692
2022-11-09,0.0,0.0,0.0,0.009359054381694688,0.0,0.0,0.0,0.0,0.0,0.0,0.0,0.0,0.0,0.0,0.0,0.0,0.0,0.0,0.0005199474656497049,0.952849216870424
2022-11-10,0.0,0.0,0.0,0.0010325516516023255,0.0,0.0,0.0,0.0,0.0,0.0,0.0,0.0,0.0,0.0,0.0,0.0,0.0,0.0,5.736398064457364e-05,0.9529038760944577
2022-11-11,0.0,0.0,0.0,0.016001464460624282,-0.001,0.0,0.0,0.0,0.0,0.0,0.0,0.0,0.0,0.0,0.0,0.0,0.0,0.0,0.0008334146922569045,0.9536980401851033
2022-11-14,0.0,0.0,0.0,0.0033316339660986695,-0.11687177069917906,0.0,0.0,0.0,0.0,0.0,0.0,0.0,0.0,0.0,0.0,0.0,0.0,0.0,-0.0063077853740600215,0.9476823176359539
2022-11-15,0.0,0.0,0.0,0.0,0.01935213349226375,0.0,0.0,0.0,0.0,0.0,0.0,0.0,0.0,0.0,0.0,0.0,0.0,0.0,0.0010751185273479861,0.9487011884536845
2022-11-16,0.0,0.0,0.0,-0.0,0.18390708772026665,0.0,0.0,0.0,0.0,0.0,0.0,0.0,0.0,0.0,0.0,0.0,0.0,0.0,0.010217060428903703,0.9583941258250886
2022-11-17,0.0,0.0,0.0,-0.0,0.07383722158842508,0.0,0.0,0.0,0.0,0.0,0.0,0.0,0.0,0.0,0.0,0.0,0.0,0.0,0.004102067866023616,0.9623255235716215
2022-11-18,0.0,0.0,0.0,0.0,0.03648612029026427,0.0,0.0,0.0,0.0,0.0,0.0,0.0,0.0,0.0,0.0,0.0,0.0,0.0,0.0020270066827924593,0.964276163838923
2022-11-21,0.0,0.0,0.0,0.0,0.11712769212506147,0.0,0.0,0.0,0.0,0.0,0.0,0.0,0.0,0.0,0.0,0.0,0.0,0.0,0.0065070940069478595,0.9705507994856819
2022-11-22,0.0,0.0,0.0,0.0,-0.08705549730885287,0.0,0.0,0.0,0.0,0.0,0.0,0.0,0.0,0.0,0.0,0.0,0.0,0.0,-0.004836416517158493,0.9658568115683079
2022-11-23,0.0,0.0,0.0,0.0,-0.010210386303642412,0.0,0.0,0.0,0.0,0.0,0.0,0.0,0.0,0.0,0.0,0.0,0.0,0.0,-0.0005672436835356896,0.9653089353927459
2022-11-24,0.0,0.0,0.0,0.0,0.0018985833880421198,0.0,0.0,0.0,0.0,0.0,0.0,0.0,0.0,0.0,0.0,0.0,0.0,0.0,0.00010547685489122888,0.9654107531432494
2022-11-25,0.0,0.0,0.0,-0.0,-0.07949211368055159,-0.0,0.0,-0.0,0.0,0.0,0.0,0.0,0.0,0.0,0.0,0.0,0.0,0.0,-0.004416228537808421,0.9611472786245111
2022-11-28,0.0,0.0,0.0,-0.0,0.13527804682906816,-0.0,-0.0,0.0,0.0,0.0,0.0,0.0,0.0,0.0,0.0,0.0,0.0,0.0,0.007515447046059342,0.9683707301004778
2022-11-29,0.0,0.0,0.0,0.0,-0.11855284103430846,0.0,0.0,0.0,0.0,0.0,0.0,0.0,0.0,0.0,0.0,0.0,0.0,0.0,-0.00658626894635047,0.9619927800322623
2022-11-30,0.0,0.0,0.0,-0.0,-0.16848905969343042,-0.0,-0.0,0.0,0.0,0.0,0.0,0.0,0.0,0.0,0.0,0.0,0.0,0.0,-0.00936050331630169,0.952988043424512
2022-12-01,0.0,0.0,0.0,0.0,-0.33329522300462305,-0.0,0.0,-0.0,0.0,0.0,0.0,0.0,0.0,0.0,0.0,0.0,0.0,0.0,-0.018516401278034614,0.9353421343992947
2022-12-02,0.0,0.0,0.0,0.0,-0.12140879985308232,0.0,0.0,-0.0,0.0,0.0,0.0,0.0,0.0,0.0,0.0,0.0,0.0,0.0,-0.0067449333251712405,0.9290333140665481
2022-12-05,0.0,0.0,0.0,-0.0,-0.27280017666616113,-0.0,-0.0,-0.0,0.0,0.0,0.0,0.0,0.0,0.0,0.0,0.0,0.0,0.0,-0.015155565370342286,0.9149532889439869
2022-12-06,0.0,0.0,0.0,-0.0,0.17572965815984296,0.0,0.0,-0.0,0.0,0.0,0.0,0.0,0.0,0.0,0.0,0.0,0.0,0.0,0.009762758786657942,0.9238857572050064
2022-12-07,0.0,0.0,0.0,-0.0,0.09284119061147353,0.0,0.0,0.0,0.0,0.0,0.0,0.0,0.0,0.0,0.0,0.0,0.0,0.0,0.005157843922859641,0.9286510157432228
2022-12-08,0.0,0.0,0.0,-0.0,-0.02836114672443439,0.0,0.0,0.0,0.0,0.0,0.0,0.0,0.0,0.0,0.0,0.0,0.0,0.0,-0.0015756192624685774,0.9271878153147067
2022-12-09,0.0,0.0,0.0,-0.0,-0.001,0.0,0.0,-0.0,0.0,0.0,0.0,0.0,0.0,0.0,0.0,0.0,0.0,0.0,-5.555555555555556e-05,0.9271363048805226
2022-12-12,0.0,0.0,0.0,0.0,0.06507713712621786,-0.0,0.0,0.0,0.0,0.0,0.0,0.0,0.0,0.0,0.0,0.0,0.0,0.0,0.0036153965070121036,0.9304882702387116
2022-12-13,0.0,0.0,0.0,0.0,-0.029665445545869595,-0.0,0.0,-0.0,0.0,0.0,0.0,0.0,0.0,0.0,0.0,0.0,0.0,0.0,-0.0016480803081038663,0.9289547508436096
2022-12-14,0.0,0.0,0.0,0.0,0.07612281752119765,-0.0,0.0,-0.0,0.0,0.0,0.0,0.0,0.0,0.0,0.0,0.0,0.0,0.0,0.004229045417844314,0.9328833426760496
2022-12-15,0.0,0.0,0.0,-0.0,-0.08521015434260991,0.0,-0.0,-0.0,0.0,0.0,0.0,0.0,0.0,0.0,0.0,0.0,0.0,0.0,-0.0047338974634783286,0.9284671685864343
2022-12-16,0.0,0.0,0.0,-0.0,0.0046960087283309535,0.0,0.0,0.0,0.0,0.0,0.0,0.0,0.0,0.0,0.0,0.0,0.0,0.0,0.0002608893737961641,0.9287093958046371
2022-12-19,0.0,0.0,0.0,0.0,0.027848096239185237,0.0,0.0,0.0,0.0,0.0,0.0,0.0,0.0,0.0,0.0,0.0,0.0,0.0,0.0015471164577325132,0.9301462173953373
2022-12-20,0.0,0.0,0.0,-0.0,-0.03535845525741906,-0.0,-0.0,0.0,0.0,0.0,0.0,0.0,0.0,0.0,0.0,0.0,0.0,0.0,-0.0019643586254121702,0.9283190766503022
2022-12-21,0.0,0.0,0.0,0.0,-0.06906492931937096,0.0,-0.0,-0.0,0.0,0.0,0.0,0.0,0.0,0.0,0.0,0.0,0.0,0.0,-0.003836940517742831,0.924757171571709
2022-12-22,0.0,0.0,0.0,-0.001,-0.07203002221400345,0.0,-0.0,-0.001,0.0,0.0,0.0,0.0,0.0,0.0,0.0,0.0,0.0,0.0,-0.00411277901188908,0.920953849685375
2022-12-23,0.0,0.0,0.0,-0.00330376208209347,-0.2040355844402611,0.0,-0.0,0.02562085728194527,0.0,0.0,0.0,0.0,0.0,0.0,0.0,0.0,0.0,0.0,-0.010095471624467183,0.9116563862284324
2022-12-26,0.0,0.0,0.0,-0.002836863383843509,0.10550485315789776,-0.0,0.0,-0.03161610219693245,0.0,0.0,0.0,0.0,0.0,0.0,0.0,0.0,0.0,0.0,0.003947327087617878,0.9152549921763916
2022-12-27,0.0,0.0,0.0,0.0034573364526683035,0.2073482929876414,-0.0,0.0,-0.0013494210637103841,0.0,0.0,0.0,0.0,0.0,0.0,0.0,0.0,0.0,0.0,0.011636456020922184,0.9259053166407816
2022-12-28,0.0,0.0,0.0,-0.000486561241512611,-0.03969726790918773,-0.0,-0.0,-0.00014541565258603304,0.0,0.0,0.0,0.0,0.0,0.0,0.0,0.0,0.0,0.0,-0.0022405136001825763,0.9238308131863665
2022-12-29,0.0,0.0,0.0,0.006833067790605081,0.05776998503450871,-0.0,0.0,-0.011501039125955036,0.0,0.0,0.0,0.0,0.0,0.0,0.0,0.0,0.0,0.0,0.0029501118721754864,0.9265562174362292
2022-12-30,0.0,0.0,0.0,-0.0030201438348966838,0.035843972640678345,-0.0,-0.0,-0.02237668568882893,0.0,0.0,0.0,0.0,0.0,0.0,0.0,0.0,0.0,0.0,0.0005803968398307073,0.9270939877367548
2023-01-02,0.0,0.0,0.0,-0.0006281101233369071,0.21016911012164194,-0.001,-0.0,0.015703752495857363,0.0,0.0,0.0,0.0,0.0,0.0,0.0,0.0,0.0,0.0,0.012458041805231244,0.9386437633933578
2023-01-03,0.0,0.0,0.0,-0.0063164641346006405,-0.013302296153486041,-0.06948365662590793,0.0,-0.001576829250865582,0.0,0.0,0.0,0.0,0.0,0.0,0.0,0.0,0.0,0.0,-0.005037735898047788,0.9339151240110324
2023-01-04,0.0,0.0,0.0,-0.005096057481135729,-0.026377392624971893,0.13251775771985902,-0.0,0.010502453651411298,0.0,0.0,0.0,0.0,0.0,0.0,0.0,0.0,0.0,0.0,0.0061970422925090385,0.9397026355321426
2023-01-05,0.0,0.0,0.0,0.007798307335097922,-0.0016330065597233148,0.05928012355266022,-0.0,-0.022004950194644237,0.0,0.0,0.0,0.0,0.0,0.0,0.0,0.0,0.0,0.0,0.0024133596740772544,0.9419704759783599
2023-01-06,0.0,0.0,0.0,0.003160616615139773,-0.0,0.07620239662390339,-0.0,-0.0014864687746817158,0.0,0.0,0.0,0.0,0.0,0.0,0.0,0.0,0.0,0.0,0.004326474692464525,0.9460458874037291
2023-01-09,0.0,0.0,0.0,0.0,-0.001,-0.13800463701734555,0.0,-0.009935922017290287,0.0,0.0,0.0,0.0,0.0,0.0,0.0,0.0,0.0,0.0,-0.008274475501924214,0.9382178538847108
2023-01-10,0.0,0.0,0.0,0.0,0.0123898467789768,-0.0249084291389321,-0.0,0.01277959995513439,0.0,0.0,0.0,0.0,0.0,0.0,0.0,0.0,0.0,0.0,1.450097750994938e-05,0.9382314589607094
2023-01-11,0.0,0.0,0.0,-0.0,-0.012077300708953853,-0.0,-0.001,0.0019688054614550314,0.0,0.0,0.0,0.0,0.0,0.0,0.0,0.0,0.0,0.0,-0.0006171386248610458,0.937652440088325
2023-01-12,0.0,0.0,0.0,0.0,0.0,0.0,0.009147813359576628,-0.0019138463395582525,0.0,0.0,0.0,0.0,0.0,0.0,0.0,0.0,0.0,0.0,0.00040188705666768755,0.9380292704676495
2023-01-13,0.0,0.0,0.0,0.0,0.0,0.0,0.0005829822615743766,0.0013695659986940455,0.0,0.0,0.0,0.0,0.0,0.0,0.0,0.0,0.0,0.0,0.00010847490334824567,0.9381310231021013
2023-01-16,0.0,0.0,0.0,0.0,0.0,-0.001,-0.011238932692714362,-0.01660647681024263,0.0,0.0,0.0,0.0,0.0,0.0,0.0,0.0,0.0,0.0,-0.0016025227501642774,0.9366276467949453
2023-01-17,0.0,0.0,0.0,0.0,0.0,-0.04366529135152458,0.008344716930181215,0.025267783361802087,0.0,0.0,0.0,0.0,0.0,0.0,0.0,0.0,0.0,0.0,-0.000558488392196738,0.9361045511263997
2023-01-18,0.0,0.0,0.0,0.0,0.0,0.0856391956038087,0.016750281243844055,0.007892799912949985,0.0,0.0,0.0,0.0,0.0,0.0,0.0,0.0,0.0,0.0,0.006126793153366819,0.9418398700810764
2023-01-19,0.0,0.0,0.0,0.0,0.0,-0.0028838150697288074,0.0233281765814068,0.0,0.0,0.0,0.0,0.0,0.0,0.0,0.0,0.0,0.0,0.0,0.0011357978617598885,0.9429096097916346
2023-01-20,0.0,0.0,0.0,0.0,0.0,-0.0016339609491776,0.012398616818097336,-0.0,0.0,0.0,0.0,0.0,0.0,0.0,0.0,0.0,0.0,0.0,0.0005980364371622076,0.9434735040952404
2023-01-23,0.0,0.0,0.0,0.0,0.0,-0.0,-0.00023677423874709537,-0.0,0.0,0.0,0.0,0.0,0.0,0.0,0.0,0.0,0.0,0.0,-1.3154124374838631e-05,0.9434610935274232
2023-01-24,0.0,0.0,0.0,0.0,0.0,0.0,0.01400426133519235,0.0,0.0,0.0,0.0,0.0,0.0,0.0,0.0,0.0,0.0,0.0,0.0007780145186217972,0.9441951199559424
2023-01-25,0.0,0.0,0.0,0.0,0.0,-0.001,-0.0,0.0,0.0,0.0,0.0,0.0,0.0,0.0,0.0,0.0,0.0,0.0,-5.555555555555556e-05,0.9441426646715004
2023-01-27,0.0,0.0,0.0,0.0,0.0,0.06991669274219799,-0.0,0.0,0.0,0.0,0.0,0.0,0.0,0.0,0.0,0.0,0.0,0.0,0.003884260707899888,0.9478099609265359
2023-01-30,0.0,0.0,0.0,0.0,0.0,-0.07773687332041372,0.0,0.0,0.0,0.0,0.0,0.0,0.0,0.0,0.0,0.0,0.0,0.0,-0.004318715184467429,0.9437166396562929
2023-01-31,0.0,0.0,0.0,0.0,0.0,0.06596304745484091,-0.0,-0.0,0.0,0.0,0.0,0.0,0.0,0.0,0.0,0.0,0.0,0.0,0.0036646137474911616,0.9471749966277135
2023-02-01,0.0,0.0,0.0,0.0,0.0,-0.07317085699864087,0.0,-0.001,0.0,0.0,0.0,0.0,0.0,0.0,0.0,0.0,0.0,0.0,-0.00412060316659116,0.9432720643372935
2023-02-02,0.0,0.0,0.0,0.0,0.0,-0.1458491465665802,-0.0,-0.01070792039002332,0.0,0.0,0.0,0.0,0.0,0.0,0.0,0.0,0.0,0.0,-0.008697614830922419,0.9350678472409186
2023-02-03,0.0,0.0,0.0,0.0,0.0,0.03193627299080133,0.0,0.013502941911564429,0.0,0.0,0.0,0.0,0.0,0.0,0.0,0.0,0.0,0.0,0.0025244008279092086,0.9374283332886449
2023-02-06,0.0,0.0,0.0,0.0,0.0,0.08010560611841357,-0.0,0.013147468148258795,0.0,0.0,0.0,0.0,0.0,0.0,0.0,0.0,0.0,0.0,0.005180726348148464,0.9422848929544143
2023-02-07,0.0,0.0,0.0,0.0,0.0,0.09560010407844831,0.0,0.003105050298766691,0.0,0.0,0.0,0.0,0.0,0.0,0.0,0.0,0.0,0.0,0.005483619687623055,0.947452024944769
2023-02-08,0.0,0.0,0.0,0.0,0.0,-0.15561627416322146,-0.0,-0.00451102131111719,0.0,0.0,0.0,0.0,0.0,0.0,0.0,0.0,0.0,0.0,-0.00889596085968548,0.9390235288144306
2023-02-09,0.0,0.0,0.0,0.0,0.0,-0.04013281843262435,-0.0,-0.0008826625876801686,0.0,0.0,0.0,0.0,0.0,0.0,0.0,0.0,0.0,0.0,-0.002278637834461362,0.9368838342742246
2023-02-10,0.0,0.0,0.0,0.0,0.0,0.03778272406350776,0.0,0.010264719527093472,0.0,0.0,0.0,0.0,0.0,0.0,0.0,0.0,0.0,0.0,0.0026693024217000682,0.9393846605619045
2023-02-13,0.0,0.0,0.0,0.0,0.0,0.12976671782500543,0.0,-0.010628744679362466,0.0,0.0,0.0,0.0,0.0,0.0,0.0,0.0,0.0,0.0,0.006618776285869054,0.9456022374765409
2023-02-14,0.0,0.0,0.0,0.0,0.0,-0.10093228016122538,0.0,-0.01442516225206979,0.0,0.0,0.0,0.0,0.0,0.0,0.0,0.0,0.0,0.0,-0.00640874680073862,0.9395421121623418
2023-02-15,0.0,0.0,0.0,0.0,0.0,-0.049159165853782286,0.0,-0.0053746324632548345,0.0,0.0,0.0,0.0,0.0,0.0,0.0,0.0,0.0,0.0,-0.003029655462057618,0.9366956232703961
2023-02-16,0.0,0.0,0.0,0.0,0.0,-0.0,-0.0,0.0003137569111482841,0.0,0.0,0.0,0.0,0.0,0.0,0.0,0.0,0.0,0.0,1.7430939508238006e-05,0.936711950755143
2023-02-17,0.0,0.0,0.0,0.0,0.0,0.0,-0.0,0.003190437455426606,0.0,0.0,0.0,0.0,0.0,0.0,0.0,0.0,0.0,0.0,0.00017724652530147811,0.9368779796936226
2023-02-20,0.0,0.0,0.0,0.0,0.0,-0.0,-0.0,0.009302792153082601,0.0,0.0,0.0,0.0,0.0,0.0,0.0,0.0,0.0,0.0,0.0005168217862823667,0.9373621786446165
2023-02-21,0.0,0.0,0.0,0.0,0.0,0.0,0.0,-0.003269300483960927,0.0,0.0,0.0,0.0,0.0,0.0,0.0,0.0,0.0,0.0,-0.00018162780466449594,0.9371919276099338
2023-02-22,0.0,0.0,0.0,0.0,0.0,0.0,-0.001,0.013820657770898316,0.0,0.0,0.0,0.0,0.0,0.0,0.0,0.0,0.0,0.0,0.0007122587650499065,0.937859450774908
2023-02-23,0.0,0.0,0.0,0.0,0.0,-0.001,-0.00955362494852386,0.0019737328312527387,0.0,0.0,0.0,0.0,0.0,0.0,0.0,0.0,0.0,0.0,-0.000476660673181729,0.9374124100577517
2023-02-24,0.0,0.0,0.0,0.0,0.0,-0.010434701476322812,-0.003080602132811098,8.91093860643382e-05,0.0,0.0,0.0,0.0,0.0,0.0,0.0,0.0,0.0,0.0,-0.0007458996790594206,0.9367131944419432
2023-02-27,0.0,0.0,0.0,0.0,0.0,-0.031014367657385807,-0.018263426945247446,-0.01619407681404587,0.0,0.0,0.0,0.0,0.0,0.0,0.0,0.0,0.0,0.0,-0.003637326189815507,0.9333060630074538
2023-02-28,0.0,0.0,0.0,0.0,0.0,-0.038146562041157205,0.001320114312665514,-0.0019023920266387304,0.0,0.0,0.0,0.0,0.0,0.0,0.0,0.0,0.0,0.0,-0.0021516022086183564,0.9312979596209701
2023-03-01,0.0,0.0,0.0,0.0,0.0,0.028203444838425275,-0.01753452887735136,-0.0,-0.0,0.0,0.0,0.0,0.0,0.0,0.0,0.0,0.0,0.0,0.0005927175533929954,0.9318499562690765
2023-03-02,0.0,0.0,0.0,0.0,0.0,-0.03783353605305441,0.02013412287402646,-0.0,0.0,0.0,0.0,0.0,0.0,0.0,0.0,0.0,0.0,0.0,-0.0009833007321682194,0.9309336675248062
2023-03-03,0.0,0.0,0.0,0.0,0.0,0.013797984183146303,-0.017047401874745988,0.0,-0.0,0.0,0.0,0.0,0.0,0.0,0.0,0.0,0.0,0.0,-0.00018052320508887137,0.9307656123954196
2023-03-06,0.0,0.0,0.0,0.0,0.0,0.026459384289443798,0.00705486381014464,-0.0,-0.0,0.0,0.0,0.0,0.0,0.0,0.0,0.0,0.0,0.0,0.0018619026721993577,0.9324986073763298
2023-03-08,0.0,0.0,0.0,0.0,0.0,-0.005832346847524697,0.014984890868002842,0.0,0.0,0.0,0.0,0.0,0.0,0.0,0.0,0.0,0.0,0.0,0.0005084746678043414,0.9329727592959436
2023-03-09,0.0,0.0,0.0,0.0,0.0,-0.01917618799006626,0.026074207238855632,-0.0,0.0,0.0,0.0,0.0,0.0,0.0,0.0,0.0,0.0,0.0,0.0003832232915994096,0.9333302961877336
2023-03-10,0.0,0.0,0.0,0.0,0.0,-0.008299994257058052,-0.006092252620740892,-0.0,0.0,0.0,0.0,0.0,0.0,0.0,0.0,0.0,0.0,0.0,-0.0007995692709888302,0.932584033963219
2023-03-13,0.0,0.0,0.0,0.0,0.0,-0.015074816524030317,0.017299797829068504,-0.0,0.0,0.0,0.0,0.0,0.0,0.0,0.0,0.0,0.0,0.0,0.00012361007250212148,0.9326993107432715
2023-03-14,0.0,0.0,0.0,0.0,0.0,-0.0375861741267763,0.026494696071209786,-0.001,0.0,0.0,0.0,0.0,0.0,0.0,0.0,0.0,0.0,0.0,-0.0006717487808648062,0.9320727711183663
2023-03-15,0.0,0.0,0.0,0.0,0.0,-0.02750070092783522,-0.035958130771889585,0.003310515676747918,0.0,0.0,0.0,0.0,0.0,0.0,0.0,0.0,0.0,0.0,-0.0033415731123876045,0.9289581818076086
2023-03-16,0.0,0.0,0.0,0.0,0.0,-0.018139063890158007,0.009442684997002286,-0.010914382188419476,0.0,0.0,0.0,0.0,0.0,0.0,0.0,0.0,0.0,0.0,-0.0010894867267541774,0.9279460941988196
2023-03-17,0.0,0.0,0.0,0.0,0.0,-0.006275020915782303,-0.024705889821193178,0.008242436755015169,-0.0,0.0,0.0,0.0,0.0,0.0,0.0,0.0,0.0,0.0,-0.0012632485545533507,0.9267738676366194
2023-03-20,0.0,0.0,0.0,0.0,0.0,-0.04418555675862642,-0.015454061378070693,0.013627436890838548,0.0,0.0,0.0,0.0,0.0,0.0,0.0,0.0,0.0,0.0,-0.002556232291436587,0.9244048183493071
2023-03-21,0.0,0.0,0.0,0.0,0.0,0.001865217524769795,0.0019987360303696054,0.01576295200015994,0.0,0.0,0.0,0.0,0.0,0.0,0.0,0.0,0.0,0.0,0.0010903836419610745,0.9254127742417853
2023-03-22,0.0,0.0,0.0,0.0,0.0,0.00226028401753664,-0.0010865644325062569,0.009505306419215695,0.0,0.0,0.0,0.0,0.0,0.0,0.0,0.0,0.0,0.0,0.0005932792224581155,0.9259618024129402
2023-03-23,0.0,0.0,0.0,0.0,0.0,-0.014333807861393124,0.0,0.003928918525225917,0.0,0.0,0.0,0.0,0.0,0.0,0.0,0.0,0.0,0.0,-0.0005780494075648449,0.9254265507416277
2023-03-24,0.0,0.0,0.0,0.0,0.0,-0.0,-0.0,0.0025328651894987505,-0.0,0.0,0.0,0.0,0.0,0.0,0.0,0.0,0.0,0.0,0.0001407147327499306,0.925556771891395
2023-03-27,0.0,0.0,0.0,0.0,0.0,0.0,-0.0,-0.0,0.0,0.0,0.0,0.0,0.0,0.0,0.0,0.0,0.0,0.0,0.0,0.925556771891395
2023-03-28,0.0,0.0,0.0,0.0,0.0,0.0,0.0,0.0,0.0,0.0,0.0,0.0,0.0,0.0,0.0,0.0,0.0,0.0,0.0,0.925556771891395
2023-03-29,0.0,0.0,0.0,0.0,0.0,0.0,-0.0,-0.0,-0.0,0.0,0.0,0.0,0.0,0.0,0.0,0.0,0.0,0.0,0.0,0.925556771891395
2023-03-31,0.0,0.0,0.0,0.0,0.0,-0.0,-0.0,0.0,-0.0,0.0,0.0,0.0,0.0,0.0,0.0,0.0,0.0,0.0,0.0,0.925556771891395
2023-04-03,0.0,0.0,0.0,0.0,0.0,-0.0,-0.0,0.0,-0.0,0.0,0.0,0.0,0.0,0.0,0.0,0.0,0.0,0.0,0.0,0.925556771891395
2023-04-05,0.0,0.0,0.0,0.0,0.0,0.0,0.0,0.0,-0.0,0.0,0.0,0.0,0.0,0.0,0.0,0.0,0.0,0.0,0.0,0.925556771891395
2023-04-06,0.0,0.0,0.0,0.0,0.0,0.0,0.0,-0.0,0.0,0.0,0.0,0.0,0.0,0.0,0.0,0.0,0.0,0.0,0.0,0.925556771891395
2023-04-10,0.0,0.0,0.0,0.0,0.0,-0.0,-0.0,-0.0,-0.0,0.0,0.0,0.0,0.0,0.0,0.0,0.0,0.0,0.0,0.0,0.925556771891395
2023-04-11,0.0,0.0,0.0,0.0,0.0,0.0,-0.0,0.0,0.0,0.0,0.0,0.0,0.0,0.0,0.0,0.0,0.0,0.0,0.0,0.925556771891395
2023-04-12,0.0,0.0,0.0,0.0,0.0,-0.0,-0.001,0.0,-0.0,0.0,0.0,0.0,0.0,0.0,0.0,0.0,0.0,0.0,-5.555555555555556e-05,0.9255053520707343
2023-04-13,0.0,0.0,0.0,0.0,0.0,0.0,0.01941164778781453,0.0,0.0,0.0,0.0,0.0,0.0,0.0,0.0,0.0,0.0,0.0,0.0010784248771008073,0.9265034400662973
2023-04-17,0.0,0.0,0.0,0.0,0.0,0.0,0.03612482967721016,-0.0,0.0,0.0,0.0,0.0,0.0,0.0,0.0,0.0,0.0,0.0,0.002006934982067231,0.928362872231172
2023-04-18,0.0,0.0,0.0,0.0,0.0,-0.001,-0.0008299678238236413,-0.0,-0.0,0.0,0.0,0.0,0.0,0.0,0.0,0.0,0.0,0.0,-0.0001016648791013134,0.9282684903320044
2023-04-19,0.0,0.0,0.0,0.0,0.0,0.0,0.0,0.0,0.0,0.0,0.0,0.0,0.0,0.0,0.0,0.0,0.0,0.0,0.0,0.9282684903320044
2023-04-20,0.0,0.0,0.0,0.0,0.0,0.0,0.0,0.0,-0.0,0.0,0.0,0.0,0.0,0.0,0.0,0.0,0.0,0.0,0.0,0.9282684903320044
2023-04-21,0.0,0.0,0.0,0.0,0.0,0.0,0.0,0.0,-0.0,0.0,0.0,0.0,0.0,0.0,0.0,0.0,0.0,0.0,0.0,0.9282684903320044
2023-04-24,0.0,0.0,0.0,0.0,0.0,0.0,0.0,0.0,-0.0,0.0,0.0,0.0,0.0,0.0,0.0,0.0,0.0,0.0,0.0,0.9282684903320044
2023-04-25,0.0,0.0,0.0,0.0,0.0,0.0,0.0,0.0,0.0,0.0,0.0,0.0,0.0,0.0,0.0,0.0,0.0,0.0,0.0,0.9282684903320044
2023-04-26,0.0,0.0,0.0,0.0,0.0,0.0,0.0,0.0,0.0,0.0,0.0,0.0,0.0,0.0,0.0,0.0,0.0,0.0,0.0,0.9282684903320044
2023-04-27,0.0,0.0,0.0,0.0,0.0,0.0,0.0,0.0,-0.001,0.0,0.0,0.0,0.0,0.0,0.0,0.0,0.0,0.0,-5.555555555555556e-05,0.9282169198603193
2023-04-28,0.0,0.0,0.0,0.0,0.0,0.0,0.0,0.0,0.24477238710923271,0.0,0.0,0.0,0.0,0.0,0.0,0.0,0.0,0.0,0.01359846595051293,0.9408392460397298
2023-05-02,0.0,0.0,0.0,0.0,0.0,0.0,0.0,0.0,0.07030908883938884,0.0,0.0,0.0,0.0,0.0,0.0,0.0,0.0,0.0,0.003906060491077158,0.9445142210471404
2023-05-03,0.0,0.0,0.0,0.0,0.0,0.0,0.0,0.0,-0.04725903886867001,0.0,0.0,0.0,0.0,0.0,0.0,0.0,0.0,0.0,-0.002625502159370556,0.9420343969202251
2023-05-04,0.0,0.0,0.0,0.0,0.0,0.0,0.0,0.0,-0.03859471945336412,0.0,0.0,0.0,0.0,0.0,0.0,0.0,0.0,0.0,-0.002144151080742451,0.940014532849972
2023-05-05,0.0,0.0,0.0,0.0,0.0,0.0,0.0,0.0,-0.08619591108506905,0.0,0.0,0.0,0.0,0.0,0.0,0.0,0.0,0.0,-0.004788661726948281,0.9355131212337382
2023-05-08,0.0,0.0,0.0,0.0,0.0,0.0,0.0,0.0,0.013127020340134715,0.0,0.0,0.0,0.0,0.0,0.0,0.0,0.0,0.0,0.000729278907785262,0.9361953712210104
2023-05-09,0.0,0.0,0.0,0.0,0.0,0.0,0.0,0.0,0.03134930307452083,0.0,0.0,0.0,0.0,0.0,0.0,0.0,0.0,0.0,0.0017416279485844904,0.9378258752448643
2023-05-10,0.0,0.0,0.0,0.0,0.0,0.0,0.0,0.0,0.0309590815863304,0.0,0.0,0.0,0.0,0.0,0.0,0.0,0.0,0.0,0.0017199489770183555,0.9394388878996129
2023-05-11,0.0,0.0,0.0,0.0,0.0,0.0,0.0,0.0,0.021677339579317317,0.0,0.0,0.0,0.0,0.0,0.0,0.0,0.0,0.0,0.0012042966432954064,0.9405702509988917
2023-05-12,0.0,0.0,0.0,0.0,0.0,0.0,0.0,0.0,-0.029148216579232854,0.0,0.0,0.0,0.0,0.0,0.0,0.0,0.0,0.0,-0.0016193453655129362,0.9390471429219973
2023-05-15,0.0,0.0,0.0,0.0,0.0,0.0,0.0,0.0,0.06078402297927129,0.0,0.0,0.0,0.0,0.0,0.0,0.0,0.0,0.0,0.0033768901655150717,0.9422182019838857
2023-05-16,0.0,0.0,0.0,0.0,0.0,0.0,0.0,0.0,0.024594662795060604,0.0,0.0,0.0,0.0,0.0,0.0,0.0,0.0,0.0,0.0013663701552811447,0.9435056208148391
2023-05-17,0.0,0.0,0.0,0.0,0.0,0.0,0.0,0.0,-0.08058914400942749,0.0,0.0,0.0,0.0,0.0,0.0,0.0,0.0,0.0,-0.004477174667190416,0.9392813813509752
2023-05-18,0.0,0.0,0.0,0.0,0.0,0.0,0.0,0.0,0.008137694267466515,0.0,0.0,0.0,0.0,0.0,0.0,0.0,0.0,0.0,0.00045209412597036196,0.9397060249461173
2023-05-19,0.0,0.0,0.0,0.0,0.0,0.0,0.0,0.0,-0.0,0.0,0.0,0.0,0.0,0.0,0.0,0.0,0.0,0.0,0.0,0.9397060249461173
2023-05-22,0.0,0.0,0.0,0.0,0.0,0.0,0.0,0.0,-0.0,0.0,0.0,0.0,0.0,0.0,0.0,0.0,0.0,0.0,0.0,0.9397060249461173
2023-05-23,0.0,0.0,0.0,0.0,0.0,0.0,0.0,0.0,-0.0,0.0,0.0,0.0,0.0,0.0,0.0,0.0,0.0,0.0,0.0,0.9397060249461173
2023-05-24,0.0,0.0,0.0,0.0,0.0,0.0,0.0,0.0,-0.0,0.0,0.0,0.0,0.0,0.0,0.0,0.0,0.0,0.0,0.0,0.9397060249461173
2023-05-25,0.0,0.0,0.0,0.0,0.0,0.0,0.0,0.0,0.0,0.0,0.0,0.0,0.0,0.0,0.0,0.0,0.0,0.0,0.0,0.9397060249461173
2023-05-26,0.0,0.0,0.0,0.0,0.0,0.0,0.0,0.0,-0.001,0.0,0.0,0.0,0.0,0.0,0.0,0.0,0.0,0.0,-5.555555555555556e-05,0.9396538190558426
2023-05-29,0.0,0.0,0.0,0.0,0.0,0.0,0.0,0.0,0.046226722984943784,0.0,0.0,0.0,0.0,0.0,0.0,0.0,0.0,0.0,0.0025681512769413213,0.9420669922111337
2023-05-30,0.0,0.0,0.0,0.0,0.0,0.0,0.0,0.0,-0.071796214027482,0.0,0.0,0.0,0.0,0.0,0.0,0.0,0.0,0.0,-0.003988678557082333,0.9383093897999661
2023-05-31,0.0,0.0,0.0,0.0,0.0,0.0,0.0,0.0,-0.035989849251012104,-0.0,0.0,-0.0,-0.0,0.0,0.0,0.0,0.0,0.0,-0.0019994360695006724,0.9364333001616489
2023-06-01,0.0,0.0,0.0,0.0,0.0,0.0,0.0,0.0,-0.06917114917251475,-0.0,-0.0,0.0,0.0,0.0,0.0,0.0,0.0,0.0,-0.003842841620695264,0.9328347353007828
2023-06-02,0.0,0.0,0.0,0.0,0.0,0.0,0.0,0.0,0.0,0.0,-0.0,0.0,0.0,0.0,0.0,0.0,0.0,0.0,0.0,0.9328347353007828
2023-06-05,0.0,0.0,0.0,0.0,0.0,0.0,0.0,0.0,0.0,0.0,-0.0,-0.0,0.0,0.0,0.0,0.0,0.0,0.0,0.0,0.9328347353007828
2023-06-06,0.0,0.0,0.0,0.0,0.0,0.0,0.0,0.0,0.0,0.0,0.0,-0.0,-0.0,0.0,0.0,0.0,0.0,0.0,0.0,0.9328347353007828
2023-06-07,0.0,0.0,0.0,0.0,0.0,0.0,0.0,0.0,-0.001,-0.0,-0.0,-0.0,0.0,0.0,0.0,0.0,0.0,0.0,-5.555555555555556e-05,0.9327829111488216
2023-06-08,0.0,0.0,0.0,0.0,0.0,0.0,0.0,0.0,-0.03737502970684993,0.0,0.0,-0.0,-0.0,0.0,0.0,0.0,0.0,0.0,-0.0020763905392694407,0.9308460895369199
2023-06-09,0.0,0.0,0.0,0.0,0.0,0.0,0.0,0.0,-0.02240123220157363,0.0,0.0,-0.0,-0.0,0.0,0.0,0.0,0.0,0.0,-0.0012445129000874238,0.9296876395704953
2023-06-12,0.0,0.0,0.0,0.0,0.0,0.0,0.0,0.0,-0.03416801035219744,0.0,-0.0,0.0,0.0,0.0,0.0,0.0,0.0,0.0,-0.001898222797344302,0.9279228852986533
2023-06-13,0.0,0.0,0.0,0.0,0.0,0.0,0.0,0.0,0.0003467294312656154,0.0,-0.0,0.0,0.0,0.0,0.0,0.0,0.0,0.0,1.9262746181423077e-05,0.9279407596416688
2023-06-14,0.0,0.0,0.0,0.0,0.0,0.0,0.0,0.0,0.008016288786686218,-0.0,-0.0,0.0,0.0,0.0,0.0,0.0,0.0,0.0,0.0004453493770381232,0.9283540174809035
2023-06-15,0.0,0.0,0.0,0.0,0.0,0.0,0.0,0.0,-0.07933721043904364,0.0,-0.0,-0.0,-0.0,0.0,0.0,0.0,0.0,0.0,-0.0044076228021690915,0.9242621831449694
2023-06-16,0.0,0.0,0.0,0.0,0.0,0.0,0.0,0.0,-0.08096916531677038,0.0,-0.0,0.0,0.0,0.0,0.0,0.0,0.0,0.0,-0.004498286962042799,0.9201045866170192
2023-06-19,0.0,0.0,0.0,0.0,0.0,0.0,0.0,0.0,-0.026152363103476312,0.0,0.0,-0.0,-0.0,0.0,0.0,0.0,0.0,0.0,-0.0014529090613042395,0.9187677583257757
2023-06-20,0.0,0.0,0.0,0.0,0.0,0.0,0.0,0.0,0.02737319128347307,-0.0,0.0,0.0,-0.0,0.0,0.0,0.0,0.0,0.0,0.0015207328490818373,0.920164958636539
2023-06-21,0.0,0.0,0.0,0.0,0.0,0.0,0.0,0.0,0.03327017457337145,-0.0,-0.0,-0.0,-0.0,0.0,0.0,0.0,0.0,0.0,0.0018483430318539692,0.921865739125991
2023-06-22,0.0,0.0,0.0,0.0,0.0,0.0,0.0,0.0,-0.039543516941126865,0.0,-0.0,-0.0,0.0,0.0,0.0,0.0,0.0,0.0,-0.0021968620522848257,0.9198405272664035
2023-06-23,0.0,0.0,0.0,0.0,0.0,0.0,0.0,0.0,-0.028056338773403765,0.0,-0.0,-0.0,-0.0,0.0,0.0,0.0,0.0,0.0,-0.0015586854874113203,0.9184067851858206
2023-06-26,0.0,0.0,0.0,0.0,0.0,0.0,0.0,0.0,0.022083018408535493,-0.0,0.0,0.0,-0.0,0.0,0.0,0.0,0.0,0.0,0.0012268343560297495,0.9195335181826975
2023-06-27,0.0,0.0,0.0,0.0,0.0,0.0,0.0,0.0,-0.0,0.0,-0.0,0.0,-0.001,0.0,0.0,0.0,0.0,0.0,-5.555555555555556e-05,0.9194824329872429
2023-06-28,0.0,0.0,0.0,0.0,0.0,0.0,0.0,0.0,0.0,-0.0,-0.0,0.0,0.006541897788961924,0.0,0.0,0.0,0.0,0.0,0.00036343876605344024,0.9198166085480955
2023-06-30,0.0,0.0,0.0,0.0,0.0,0.0,0.0,0.0,-0.0,0.0,-0.0,0.0,0.007992004499545936,0.0,0.0,0.0,0.0,0.0,0.00044400024997477423,0.9202250073522219
2023-07-03,0.0,0.0,0.0,0.0,0.0,0.0,0.0,0.0,-0.0,-0.0,-0.0,0.0,0.009501060982102655,0.0,0.0,0.0,0.0,0.0,0.0005278367212279253,0.9207107359028948
2023-07-04,0.0,0.0,0.0,0.0,0.0,0.0,0.0,0.0,-0.0,0.0,0.0,-0.0,-0.005197645526667696,0.0,0.0,0.0,0.0,0.0,-0.000288758084814872,0.9204448732341269
2023-07-05,0.0,0.0,0.0,0.0,0.0,0.0,0.0,0.0,0.0,0.0,-0.0,-0.0,0.00400404517837947,0.0,0.0,0.0,0.0,0.0,0.00022244695435441503,0.920649623392829
2023-07-06,0.0,0.0,0.0,0.0,0.0,0.0,0.0,0.0,-0.0,0.0,0.0,0.0,-0.0,0.0,0.0,0.0,0.0,0.0,0.0,0.920649623392829
2023-07-07,0.0,0.0,0.0,0.0,0.0,0.0,0.0,0.0,0.0,-0.0,0.0,-0.0,-0.0,0.0,0.0,0.0,0.0,0.0,0.0,0.920649623392829
2023-07-10,0.0,0.0,0.0,0.0,0.0,0.0,0.0,0.0,0.0,-0.0,-0.0,0.0,0.0,0.0,0.0,0.0,0.0,0.0,0.0,0.920649623392829
2023-07-11,0.0,0.0,0.0,0.0,0.0,0.0,0.0,0.0,-0.0,0.0,-0.0,-0.0,0.0,0.0,0.0,0.0,0.0,0.0,0.0,0.920649623392829
2023-07-12,0.0,0.0,0.0,0.0,0.0,0.0,0.0,0.0,-0.0,-0.0,0.0,-0.0,-0.0,0.0,0.0,0.0,0.0,0.0,0.0,0.920649623392829
2023-07-13,0.0,0.0,0.0,0.0,0.0,0.0,0.0,0.0,-0.0,0.0,0.0,0.0,0.0,0.0,0.0,0.0,0.0,0.0,0.0,0.920649623392829
2023-07-14,0.0,0.0,0.0,0.0,0.0,0.0,0.0,0.0,-0.001,-0.0,-0.0,0.0,0.0,0.0,0.0,0.0,0.0,0.0,-5.555555555555556e-05,0.9205984761915293
2023-07-17,0.0,0.0,0.0,0.0,0.0,0.0,0.0,0.0,-0.29052341057851205,-0.0,-0.0,0.0,-0.001,0.0,0.0,0.0,0.0,0.0,-0.01619574503213956,0.9056886979941551
2023-07-18,0.0,0.0,0.0,0.0,0.0,0.0,0.0,0.0,-0.001,-0.001,0.0,-0.0,-0.0022554155860890343,0.0,0.0,0.0,0.0,0.0,-0.00023641197700494636,0.9054745823385112
2023-07-19,0.0,0.0,0.0,0.0,0.0,0.0,0.0,0.0,0.0,-0.0138058673873142,-0.0,-0.001,-0.006004442862322702,0.0,0.0,0.0,0.0,0.0,-0.00115612834720205,0.9044277375061988
2023-07-20,0.0,0.0,0.0,0.0,0.0,0.0,0.0,0.0,0.0,0.011808471990591232,-0.001,0.0024737115467431407,0.006781245873214947,0.0,0.0,0.0,0.0,0.0,0.00111463496725274,0.9054358442877766
2023-07-21,0.0,0.0,0.0,0.0,0.0,0.0,0.0,0.0,0.0,0.21838141633122746,-0.008539532477477265,-0.01079364703601362,0.00796237926645989,0.0,0.0,0.0,0.0,0.0,0.01150058978245536,0.9158488905072615
2023-07-24,0.0,0.0,0.0,0.0,0.0,0.0,0.0,0.0,0.0,-0.015116882140411307,0.02110609102090276,0.0008826736594815619,-0.002242765439682437,0.0,0.0,0.0,0.0,0.0,0.00025717317223836536,0.9160844222717242
2023-07-25,0.0,0.0,0.0,0.0,0.0,0.0,0.0,0.0,0.0,0.0676270553012666,-0.057166268144204654,0.026788307725918278,0.03007783130011855,0.0,0.0,0.0,0.0,0.0,0.003740384787949932,0.9195109305092672
2023-07-26,0.0,0.0,0.0,0.0,0.0,0.0,0.0,0.0,0.0,-0.05831352616161638,-0.019712369588883602,-0.00350734386693282,0.005601972703868074,0.0,0.0,0.0,0.0,0.0,-0.004218403717420262,0.9156320621817984
2023-07-27,0.0,0.0,0.0,0.0,0.0,0.0,0.0,0.0,0.0,0.01721089534772046,0.009482094927628606,0.011310482150505206,-0.001388245028894913,0.0,0.0,0.0,0.0,0.0,0.0020341792998310754,0.9174946219689503
2023-07-28,0.0,0.0,0.0,0.0,0.0,0.0,0.0,0.0,0.0,0.0149659467676612,-0.022272075687050974,-0.005469399345208131,0.006743384315143889,0.0,0.0,0.0,0.0,0.0,-0.00033511910830300094,0.9171871519893633
2023-07-31,0.0,0.0,0.0,0.0,0.0,0.0,0.0,0.0,0.0,-0.09169795826584828,-0.04946342868425681,0.017007855258355128,0.019596343318043285,0.0,0.0,0.0,0.0,0.0,-0.00580873268742815,0.9118594569991136
2023-08-01,0.0,0.0,0.0,0.0,0.0,0.0,0.0,0.0,0.0,-0.007675358063998258,0.0017646575737959185,0.0005553623247820287,0.0011438703160134727,0.0,0.0,0.0,0.0,0.0,-0.00023397043607815767,0.9116461088443175
2023-08-02,0.0,0.0,0.0,0.0,0.0,0.0,0.0,0.0,0.0,0.07237939688227141,0.1113894591961394,-0.009473948742478954,-0.038602251488129014,0.0,0.0,0.0,0.0,0.0,0.007538480880433492,0.9185185356055621
2023-08-03,0.0,0.0,0.0,0.0,0.0,0.0,0.0,0.0,0.0,0.0513423231221006,0.02230006066344354,-0.0027852711284974763,-0.016061544608602273,0.0,0.0,0.0,0.0,0.0,0.0030441982249135766,0.9213146881012028
2023-08-04,0.0,0.0,0.0,0.0,0.0,0.0,0.0,0.0,0.0,-0.13138975186208315,-0.019246188732394764,0.006963915775419019,0.003262638044468008,0.0,0.0,0.0,0.0,0.0,-0.007800521487477272,0.914127953079941
2023-08-07,0.0,0.0,0.0,0.0,0.0,0.0,0.0,0.0,0.0,-0.03366519004359687,0.022361327716532788,0.01094392366394257,-0.005281445504843226,0.0,0.0,0.0,0.0,0.0,-0.00031341023155359636,0.9138414560264966
2023-08-08,0.0,0.0,0.0,0.0,0.0,0.0,0.0,0.0,0.0,-0.0,0.0029554852574547284,-0.009569614327477853,-0.005108924729160196,0.0,0.0,0.0,0.0,0.0,-0.0006512807666212956,0.9132462886624454
2023-08-09,0.0,0.0,0.0,0.0,0.0,0.0,0.0,0.0,0.0,-0.0,-0.0447788748044986,0.0040369084956624335,0.018858046543747068,0.0,0.0,0.0,0.0,0.0,-0.001215773320282728,0.9121359881898423
2023-08-10,0.0,0.0,0.0,0.0,0.0,0.0,0.0,0.0,0.0,-0.0,0.007547100153677878,-0.00913316382455462,-0.0017364285555219498,0.0,0.0,0.0,0.0,0.0,-0.000184582901466594,0.9119676234826101
2023-08-11,0.0,0.0,0.0,0.0,0.0,0.0,0.0,0.0,0.0,0.0,-0.025243514897169927,-0.0017875841207300718,-0.0005109129322253517,0.0,0.0,0.0,0.0,0.0,-0.0015301117750069638,0.9105722110834942
2023-08-14,0.0,0.0,0.0,0.0,0.0,0.0,0.0,0.0,0.0,-0.0,0.06359687530403442,0.004119425294127482,-0.0,0.0,0.0,0.0,0.0,0.0,0.0037620166998978835,0.9139977989480533
2023-08-16,0.0,0.0,0.0,0.0,0.0,0.0,0.0,0.0,0.0,-0.0,0.07356009259582684,-0.009006332153369333,-0.0,0.0,0.0,0.0,0.0,0.0,0.0035863200245809723,0.9172756875568436
2023-08-17,0.0,0.0,0.0,0.0,0.0,0.0,0.0,0.0,0.0,0.0,0.0005601897783408028,0.0,0.0,0.0,0.0,0.0,0.0,0.0,3.1121654352266825e-05,0.9173042346937376
2023-08-18,0.0,0.0,0.0,0.0,0.0,0.0,0.0,0.0,0.0,0.0,-0.0,-0.0,-0.0,0.0,0.0,0.0,0.0,0.0,0.0,0.9173042346937376
2023-08-21,0.0,0.0,0.0,0.0,0.0,0.0,0.0,0.0,0.0,-0.0,-0.0,0.0,0.0,0.0,0.0,0.0,0.0,0.0,0.0,0.9173042346937376
2023-08-22,0.0,0.0,0.0,0.0,0.0,0.0,0.0,0.0,0.0,-0.0,-0.0,0.0,0.0,0.0,0.0,0.0,0.0,0.0,0.0,0.9173042346937376
2023-08-23,0.0,0.0,0.0,0.0,0.0,0.0,0.0,0.0,0.0,-0.001,-0.0,0.0,0.0,0.0,0.0,0.0,0.0,0.0,-5.555555555555556e-05,0.9172532733473656
2023-08-24,0.0,0.0,0.0,0.0,0.0,0.0,0.0,0.0,0.0,0.05861604902729807,0.0,-0.0,-0.0,0.0,0.0,0.0,0.0,0.0,0.003256447168183226,0.9202402601718646
2023-08-25,0.0,0.0,0.0,0.0,0.0,0.0,0.0,0.0,0.0,0.0698678252754807,0.0,-0.0,-0.0,0.0,0.0,0.0,0.0,0.0,0.003881545848637817,0.9238122149334841
2023-08-28,0.0,0.0,0.0,0.0,0.0,0.0,0.0,0.0,0.0,0.04036965675829362,-0.0,-0.0,0.0,0.0,0.0,0.0,0.0,0.0,0.00224275870879409,0.9258841028238165
2023-08-29,0.0,0.0,0.0,0.0,0.0,0.0,0.0,0.0,0.0,0.009844628475326698,-0.0,0.0,0.0,0.0,0.0,0.0,0.0,0.0,0.0005469238041848166,0.9263904908795672
2023-08-30,0.0,0.0,0.0,0.0,0.0,0.0,0.0,0.0,0.0,0.023344880808200692,-0.0,-0.0,0.0,0.0,0.0,0.0,0.0,0.0,0.0012969378226778162,0.927591961745758
2023-08-31,0.0,0.0,0.0,0.0,0.0,0.0,0.0,0.0,0.0,-0.02859508785315852,-0.001,0.0,0.0,0.0,0.0,0.0,0.0,0.0,-0.0016441715473976956,0.9260668414346608
2023-09-01,0.0,0.0,0.0,0.0,0.0,0.0,0.0,0.0,0.0,-0.1969653438489727,0.06535136053060066,0.0,0.0,0.0,0.0,0.0,0.0,0.0,-0.00731188796213178,0.9192955444446453
2023-09-04,0.0,0.0,0.0,0.0,0.0,0.0,0.0,0.0,0.0,-0.3889931900623118,0.070367775957934,0.0,0.0,0.0,0.0,0.0,0.0,0.0,-0.017701411894687658,0.9030227153594795
2023-09-05,0.0,0.0,0.0,0.0,0.0,0.0,0.0,0.0,0.0,0.044029138945734084,0.0001656793901326335,-0.0,-0.0,0.0,0.0,0.0,0.0,0.0,0.002455267685325929,0.905239877851617
2023-09-06,0.0,0.0,0.0,0.0,0.0,0.0,0.0,0.0,0.0,0.0,-0.023544990659862673,-0.0,-0.0,0.0,0.0,0.0,0.0,0.0,-0.0013080550366590374,0.9040557742700086
2023-09-07,0.0,0.0,0.0,0.0,0.0,0.0,0.0,0.0,0.0,-0.0,0.016582278279361595,-0.0,0.0,0.0,0.0,0.0,0.0,0.0,0.0009212376821867553,0.9048886245160647
2023-09-08,0.0,0.0,0.0,0.0,0.0,0.0,0.0,0.0,0.0,0.0,-0.01401154210968167,0.0,-0.0,0.0,0.0,0.0,0.0,0.0,-0.0007784190060934261,0.9041842420123436
2023-09-11,0.0,0.0,0.0,0.0,0.0,0.0,0.0,0.0,0.0,-0.0,0.01215466130990029,0.0,0.0,0.0,0.0,0.0,0.0,0.0,0.0006752589616611272,0.9047948005247552
2023-09-12,0.0,0.0,0.0,0.0,0.0,0.0,0.0,0.0,0.0,-0.0,-0.024652644604849103,-0.0,-0.0,0.0,0.0,0.0,0.0,0.0,-0.0013695913669360613,0.9035556013771079
2023-09-13,0.0,0.0,0.0,0.0,0.0,0.0,0.0,0.0,0.0,-0.001,-0.0010154642017941792,0.0,-0.001,0.0,0.0,0.0,0.0,0.0,-0.00016752578898856553,0.9034042325120921
2023-09-14,0.0,0.0,0.0,0.0,0.0,0.0,0.0,0.0,0.0,-0.005191617558334888,0.013042292530580805,0.0,-0.01637447716775758,0.0,0.0,0.0,0.0,0.0,-0.0004735445664173146,0.9029764303465075
2023-09-15,0.0,0.0,0.0,0.0,0.0,0.0,0.0,0.0,0.0,0.045430868108813846,0.0065935016825465825,-0.0,-0.0018114843165868762,0.0,0.0,0.0,0.0,0.0,0.0027896047485985306,0.9054953776844746
2023-09-18,0.0,0.0,0.0,0.0,0.0,0.0,0.0,0.0,0.0,-0.057269478000151516,-0.005576799328744844,-0.0,0.010708375100507463,0.0,0.0,0.0,0.0,0.0,-0.0028965501237993834,0.9028725649361429
2023-09-20,0.0,0.0,0.0,0.0,0.0,0.0,0.0,0.0,0.0,-0.06736269947747789,-0.03198195365928779,0.0,-0.001,0.0,0.0,0.0,0.0,0.0,-0.0055747029520425385,0.8978393185830751
2023-09-21,0.0,0.0,0.0,0.0,0.0,0.0,0.0,0.0,0.0,-0.02925574245077617,0.0,0.0,-0.00016940192666283155,0.0,0.0,0.0,0.0,0.0,-0.0016347302431910559,0.8963715934954612
2023-09-22,0.0,0.0,0.0,0.0,0.0,0.0,0.0,0.0,0.0,-0.1494255606548935,0.0,0.0,-0.007313631951855187,0.0,0.0,0.0,0.0,0.0,-0.00870773292259715,0.8885662290598999
2023-09-25,0.0,0.0,0.0,0.0,0.0,0.0,0.0,0.0,0.0,-0.05145458726376684,-0.0,-0.0,0.0044139375415501855,0.0,0.0,0.0,0.0,0.0,-0.0026133694290120363,0.8862440772412222
2023-09-26,0.0,0.0,0.0,0.0,0.0,0.0,0.0,0.0,0.0,-0.0012591973572565179,-0.0,0.0,0.0,0.0,0.0,0.0,0.0,0.0,-6.995540873647322e-05,0.8861820796745585
2023-09-27,0.0,0.0,0.0,0.0,0.0,0.0,0.0,0.0,0.0,0.026554527902518443,0.0,0.0,-0.0,0.0,0.0,0.0,0.0,0.0,0.0014752515501399136,0.8874894211613047
2023-09-28,0.0,0.0,0.0,0.0,0.0,0.0,0.0,0.0,0.0,-0.06595906628444834,0.0,-0.0,-0.0,0.0,0.0,0.0,0.0,0.0,-0.003664392571358241,0.8842373115192422
2023-09-29,0.0,0.0,0.0,0.0,0.0,0.0,0.0,0.0,0.0,0.01307400179364419,0.0,0.0,0.0,0.0,0.0,0.0,0.0,0.0,0.0007263334329802328,0.8848795626412873
2023-10-03,0.0,0.0,0.0,0.0,0.0,0.0,0.0,0.0,0.0,-0.0009734903032153778,-0.0,-0.0,-0.0,0.0,0.0,0.0,0.0,0.0,-5.408279462307654e-05,0.8848317058816348
2023-10-04,0.0,0.0,0.0,0.0,0.0,0.0,0.0,0.0,0.0,0.0033446536638696662,0.0,-0.001,-0.0,0.0,0.0,0.0,0.0,0.0,0.00013025853688164812,0.8849469627650295
2023-10-05,0.0,0.0,0.0,0.0,0.0,0.0,0.0,0.0,0.0,0.019912040163613236,-0.0,0.005574324023709648,-0.0,0.0,0.0,0.0,0.0,0.0,0.001415909121517938,0.8861999672416682
2023-10-06,0.0,0.0,0.0,0.0,0.0,0.0,0.0,0.0,0.0,0.001691218724104472,-0.0,-0.0004871774860294156,0.0,0.0,0.0,0.0,0.0,0.0,6.68911798930587e-05,0.8862592462030981
2023-10-09,0.0,0.0,0.0,0.0,0.0,0.0,0.0,0.0,0.0,-0.019714970696462608,0.0,0.00306304192736868,-0.0,0.0,0.0,0.0,0.0,0.0,-0.0009251071538385515,0.8854393614342801
2023-10-10,0.0,0.0,0.0,0.0,0.0,0.0,0.0,0.0,0.0,0.008863800242413091,-0.0,-0.018409393716831514,0.0,0.0,0.0,0.0,0.0,0.0,-0.0005303107485788013,0.8849698034236968
2023-10-11,0.0,0.0,0.0,0.0,0.0,0.0,0.0,0.0,0.0,0.12187171300277194,0.0,-0.005340710910584189,-0.0,0.0,0.0,0.0,0.0,0.0,0.006473944560677097,0.8906990488689353
2023-10-12,0.0,0.0,0.0,0.0,0.0,0.0,0.0,0.0,0.0,-0.010047593818272471,-0.0,0.00048514304906986595,0.0,0.0,0.0,0.0,0.0,0.0,-0.0005312472649557003,0.890225867435325
2023-10-13,0.0,0.0,0.0,0.0,0.0,0.0,0.0,0.0,0.0,0.0,-0.001,0.006402290979393375,-0.0,0.0,0.0,0.0,0.0,0.0,0.0003001272766329653,0.8904930485005066
2023-10-16,0.0,0.0,0.0,0.0,0.0,0.0,0.0,0.0,0.0,-0.0,0.023931236773849514,-0.002894878648115332,0.0,0.0,0.0,0.0,0.0,0.0,0.0011686865625407878,0.8915337557603252
2023-10-17,0.0,0.0,0.0,0.0,0.0,0.0,0.0,0.0,0.0,-0.0,0.0038597262878576058,-0.002091595098742653,0.0,0.0,0.0,0.0,0.0,0.0,9.822951050638627e-05,0.8916213306847535
2023-10-18,0.0,0.0,0.0,0.0,0.0,0.0,0.0,0.0,0.0,0.0,-0.005698996284082736,-0.002718369916297747,-0.0,0.0,0.0,0.0,0.0,0.0,-0.00046763145557669343,0.8912043805040621
2024-04-29,0.0,0.0,0.0,0.0,0.0,0.0,0.0,0.0,0.0,0.0,0.0,0.0,0.0,0.0,0.0,0.0,0.0,0.0,0.0,0.8912043805040621
2024-04-30,0.0,0.0,0.0,0.0,0.0,0.0,0.0,0.0,0.0,0.0,0.0,0.0,0.0,0.0,0.0,0.0,0.0,0.0,0.0,0.8912043805040621
2024-05-02,0.0,0.0,0.0,0.0,0.0,0.0,0.0,0.0,0.0,0.0,0.0,0.0,0.0,0.0,0.0,0.0,0.0,0.0,0.0,0.8912043805040621
2024-05-03,0.0,0.0,0.0,0.0,0.0,0.0,0.0,0.0,0.0,0.0,0.0,0.0,0.0,0.0,0.0,0.0,0.0,0.0,0.0,0.8912043805040621
2024-05-06,0.0,0.0,0.0,0.0,0.0,0.0,0.0,0.0,0.0,0.0,0.0,0.0,0.0,0.0,0.0,0.0,0.0,0.0,0.0,0.8912043805040621
2024-05-07,0.0,0.0,0.0,0.0,0.0,0.0,0.0,0.0,0.0,0.0,0.0,0.0,0.0,0.0,0.0,0.0,0.0,0.0,0.0,0.8912043805040621
2024-05-08,0.0,0.0,0.0,0.0,0.0,0.0,0.0,0.0,0.0,0.0,0.0,0.0,0.0,0.0,0.0,0.0,0.0,0.0,0.0,0.8912043805040621
2024-05-09,0.0,0.0,0.0,0.0,0.0,0.0,0.0,0.0,0.0,0.0,0.0,0.0,0.0,0.0,0.0,0.0,0.0,0.0,0.0,0.8912043805040621
2024-05-10,0.0,0.0,0.0,0.0,0.0,0.0,0.0,0.0,0.0,0.0,0.0,0.0,0.0,0.0,0.0,0.0,0.0,0.0,0.0,0.8912043805040621
2024-05-13,0.0,0.0,0.0,0.0,0.0,0.0,0.0,0.0,0.0,0.0,0.0,0.0,0.0,0.0,0.0,0.0,0.0,0.0,0.0,0.8912043805040621
2024-05-14,0.0,0.0,0.0,0.0,0.0,0.0,0.0,0.0,0.0,0.0,0.0,0.0,0.0,0.0,0.0,0.0,0.0,0.0,0.0,0.8912043805040621
2024-05-15,0.0,0.0,0.0,0.0,0.0,0.0,0.0,0.0,0.0,0.0,0.0,0.0,0.0,0.0,0.0,0.0,0.0,0.0,0.0,0.8912043805040621
2024-05-16,0.0,0.0,0.0,0.0,0.0,0.0,0.0,0.0,0.0,0.0,0.0,0.0,0.0,0.0,0.0,0.0,0.0,0.0,0.0,0.8912043805040621
2024-05-17,0.0,0.0,0.0,0.0,0.0,0.0,0.0,0.0,0.0,0.0,0.0,0.0,0.0,0.0,0.0,0.0,0.0,0.0,0.0,0.8912043805040621
2024-05-21,0.0,0.0,0.0,0.0,0.0,0.0,0.0,0.0,0.0,0.0,0.0,0.0,0.0,0.0,0.0,0.0,0.0,0.0,0.0,0.8912043805040621
2024-05-22,0.0,0.0,0.0,0.0,0.0,0.0,0.0,0.0,0.0,0.0,0.0,0.0,0.0,0.0,0.0,0.0,0.0,0.0,0.0,0.8912043805040621
2024-05-23,0.0,0.0,0.0,0.0,0.0,0.0,0.0,0.0,0.0,0.0,0.0,0.0,0.0,0.0,0.0,0.0,0.0,0.0,0.0,0.8912043805040621
2024-05-24,0.0,0.0,0.0,0.0,0.0,0.0,0.0,0.0,0.0,0.0,0.0,0.0,0.0,0.0,0.0,0.0,0.0,0.0,0.0,0.8912043805040621
2024-05-27,0.0,0.0,0.0,0.0,0.0,0.0,0.0,0.0,0.0,0.0,0.0,0.0,0.0,0.0,0.0,0.0,0.0,0.0,0.0,0.8912043805040621
2024-05-28,0.0,0.0,0.0,0.0,0.0,0.0,0.0,0.0,0.0,0.0,0.0,0.0,0.0,0.0,0.0,0.0,0.0,0.0,0.0,0.8912043805040621
2024-05-29,0.0,0.0,0.0,0.0,0.0,0.0,0.0,0.0,0.0,0.0,0.0,0.0,0.0,0.0,0.0,0.0,0.0,0.0,0.0,0.8912043805040621
2024-05-30,0.0,0.0,0.0,0.0,0.0,0.0,0.0,0.0,0.0,0.0,0.0,0.0,0.0,0.0,0.0,0.0,0.0,0.0,0.0,0.8912043805040621
2024-05-31,0.0,0.0,0.0,0.0,0.0,0.0,0.0,0.0,0.0,0.0,0.0,0.0,0.0,0.0,0.0,0.0,0.0,0.0,0.0,0.8912043805040621
2024-06-03,0.0,0.0,0.0,0.0,0.0,0.0,0.0,0.0,0.0,0.0,0.0,0.0,0.0,0.0,0.0,0.0,0.0,0.0,0.0,0.8912043805040621
2024-06-04,0.0,0.0,0.0,0.0,0.0,0.0,0.0,0.0,0.0,0.0,0.0,0.0,0.0,0.0,0.0,0.0,0.0,0.0,0.0,0.8912043805040621
2024-06-05,0.0,0.0,0.0,0.0,0.0,0.0,0.0,0.0,0.0,0.0,0.0,0.0,0.0,0.0,0.0,0.0,0.0,0.0,0.0,0.8912043805040621
2024-06-06,0.0,0.0,0.0,0.0,0.0,0.0,0.0,0.0,0.0,0.0,0.0,0.0,0.0,0.0,0.0,0.0,0.0,0.0,0.0,0.8912043805040621
2024-06-07,0.0,0.0,0.0,0.0,0.0,0.0,0.0,0.0,0.0,0.0,0.0,0.0,0.0,0.0,0.0,0.0,0.0,0.0,0.0,0.8912043805040621
2024-06-10,0.0,0.0,0.0,0.0,0.0,0.0,0.0,0.0,0.0,0.0,0.0,0.0,0.0,0.0,0.0,0.0,0.0,0.0,0.0,0.8912043805040621
2024-06-11,0.0,0.0,0.0,0.0,0.0,0.0,0.0,0.0,0.0,0.0,0.0,0.0,0.0,0.0,0.0,0.0,0.0,0.0,0.0,0.8912043805040621
2024-06-12,0.0,0.0,0.0,0.0,0.0,0.0,0.0,0.0,0.0,0.0,0.0,0.0,0.0,0.0,0.0,0.0,0.0,0.0,0.0,0.8912043805040621
2024-06-13,0.0,0.0,0.0,0.0,0.0,0.0,0.0,0.0,0.0,0.0,0.0,0.0,0.0,0.0,0.0,0.0,0.0,0.0,0.0,0.8912043805040621
2024-06-14,0.0,0.0,0.0,0.0,0.0,0.0,0.0,0.0,0.0,0.0,0.0,0.0,0.0,-0.0,0.0,0.0,0.0,0.0,0.0,0.8912043805040621
2024-06-18,0.0,0.0,0.0,0.0,0.0,0.0,0.0,0.0,0.0,0.0,0.0,0.0,0.0,0.0,0.0,0.0,0.0,0.0,0.0,0.8912043805040621
2024-06-19,0.0,0.0,0.0,0.0,0.0,0.0,0.0,0.0,0.0,0.0,0.0,0.0,0.0,0.0,0.0,0.0,0.0,0.0,0.0,0.8912043805040621
2024-06-20,0.0,0.0,0.0,0.0,0.0,0.0,0.0,0.0,0.0,0.0,0.0,0.0,0.0,-0.0,0.0,0.0,0.0,0.0,0.0,0.8912043805040621
2024-06-21,0.0,0.0,0.0,0.0,0.0,0.0,0.0,0.0,0.0,0.0,0.0,0.0,0.0,0.0,0.0,0.0,0.0,0.0,0.0,0.8912043805040621
2024-06-24,0.0,0.0,0.0,0.0,0.0,0.0,0.0,0.0,0.0,0.0,0.0,0.0,0.0,-0.0,0.0,0.0,0.0,0.0,0.0,0.8912043805040621
2024-06-25,0.0,0.0,0.0,0.0,0.0,0.0,0.0,0.0,0.0,0.0,0.0,0.0,0.0,0.0,0.0,0.0,0.0,0.0,0.0,0.8912043805040621
2024-06-26,0.0,0.0,0.0,0.0,0.0,0.0,0.0,0.0,0.0,0.0,0.0,0.0,0.0,-0.0,0.0,0.0,0.0,0.0,0.0,0.8912043805040621
2024-06-27,0.0,0.0,0.0,0.0,0.0,0.0,0.0,0.0,0.0,0.0,0.0,0.0,0.0,-0.0,0.0,0.0,0.0,0.0,0.0,0.8912043805040621
2024-06-28,0.0,0.0,0.0,0.0,0.0,0.0,0.0,0.0,0.0,0.0,0.0,0.0,0.0,0.0,0.0,0.0,0.0,0.0,0.0,0.8912043805040621
2024-07-01,0.0,0.0,0.0,0.0,0.0,0.0,0.0,0.0,0.0,0.0,0.0,0.0,0.0,-0.0,0.0,0.0,0.0,0.0,0.0,0.8912043805040621
2024-07-02,0.0,0.0,0.0,0.0,0.0,0.0,0.0,0.0,0.0,0.0,0.0,0.0,0.0,0.0,0.0,0.0,0.0,0.0,0.0,0.8912043805040621
2024-07-03,0.0,0.0,0.0,0.0,0.0,0.0,0.0,0.0,0.0,0.0,0.0,0.0,0.0,0.0,0.0,0.0,0.0,0.0,0.0,0.8912043805040621
2024-07-04,0.0,0.0,0.0,0.0,0.0,0.0,0.0,0.0,0.0,0.0,0.0,0.0,0.0,0.0,0.0,0.0,0.0,0.0,0.0,0.8912043805040621
2024-07-05,0.0,0.0,0.0,0.0,0.0,0.0,0.0,0.0,0.0,0.0,0.0,0.0,0.0,-0.0,0.0,0.0,0.0,0.0,0.0,0.8912043805040621
2024-07-08,0.0,0.0,0.0,0.0,0.0,0.0,0.0,0.0,0.0,0.0,0.0,0.0,0.0,0.0,0.0,0.0,0.0,0.0,0.0,0.8912043805040621
2024-07-09,0.0,0.0,0.0,0.0,0.0,0.0,0.0,0.0,0.0,0.0,0.0,0.0,0.0,-0.0,0.0,0.0,0.0,0.0,0.0,0.8912043805040621
2024-07-10,0.0,0.0,0.0,0.0,0.0,0.0,0.0,0.0,0.0,0.0,0.0,0.0,0.0,-0.0,0.0,0.0,0.0,0.0,0.0,0.8912043805040621
2024-07-11,0.0,0.0,0.0,0.0,0.0,0.0,0.0,0.0,0.0,0.0,0.0,0.0,0.0,-0.0,0.0,0.0,0.0,0.0,0.0,0.8912043805040621
2024-07-12,0.0,0.0,0.0,0.0,0.0,0.0,0.0,0.0,0.0,0.0,0.0,0.0,0.0,-0.0,0.0,0.0,0.0,0.0,0.0,0.8912043805040621
2024-07-15,0.0,0.0,0.0,0.0,0.0,0.0,0.0,0.0,0.0,0.0,0.0,0.0,0.0,0.0,0.0,0.0,0.0,0.0,0.0,0.8912043805040621
2024-07-16,0.0,0.0,0.0,0.0,0.0,0.0,0.0,0.0,0.0,0.0,0.0,0.0,0.0,-0.0,0.0,0.0,0.0,0.0,0.0,0.8912043805040621
2024-07-18,0.0,0.0,0.0,0.0,0.0,0.0,0.0,0.0,0.0,0.0,0.0,0.0,0.0,0.0,0.0,0.0,0.0,0.0,0.0,0.8912043805040621
2024-07-19,0.0,0.0,0.0,0.0,0.0,0.0,0.0,0.0,0.0,0.0,0.0,0.0,0.0,0.0,0.0,0.0,0.0,0.0,0.0,0.8912043805040621
2024-07-22,0.0,0.0,0.0,0.0,0.0,0.0,0.0,0.0,0.0,0.0,0.0,0.0,0.0,-0.0,0.0,0.0,0.0,0.0,0.0,0.8912043805040621
2024-07-23,0.0,0.0,0.0,0.0,0.0,0.0,0.0,0.0,0.0,0.0,0.0,0.0,0.0,0.0,0.0,0.0,0.0,0.0,0.0,0.8912043805040621
2024-07-24,0.0,0.0,0.0,0.0,0.0,0.0,0.0,0.0,0.0,0.0,0.0,0.0,0.0,-0.0,0.0,0.0,0.0,0.0,0.0,0.8912043805040621
2024-07-25,0.0,0.0,0.0,0.0,0.0,0.0,0.0,0.0,0.0,0.0,0.0,0.0,0.0,0.0,0.0,0.0,0.0,0.0,0.0,0.8912043805040621
2024-07-26,0.0,0.0,0.0,0.0,0.0,0.0,0.0,0.0,0.0,0.0,0.0,0.0,0.0,0.0,0.0,0.0,0.0,0.0,0.0,0.8912043805040621
2024-07-29,0.0,0.0,0.0,0.0,0.0,0.0,0.0,0.0,0.0,0.0,0.0,0.0,0.0,-0.0,0.0,0.0,0.0,0.0,0.0,0.8912043805040621
2024-07-30,0.0,0.0,0.0,0.0,0.0,0.0,0.0,0.0,0.0,0.0,0.0,0.0,0.0,-0.0,0.0,0.0,0.0,0.0,0.0,0.8912043805040621
2024-07-31,0.0,0.0,0.0,0.0,0.0,0.0,0.0,0.0,0.0,0.0,0.0,0.0,0.0,0.0,0.0,0.0,0.0,0.0,0.0,0.8912043805040621
2024-08-01,0.0,0.0,0.0,0.0,0.0,0.0,0.0,0.0,0.0,0.0,0.0,0.0,0.0,-0.0,0.0,0.0,0.0,0.0,0.0,0.8912043805040621
2024-08-02,0.0,0.0,0.0,0.0,0.0,0.0,0.0,0.0,0.0,0.0,0.0,0.0,0.0,-0.0,0.0,0.0,0.0,0.0,0.0,0.8912043805040621
2024-08-05,0.0,0.0,0.0,0.0,0.0,0.0,0.0,0.0,0.0,0.0,0.0,0.0,0.0,-0.0,0.0,0.0,0.0,0.0,0.0,0.8912043805040621
2024-08-06,0.0,0.0,0.0,0.0,0.0,0.0,0.0,0.0,0.0,0.0,0.0,0.0,0.0,0.0,0.0,0.0,0.0,0.0,0.0,0.8912043805040621
2024-08-07,0.0,0.0,0.0,0.0,0.0,0.0,0.0,0.0,0.0,0.0,0.0,0.0,0.0,0.0,0.0,0.0,0.0,0.0,0.0,0.8912043805040621
2024-08-08,0.0,0.0,0.0,0.0,0.0,0.0,0.0,0.0,0.0,0.0,0.0,0.0,0.0,-0.0,0.0,0.0,0.0,0.0,0.0,0.8912043805040621
2024-08-09,0.0,0.0,0.0,0.0,0.0,0.0,0.0,0.0,0.0,0.0,0.0,0.0,0.0,0.0,0.0,0.0,0.0,0.0,0.0,0.8912043805040621
2024-08-12,0.0,0.0,0.0,0.0,0.0,0.0,0.0,0.0,0.0,0.0,0.0,0.0,0.0,-0.0,0.0,0.0,0.0,0.0,0.0,0.8912043805040621
2024-08-13,0.0,0.0,0.0,0.0,0.0,0.0,0.0,0.0,0.0,0.0,0.0,0.0,0.0,0.0,0.0,0.0,0.0,0.0,0.0,0.8912043805040621
2024-08-14,0.0,0.0,0.0,0.0,0.0,0.0,0.0,0.0,0.0,0.0,0.0,0.0,0.0,-0.001,0.0,0.0,0.0,0.0,-5.555555555555556e-05,0.8911548691495896
2024-08-16,0.0,0.0,0.0,0.0,0.0,0.0,0.0,0.0,0.0,0.0,0.0,0.0,0.0,-0.01777947784555301,0.0,0.0,0.0,0.0,-0.0009877487691973895,0.8902746320244229
2024-08-19,0.0,0.0,0.0,0.0,0.0,0.0,0.0,0.0,0.0,0.0,0.0,0.0,0.0,-0.0012462340695795406,0.0,0.0,0.0,0.0,-6.923522608775226e-05,0.8902129936589945
2024-08-20,0.0,0.0,0.0,0.0,0.0,0.0,0.0,0.0,0.0,0.0,0.0,0.0,0.0,-0.0027278494344694275,0.0,0.0,0.0,0.0,-0.0001515471908038571,0.8900780843805883
2024-08-21,0.0,0.0,0.0,0.0,0.0,0.0,0.0,0.0,0.0,0.0,0.0,0.0,0.0,0.0074811803325839496,0.0,0.0,0.0,0.0,0.0004156211295879972,0.8904480196394402
2024-08-22,0.0,0.0,0.0,0.0,0.0,0.0,0.0,0.0,0.0,0.0,0.0,0.0,0.0,-0.0026473546697397213,0.0,0.0,0.0,0.0,-0.00014707525942998453,0.8903170567659427
2024-08-23,0.0,0.0,0.0,0.0,0.0,0.0,0.0,0.0,0.0,0.0,0.0,0.0,0.0,0.00510877603639909,0.0,0.0,0.0,0.0,0.0002838208909110606,0.8905697473461873
2024-08-26,0.0,0.0,0.0,0.0,0.0,0.0,0.0,0.0,0.0,0.0,0.0,0.0,0.0,0.0,0.0,0.0,0.0,0.0,0.0,0.8905697473461873
2024-08-27,0.0,0.0,0.0,0.0,0.0,0.0,0.0,0.0,0.0,0.0,0.0,0.0,0.0,-0.0,0.0,0.0,0.0,0.0,0.0,0.8905697473461873
2024-08-28,0.0,0.0,0.0,0.0,0.0,0.0,0.0,0.0,0.0,0.0,0.0,0.0,0.0,-0.001,0.0,0.0,0.0,0.0,-5.555555555555556e-05,0.8905202712491125
2024-08-29,0.0,0.0,0.0,0.0,0.0,0.0,0.0,0.0,0.0,0.0,0.0,0.0,0.0,0.01834159597244109,0.0,0.0,0.0,0.0,0.001018977554024505,0.8914276914169192
2024-08-30,0.0,0.0,0.0,0.0,0.0,0.0,0.0,0.0,0.0,0.0,0.0,0.0,0.0,-0.0029881260725903927,0.0,0.0,0.0,0.0,-0.0001660070040327996,0.8912797081765552
2024-09-02,0.0,0.0,0.0,0.0,0.0,0.0,0.0,0.0,0.0,0.0,0.0,0.0,0.0,0.03358654707877697,0.0,0.0,0.0,0.0,0.0018659192821542762,0.8929427641698346
2024-09-03,0.0,0.0,0.0,0.0,0.0,0.0,0.0,0.0,0.0,0.0,0.0,0.0,0.0,-0.008099835503601686,0.0,0.0,0.0,0.0,-0.0004499908613112048,0.8925409480862843
2024-09-04,0.0,0.0,0.0,0.0,0.0,0.0,0.0,0.0,0.0,0.0,0.0,0.0,0.0,0.0004997349424967984,0.0,0.0,0.0,0.0,2.7763052360933245e-05,0.8925657277473602
2024-09-05,0.0,0.0,0.0,0.0,0.0,0.0,0.0,0.0,0.0,0.0,0.0,0.0,0.0,0.0033174983097789866,0.0,0.0,0.0,0.0,0.00018430546165438814,0.8927302324858696
2024-09-06,0.0,0.0,0.0,0.0,0.0,0.0,0.0,0.0,0.0,0.0,0.0,0.0,0.0,-0.0172057430985711,0.0,0.0,0.0,0.0,-0.0009558746165872834,0.8918768943171762
2024-09-09,0.0,0.0,0.0,0.0,0.0,0.0,0.0,0.0,0.0,0.0,0.0,0.0,0.0,-0.004550381520791875,0.0,0.0,0.0,0.0,-0.0002527989733773264,0.8916514287539138
2024-09-10,0.0,0.0,0.0,0.0,0.0,0.0,0.0,0.0,0.0,0.0,0.0,0.0,0.0,0.012120807084782085,0.0,0.0,0.0,0.0,0.0006733781713767825,0.8922518473625136
2024-09-11,0.0,0.0,0.0,0.0,0.0,0.0,0.0,0.0,0.0,0.0,0.0,0.0,0.0,0.002931901280802372,-0.0,0.0,0.0,0.0,0.00016288340448902068,0.8923971803810737
2024-09-12,0.0,0.0,0.0,0.0,0.0,0.0,0.0,0.0,0.0,0.0,0.0,0.0,0.0,0.011877333136527909,0.0,0.0,0.0,0.0,0.0006598518409182171,0.8929860303033784
2024-09-13,0.0,0.0,0.0,0.0,0.0,0.0,0.0,0.0,0.0,0.0,0.0,0.0,0.0,0.0023138512193584065,-0.0,0.0,0.0,0.0,0.00012854728996435593,0.89310082123755
2024-09-16,0.0,0.0,0.0,0.0,0.0,0.0,0.0,0.0,0.0,0.0,0.0,0.0,0.0,0.0005615317269097168,-0.0,0.0,0.0,0.0,3.119620705053982e-05,0.8931286825956862
2024-09-17,0.0,0.0,0.0,0.0,0.0,0.0,0.0,0.0,0.0,0.0,0.0,0.0,0.0,0.0019489390088147896,0.0,0.0,0.0,0.0,0.00010827438937859942,0.8932253855584308
2024-09-18,0.0,0.0,0.0,0.0,0.0,0.0,0.0,0.0,0.0,0.0,0.0,0.0,0.0,-0.01309731593991275,0.0,0.0,0.0,0.0,-0.0007276286633284861,0.8925754491650858
2024-09-19,0.0,0.0,0.0,0.0,0.0,0.0,0.0,0.0,0.0,0.0,0.0,0.0,0.0,-0.006777729730130365,0.0,0.0,0.0,0.0,-0.00037654054056279805,0.8922393583229641
2024-09-20,0.0,0.0,0.0,0.0,0.0,0.0,0.0,0.0,0.0,0.0,0.0,0.0,0.0,0.0,-0.0,0.0,0.0,0.0,0.0,0.8922393583229641
2024-09-23,0.0,0.0,0.0,0.0,0.0,0.0,0.0,0.0,0.0,0.0,0.0,0.0,0.0,-0.001,-0.0,0.0,0.0,0.0,-5.555555555555556e-05,0.8921897894697239
2024-09-24,0.0,0.0,0.0,0.0,0.0,0.0,0.0,0.0,0.0,0.0,0.0,0.0,0.0,-0.012875949163526856,0.0,0.0,0.0,0.0,-0.0007153305090848253,0.8915515788934223
2024-09-25,0.0,0.0,0.0,0.0,0.0,0.0,0.0,0.0,0.0,0.0,0.0,0.0,0.0,-0.0037874011126354705,0.0,0.0,0.0,0.0,-0.00021041117292419282,0.8913639864799849
2024-09-26,0.0,0.0,0.0,0.0,0.0,0.0,0.0,0.0,0.0,0.0,0.0,0.0,0.0,-0.000992439154438314,0.0,0.0,0.0,0.0,-5.513550857990634e-05,0.8913148406732605
2024-09-27,0.0,0.0,0.0,0.0,0.0,0.0,0.0,0.0,0.0,0.0,0.0,0.0,0.0,-0.014056642950537771,0.0,0.0,0.0,0.0,-0.0007809246083632095,0.8906187909803794
2024-09-30,0.0,0.0,0.0,0.0,0.0,0.0,0.0,0.0,0.0,0.0,0.0,0.0,0.0,0.007552131997972464,-0.0,0.0,0.0,0.0,0.000419562888776248,0.8909924615731215
2024-10-01,0.0,0.0,0.0,0.0,0.0,0.0,0.0,0.0,0.0,0.0,0.0,0.0,0.0,-0.011727914650231056,0.0,0.0,0.0,0.0,-0.0006515508139017253,0.8904119347096032
2024-10-03,0.0,0.0,0.0,0.0,0.0,0.0,0.0,0.0,0.0,0.0,0.0,0.0,0.0,0.021544288676960597,-0.0,0.0,0.0,0.0,0.001196904926497811,0.8914776731408695
2024-10-04,0.0,0.0,0.0,0.0,0.0,0.0,0.0,0.0,0.0,0.0,0.0,0.0,0.0,0.0009620519007733173,0.0,0.0,0.0,0.0,5.344732782073985e-05,0.8915253202403106
2024-10-07,0.0,0.0,0.0,0.0,0.0,0.0,0.0,0.0,0.0,0.0,0.0,0.0,0.0,-0.00026072659709181845,-0.0,0.0,0.0,0.0,-1.448481094954547e-05,0.8915124066645902
2024-10-08,0.0,0.0,0.0,0.0,0.0,0.0,0.0,0.0,0.0,0.0,0.0,0.0,0.0,-0.007019324857556125,0.0,0.0,0.0,0.0,-0.0003899624920864514,0.8911647502647613
2024-10-09,0.0,0.0,0.0,0.0,0.0,0.0,0.0,0.0,0.0,0.0,0.0,0.0,0.0,-0.011316702699732813,0.0,0.0,0.0,0.0,-0.0006287057055407118,0.8906044699016931
2024-10-10,0.0,0.0,0.0,0.0,0.0,0.0,0.0,0.0,0.0,0.0,0.0,0.0,0.0,0.0005115797522098484,-0.0,0.0,0.0,0.0,2.842109734499158e-05,0.890629781858028
2024-10-11,0.0,0.0,0.0,0.0,0.0,0.0,0.0,0.0,0.0,0.0,0.0,0.0,0.0,-0.01700170066827205,0.0,0.0,0.0,0.0,-0.000944538926015114,0.8897885473603947
2024-10-14,0.0,0.0,0.0,0.0,0.0,0.0,0.0,0.0,0.0,0.0,0.0,0.0,0.0,-0.008752899759333993,-0.0,0.0,0.0,0.0,-0.0004862722088518885,0.8893558679180587
2024-10-15,0.0,0.0,0.0,0.0,0.0,0.0,0.0,0.0,0.0,0.0,0.0,0.0,0.0,-0.007314681767737611,-0.0,0.0,0.0,0.0,-0.00040637120931875616,0.8889944592984981
2024-10-16,0.0,0.0,0.0,0.0,0.0,0.0,0.0,0.0,0.0,0.0,0.0,0.0,0.0,0.003127536610684819,0.0,0.0,0.0,0.0,0.0001737520339269344,0.889148923893951
2024-10-17,0.0,0.0,0.0,0.0,0.0,0.0,0.0,0.0,0.0,0.0,0.0,0.0,0.0,-0.0017905864593886394,0.0,0.0,0.0,0.0,-9.947702552159108e-05,0.8890604740037562
2024-10-18,0.0,0.0,0.0,0.0,0.0,0.0,0.0,0.0,0.0,0.0,0.0,0.0,0.0,0.004582394814380692,0.0,0.0,0.0,0.0,0.00025457748968781626,0.8892868087874087
2024-10-21,0.0,0.0,0.0,0.0,0.0,0.0,0.0,0.0,0.0,0.0,0.0,0.0,0.0,0.00805167160449254,-0.0,0.0,0.0,0.0,0.0004473150891384744,0.8896846001955511
2024-10-22,0.0,0.0,0.0,0.0,0.0,0.0,0.0,0.0,0.0,0.0,0.0,0.0,0.0,-0.0,-0.0,0.0,0.0,0.0,0.0,0.8896846001955511
2024-10-23,0.0,0.0,0.0,0.0,0.0,0.0,0.0,0.0,0.0,0.0,0.0,0.0,0.0,0.0,0.0,0.0,0.0,0.0,0.0,0.8896846001955511
2024-10-24,0.0,0.0,0.0,0.0,0.0,0.0,0.0,0.0,0.0,0.0,0.0,0.0,0.0,-0.0,-0.0,0.0,0.0,0.0,0.0,0.8896846001955511
2024-10-25,0.0,0.0,0.0,0.0,0.0,0.0,0.0,0.0,0.0,0.0,0.0,0.0,0.0,0.0,-0.0,0.0,0.0,0.0,0.0,0.8896846001955511
2024-10-28,0.0,0.0,0.0,0.0,0.0,0.0,0.0,0.0,0.0,0.0,0.0,0.0,0.0,-0.001,0.0,0.0,0.0,0.0,-5.555555555555556e-05,0.889635173273318
2024-10-29,0.0,0.0,0.0,0.0,0.0,0.0,0.0,0.0,0.0,0.0,0.0,0.0,0.0,0.0011361492331221916,0.0,0.0,0.0,0.0,6.311940184012175e-05,0.889691326513311
2024-10-30,0.0,0.0,0.0,0.0,0.0,0.0,0.0,0.0,0.0,0.0,0.0,0.0,0.0,0.0,-0.0,0.0,0.0,0.0,0.0,0.889691326513311
2024-10-31,0.0,0.0,0.0,0.0,0.0,0.0,0.0,0.0,0.0,0.0,0.0,0.0,0.0,0.0,-0.0,0.0,0.0,0.0,0.0,0.889691326513311
2024-11-01,0.0,0.0,0.0,0.0,0.0,0.0,0.0,0.0,0.0,0.0,0.0,0.0,0.0,0.0,0.0,0.0,0.0,0.0,0.0,0.889691326513311
2024-11-04,0.0,0.0,0.0,0.0,0.0,0.0,0.0,0.0,0.0,0.0,0.0,0.0,0.0,0.0,-0.0,0.0,0.0,0.0,0.0,0.889691326513311
2024-11-05,0.0,0.0,0.0,0.0,0.0,0.0,0.0,0.0,0.0,0.0,0.0,0.0,0.0,0.0,-0.0,0.0,0.0,0.0,0.0,0.889691326513311
2024-11-06,0.0,0.0,0.0,0.0,0.0,0.0,0.0,0.0,0.0,0.0,0.0,0.0,0.0,0.0,0.0,0.0,0.0,0.0,0.0,0.889691326513311
2024-11-07,0.0,0.0,0.0,0.0,0.0,0.0,0.0,0.0,0.0,0.0,0.0,0.0,0.0,0.0,-0.0,0.0,0.0,0.0,0.0,0.889691326513311
2024-11-08,0.0,0.0,0.0,0.0,0.0,0.0,0.0,0.0,0.0,0.0,0.0,0.0,0.0,0.0,-0.0,0.0,0.0,0.0,0.0,0.889691326513311
2024-11-11,0.0,0.0,0.0,0.0,0.0,0.0,0.0,0.0,0.0,0.0,0.0,0.0,0.0,0.0,0.0,0.0,0.0,0.0,0.0,0.889691326513311
2024-11-12,0.0,0.0,0.0,0.0,0.0,0.0,0.0,0.0,0.0,0.0,0.0,0.0,0.0,0.0,0.0,0.0,0.0,0.0,0.0,0.889691326513311
2024-11-13,0.0,0.0,0.0,0.0,0.0,0.0,0.0,0.0,0.0,0.0,0.0,0.0,0.0,0.0,-0.0,0.0,0.0,0.0,0.0,0.889691326513311
2024-11-14,0.0,0.0,0.0,0.0,0.0,0.0,0.0,0.0,0.0,0.0,0.0,0.0,0.0,0.0,-0.001,0.0,0.0,0.0,-5.555555555555556e-05,0.8896418992173936
2024-11-18,0.0,0.0,0.0,0.0,0.0,0.0,0.0,0.0,0.0,0.0,0.0,0.0,0.0,0.0,0.02654942602360435,0.0,0.0,0.0,0.0014749681124224638,0.8909540926502142
2024-11-19,0.0,0.0,0.0,0.0,0.0,0.0,0.0,0.0,0.0,0.0,0.0,0.0,0.0,0.0,-0.014169921379474284,0.0,0.0,0.0,-0.000787217854415238,0.8902527176810155
2024-11-21,0.0,0.0,0.0,0.0,0.0,0.0,0.0,0.0,0.0,0.0,0.0,0.0,0.0,0.0,0.0161188542413946,0.0,0.0,0.0,0.0008954919022997,0.8910499317806991
2024-11-22,0.0,0.0,0.0,0.0,0.0,0.0,0.0,0.0,0.0,0.0,0.0,0.0,0.0,0.0,-0.03016613463227369,0.0,0.0,0.0,-0.0016758963684596494,0.8895566244359117
2024-11-25,0.0,0.0,0.0,0.0,0.0,0.0,0.0,0.0,0.0,0.0,0.0,0.0,0.0,0.0,0.03738558649718368,0.0,0.0,0.0,0.0020769770276213156,0.8914042131096334
2024-11-26,0.0,0.0,0.0,0.0,0.0,0.0,0.0,0.0,0.0,0.0,0.0,0.0,0.0,0.0,-0.0011992661719254175,0.0,0.0,0.0,-6.662589844030098e-05,0.8913448225030615
2024-11-27,0.0,0.0,0.0,0.0,0.0,0.0,0.0,0.0,0.0,0.0,0.0,0.0,0.0,0.0,-0.012551514690401923,0.0,0.0,0.0,-0.0006973063716889957,0.8907232820789581
2024-11-28,0.0,0.0,0.0,0.0,0.0,0.0,0.0,0.0,0.0,0.0,0.0,0.0,0.0,0.0,-0.0037341849894334455,0.0,0.0,0.0,-0.00020745472163519142,0.8905384973284205
2024-11-29,0.0,0.0,0.0,0.0,0.0,0.0,0.0,0.0,0.0,0.0,0.0,0.0,0.0,0.0,-0.0,0.0,0.0,0.0,0.0,0.8905384973284205
2024-12-02,0.0,0.0,0.0,0.0,0.0,0.0,0.0,0.0,0.0,0.0,0.0,0.0,0.0,0.0,-0.0,0.0,0.0,0.0,0.0,0.8905384973284205
2024-12-03,0.0,0.0,0.0,0.0,0.0,0.0,0.0,0.0,0.0,0.0,0.0,0.0,0.0,0.0,-0.001,0.0,0.0,0.0,-5.555555555555556e-05,0.8904890229674578
2024-12-04,0.0,0.0,0.0,0.0,0.0,0.0,0.0,0.0,0.0,0.0,0.0,0.0,0.0,0.0,0.005497233878084972,0.0,0.0,0.0,0.0003054018821158318,0.8907609799910755
2024-12-05,0.0,0.0,0.0,0.0,0.0,0.0,0.0,0.0,0.0,0.0,0.0,0.0,0.0,0.0,-0.010403878774333087,0.0,0.0,0.0,-0.0005779932652407271,0.8902461261437014
2024-12-06,0.0,0.0,0.0,0.0,0.0,0.0,0.0,0.0,0.0,0.0,0.0,0.0,0.0,0.0,0.0026556170537591884,0.0,0.0,0.0,0.00014753428076439936,0.8903774679656252
2024-12-09,0.0,0.0,0.0,0.0,0.0,0.0,0.0,0.0,0.0,0.0,0.0,0.0,0.0,0.0,0.0016956523502057465,0.0,0.0,0.0,9.42029083447637e-05,0.8904613441126323
2024-12-10,0.0,0.0,0.0,0.0,0.0,0.0,0.0,0.0,0.0,0.0,0.0,0.0,0.0,0.0,0.0033601664940310855,0.0,0.0,0.0,0.00018667591633506032,0.8906275718000056
2024-12-11,0.0,0.0,0.0,0.0,0.0,0.0,0.0,0.0,0.0,0.0,0.0,0.0,0.0,0.0,-0.007084031834175758,0.0,0.0,0.0,-0.00039355732412087543,0.8902770587960598
2024-12-12,0.0,0.0,0.0,0.0,0.0,0.0,0.0,0.0,0.0,0.0,0.0,0.0,0.0,0.0,0.004907356595140963,-0.0,0.0,0.0,0.00027263092195227575,0.8905197758513923
2024-12-13,0.0,0.0,0.0,0.0,0.0,0.0,0.0,0.0,0.0,0.0,0.0,0.0,0.0,0.0,0.007371677190235787,-0.0,0.0,0.0,0.00040953762167976595,0.8908844772024532
2024-12-16,0.0,0.0,0.0,0.0,0.0,0.0,0.0,0.0,0.0,0.0,0.0,0.0,0.0,0.0,0.00882200758953499,-0.0,0.0,0.0,0.0004901115327519439,0.8913211099590799
2024-12-17,0.0,0.0,0.0,0.0,0.0,0.0,0.0,0.0,0.0,0.0,0.0,0.0,0.0,0.0,0.010327642694651326,-0.0,0.0,0.0,0.0005737579274806292,0.8918325125118498
2024-12-18,0.0,0.0,0.0,0.0,0.0,0.0,0.0,0.0,0.0,0.0,0.0,0.0,0.0,0.0,-0.0018042441809051476,0.0,0.0,0.0,-0.00010023578782806375,0.8917431189773475
2024-12-19,0.0,0.0,0.0,0.0,0.0,0.0,0.0,0.0,0.0,0.0,0.0,0.0,0.0,0.0,0.0,0.0,0.0,0.0,0.0,0.8917431189773475
2024-12-20,0.0,0.0,0.0,0.0,0.0,0.0,0.0,0.0,0.0,0.0,0.0,0.0,0.0,0.0,-0.0,-0.0,0.0,0.0,0.0,0.8917431189773475
2024-12-23,0.0,0.0,0.0,0.0,0.0,0.0,0.0,0.0,0.0,0.0,0.0,0.0,0.0,0.0,0.0,0.0,0.0,0.0,0.0,0.8917431189773475
2024-12-24,0.0,0.0,0.0,0.0,0.0,0.0,0.0,0.0,0.0,0.0,0.0,0.0,0.0,0.0,-0.0,-0.0,0.0,0.0,0.0,0.8917431189773475
2024-12-26,0.0,0.0,0.0,0.0,0.0,0.0,0.0,0.0,0.0,0.0,0.0,0.0,0.0,0.0,0.0,0.0,0.0,0.0,0.0,0.8917431189773475
2024-12-27,0.0,0.0,0.0,0.0,0.0,0.0,0.0,0.0,0.0,0.0,0.0,0.0,0.0,0.0,-0.0,-0.0,0.0,0.0,0.0,0.8917431189773475
2024-12-30,0.0,0.0,0.0,0.0,0.0,0.0,0.0,0.0,0.0,0.0,0.0,0.0,0.0,0.0,-0.0,-0.0,0.0,0.0,0.0,0.8917431189773475
2024-12-31,0.0,0.0,0.0,0.0,0.0,0.0,0.0,0.0,0.0,0.0,0.0,0.0,0.0,0.0,0.0,0.0,0.0,0.0,0.0,0.8917431189773475
2025-01-01,0.0,0.0,0.0,0.0,0.0,0.0,0.0,0.0,0.0,0.0,0.0,0.0,0.0,0.0,-0.0,-0.0,0.0,0.0,0.0,0.8917431189773475
2025-01-02,0.0,0.0,0.0,0.0,0.0,0.0,0.0,0.0,0.0,0.0,0.0,0.0,0.0,0.0,0.0,0.0,0.0,0.0,0.0,0.8917431189773475
2025-01-03,0.0,0.0,0.0,0.0,0.0,0.0,0.0,0.0,0.0,0.0,0.0,0.0,0.0,0.0,-0.001,-0.0,0.0,0.0,-5.555555555555556e-05,0.8916935776929599
2025-01-06,0.0,0.0,0.0,0.0,0.0,0.0,0.0,0.0,0.0,0.0,0.0,0.0,0.0,0.0,-0.01851005435131095,-0.0,0.0,0.0,-0.0010283363528506085,0.8907766167714148
2025-01-07,0.0,0.0,0.0,0.0,0.0,0.0,0.0,0.0,0.0,0.0,0.0,0.0,0.0,0.0,0.009738569535501477,0.0,0.0,0.0,0.0005410316408611932,0.8912585551060275
2025-01-08,0.0,0.0,0.0,0.0,0.0,0.0,0.0,0.0,0.0,0.0,0.0,0.0,0.0,0.0,0.010996666717913883,0.0,0.0,0.0,0.0006109259287729935,0.8918030480665825
2025-01-09,0.0,0.0,0.0,0.0,0.0,0.0,0.0,0.0,0.0,0.0,0.0,0.0,0.0,0.0,0.013237204516961558,0.0,0.0,0.0,0.0007354002509423088,0.8924588802519218
2025-01-10,0.0,0.0,0.0,0.0,0.0,0.0,0.0,0.0,0.0,0.0,0.0,0.0,0.0,0.0,-0.032494801946339115,-0.0,0.0,0.0,-0.0018052667747966175,0.8908477538875308
2025-01-13,0.0,0.0,0.0,0.0,0.0,0.0,0.0,0.0,0.0,0.0,0.0,0.0,0.0,0.0,-0.005284170514777191,-0.0,0.0,0.0,-0.00029356502859873284,0.8905862321411836
2025-01-14,0.0,0.0,0.0,0.0,0.0,0.0,0.0,0.0,0.0,0.0,0.0,0.0,0.0,0.0,0.029569365399542216,0.0,0.0,0.0,0.0016427425221967897,0.8920492360144049
2025-01-15,0.0,0.0,0.0,0.0,0.0,0.0,0.0,0.0,0.0,0.0,0.0,0.0,0.0,0.0,0.002729460315114096,0.0,0.0,0.0,0.00015163668417300533,0.8921845034026731
2025-01-16,0.0,0.0,0.0,0.0,0.0,0.0,0.0,0.0,0.0,0.0,0.0,0.0,0.0,0.0,0.016441405701260618,0.0,0.0,0.0,0.0009134114278478121,0.8929994349238297
2025-01-17,0.0,0.0,0.0,0.0,0.0,0.0,0.0,0.0,0.0,0.0,0.0,0.0,0.0,0.0,0.02246378099286481,0.0,0.0,0.0,0.001247987832936934,0.8941138873534342
2025-01-20,0.0,0.0,0.0,0.0,0.0,0.0,0.0,0.0,0.0,0.0,0.0,0.0,0.0,0.0,-0.006511405269169702,-0.0,0.0,0.0,-0.0003617447371760945,0.8937904463602481
2025-01-21,0.0,0.0,0.0,0.0,0.0,0.0,0.0,0.0,0.0,0.0,0.0,0.0,0.0,0.0,-0.011224675815730827,-0.0,0.0,0.0,-0.0006235931008739348,0.8932330848042708
2025-01-22,0.0,0.0,0.0,0.0,0.0,0.0,0.0,0.0,0.0,0.0,0.0,0.0,0.0,0.0,0.003565056373794279,0.0,0.0,0.0,0.0001980586874330155,0.8934099973766189
2025-01-23,0.0,0.0,0.0,0.0,0.0,0.0,0.0,0.0,0.0,0.0,0.0,0.0,0.0,0.0,-0.016949620204010772,-0.0,0.0,0.0,-0.0009416455668894874,0.8925687218131745
2025-01-24,0.0,0.0,0.0,0.0,0.0,0.0,0.0,0.0,0.0,0.0,0.0,0.0,0.0,0.0,-0.004284707590613976,-0.0,0.0,0.0,-0.00023803931058966532,0.8923562553699802
2025-01-27,0.0,0.0,0.0,0.0,0.0,0.0,0.0,0.0,0.0,0.0,0.0,0.0,0.0,0.0,-0.021809797938944886,-0.0,0.0,0.0,-0.0012116554410524936,0.8912750270578039
2025-01-28,0.0,0.0,0.0,0.0,0.0,0.0,0.0,0.0,0.0,0.0,0.0,0.0,0.0,0.0,-0.01913450289355864,-0.001,0.0,0.0,-0.0011185834940865913,0.8902780615238455
2025-01-29,0.0,0.0,0.0,0.0,0.0,0.0,0.0,0.0,0.0,0.0,0.0,0.0,0.0,0.0,-0.0015308021498027652,-0.0015308021498027652,0.0,0.0,-0.0001700891277558628,0.8901266349049007
2025-01-30,0.0,0.0,0.0,0.0,0.0,0.0,0.0,0.0,0.0,0.0,0.0,0.0,0.0,0.0,0.0,-0.0012802482227184308,0.0,0.0,-7.112490126213505e-05,0.8900633247358823
2025-01-31,0.0,0.0,0.0,0.0,0.0,0.0,0.0,0.0,0.0,0.0,0.0,0.0,0.0,0.0,0.0,0.013499624859355016,0.0,0.0,0.0007499791588530565,0.8907308536794937
2025-02-01,0.0,0.0,0.0,0.0,0.0,0.0,0.0,0.0,0.0,0.0,0.0,0.0,0.0,0.0,0.0,-0.00920180933464788,0.0,0.0,-0.00051121162970266,0.8902755017081577
2025-02-03,0.0,0.0,0.0,0.0,0.0,0.0,0.0,0.0,0.0,0.0,0.0,0.0,0.0,0.0,0.0,-0.02108358992454053,0.0,0.0,-0.0011713105513633628,0.8892327126193866
2025-02-04,0.0,0.0,0.0,0.0,0.0,0.0,0.0,0.0,0.0,0.0,0.0,0.0,0.0,0.0,0.0,0.016081887950666125,0.0,0.0,0.0008934382194814514,0.8900271871108539
2025-02-05,0.0,0.0,0.0,0.0,0.0,0.0,0.0,0.0,0.0,0.0,0.0,0.0,0.0,0.0,0.0,0.0277652565628119,0.0,0.0,0.00154251425348955,0.8914000667329656
2025-02-06,0.0,0.0,0.0,0.0,0.0,0.0,0.0,0.0,0.0,0.0,0.0,0.0,0.0,0.0,0.0,-0.00836783872100822,0.0,0.0,-0.00046487992894490116,0.8909856727332812
2025-02-07,0.0,0.0,0.0,0.0,0.0,0.0,0.0,0.0,0.0,0.0,0.0,0.0,0.0,0.0,0.0,0.014042906811309737,0.0,0.0,0.0007801614895172076,0.8916807854428594
2025-02-10,0.0,0.0,0.0,0.0,0.0,0.0,0.0,0.0,0.0,0.0,0.0,0.0,0.0,0.0,0.0,-0.014670250288396393,0.0,0.0,-0.0008150139049109107,0.8909540532039817
2025-02-11,0.0,0.0,0.0,0.0,0.0,0.0,0.0,0.0,0.0,0.0,0.0,0.0,0.0,0.0,0.0,0.0006417304046725528,0.0,0.0,3.565168914847516e-05,0.8909858172209321
2025-02-12,0.0,0.0,0.0,0.0,0.0,0.0,0.0,0.0,0.0,0.0,0.0,0.0,0.0,0.0,0.0,0.004737797193666514,0.0,0.0,0.0002632109552036952,0.8912203344489557
2025-02-13,0.0,0.0,0.0,0.0,0.0,0.0,0.0,0.0,0.0,0.0,0.0,0.0,0.0,0.0,0.0,0.0032923686702482136,0.0,0.0,0.0001829093705693452,0.8913833469993684
2025-02-14,0.0,0.0,0.0,0.0,0.0,0.0,0.0,0.0,0.0,0.0,0.0,0.0,0.0,0.0,0.0,0.007114757335101037,0.0,0.0,0.0003952642963945021,0.8917356790108378
2025-02-17,0.0,0.0,0.0,0.0,0.0,0.0,0.0,0.0,0.0,0.0,0.0,0.0,0.0,0.0,0.0,0.005884504668541438,0.0,0.0,0.0003269169260300799,0.8920272024978514
2025-02-18,0.0,0.0,0.0,0.0,0.0,0.0,0.0,0.0,0.0,0.0,0.0,0.0,0.0,0.0,0.0,-0.00011217706434251675,0.0,0.0,-6.2320591301398195e-06,0.8920216433315797
2025-02-19,0.0,0.0,0.0,0.0,0.0,0.0,0.0,0.0,0.0,0.0,0.0,0.0,0.0,0.0,0.0,0.02365719840338094,0.0,0.0,0.00131428880018783,0.8931940173869356
2025-02-20,0.0,0.0,0.0,0.0,0.0,0.0,0.0,0.0,0.0,0.0,0.0,0.0,0.0,0.0,0.0,0.0,0.0,0.0,0.0,0.8931940173869356
2025-02-21,0.0,0.0,0.0,0.0,0.0,0.0,0.0,0.0,0.0,0.0,0.0,0.0,0.0,0.0,0.0,0.0,0.0,0.0,0.0,0.8931940173869356
2025-02-24,0.0,0.0,0.0,0.0,0.0,0.0,0.0,0.0,0.0,0.0,0.0,0.0,0.0,0.0,0.0,-0.0,0.0,0.0,0.0,0.8931940173869356
2025-02-25,0.0,0.0,0.0,0.0,0.0,0.0,0.0,0.0,0.0,0.0,0.0,0.0,0.0,0.0,0.0,-0.0,0.0,0.0,0.0,0.8931940173869356
2025-02-27,0.0,0.0,0.0,0.0,0.0,0.0,0.0,0.0,0.0,0.0,0.0,0.0,0.0,0.0,0.0,0.0,0.0,0.0,0.0,0.8931940173869356
2025-02-28,0.0,0.0,0.0,0.0,0.0,0.0,0.0,0.0,0.0,0.0,0.0,0.0,0.0,0.0,0.0,-0.001,0.0,0.0,-5.555555555555556e-05,0.8931443954970807
2025-03-03,0.0,0.0,0.0,0.0,0.0,0.0,0.0,0.0,0.0,0.0,0.0,0.0,0.0,0.0,0.0,-0.013243134833461196,0.0,0.0,-0.0007357297129700664,0.8924872826273408
2025-03-04,0.0,0.0,0.0,0.0,0.0,0.0,0.0,0.0,0.0,0.0,0.0,0.0,0.0,0.0,0.0,0.009444884494393475,0.0,0.0,0.000524715805244082,0.8929555848105147
2025-03-05,0.0,0.0,0.0,0.0,0.0,0.0,0.0,0.0,0.0,0.0,0.0,0.0,0.0,0.0,0.0,-0.0007748371056507525,0.0,0.0,-4.304650586948625e-05,0.892917146192692
2025-03-06,0.0,0.0,0.0,0.0,0.0,0.0,0.0,0.0,0.0,0.0,0.0,0.0,0.0,0.0,0.0,0.029082016825497204,0.0,0.0,0.0016156676014165113,0.8943598034965449
2025-03-07,0.0,0.0,0.0,0.0,0.0,0.0,0.0,0.0,0.0,0.0,0.0,0.0,0.0,0.0,0.0,0.013728533764941592,0.0,0.0,0.0007626963202745329,0.895041928427673
2025-03-10,0.0,0.0,0.0,0.0,0.0,0.0,0.0,0.0,0.0,0.0,0.0,0.0,0.0,0.0,0.0,-0.006035016565209677,0.0,0.0,-0.00033527869806720424,0.8947418399351943
2025-03-11,0.0,0.0,0.0,0.0,0.0,0.0,0.0,0.0,0.0,0.0,0.0,0.0,0.0,0.0,0.0,0.002522279372748495,0.0,0.0,0.00014012663181936082,0.8948672170955722
2025-03-12,0.0,0.0,0.0,0.0,0.0,0.0,0.0,0.0,0.0,0.0,0.0,0.0,0.0,0.0,0.0,0.0028383100997885977,0.0,0.0,0.00015768389443269988,0.8950083232433639
2025-03-13,0.0,0.0,0.0,0.0,0.0,0.0,0.0,0.0,0.0,0.0,0.0,0.0,0.0,0.0,0.0,-0.005747211559521334,0.0,0.0,-0.00031928953108451854,0.8947225564555188
2025-03-17,0.0,0.0,0.0,0.0,0.0,0.0,0.0,0.0,0.0,0.0,0.0,0.0,0.0,0.0,0.0,-0.001179568579168234,0.0,0.0,-6.553158773156855e-05,0.894663923865815
2025-03-18,0.0,0.0,0.0,0.0,0.0,0.0,0.0,0.0,0.0,0.0,0.0,0.0,0.0,0.0,0.0,0.0,0.0,0.0,0.0,0.894663923865815
2025-03-19,0.0,0.0,0.0,0.0,0.0,0.0,0.0,0.0,0.0,0.0,0.0,0.0,0.0,0.0,0.0,-0.011768057459731814,0.0,0.0,-0.0006537809699851008,0.8940790096178592
2025-03-20,0.0,0.0,0.0,0.0,0.0,0.0,0.0,0.0,0.0,0.0,0.0,0.0,0.0,0.0,0.0,-0.010313125700671708,0.0,0.0,-0.0005729514278150949,0.8935667457727192
2025-03-21,0.0,0.0,0.0,0.0,0.0,0.0,0.0,0.0,0.0,0.0,0.0,0.0,0.0,0.0,0.0,-0.024328136231769118,0.0,0.0,-0.0013515631239871732,0.8923590339103116
2025-03-24,0.0,0.0,0.0,0.0,0.0,0.0,0.0,0.0,0.0,0.0,0.0,0.0,0.0,0.0,0.0,0.005151774854564609,0.0,0.0,0.0002862097141424783,0.8926144357343195
2025-03-25,0.0,0.0,0.0,0.0,0.0,0.0,0.0,0.0,0.0,0.0,0.0,0.0,0.0,0.0,0.0,-0.0,0.0,0.0,0.0,0.8926144357343195
2025-03-26,0.0,0.0,0.0,0.0,0.0,0.0,0.0,0.0,0.0,0.0,0.0,0.0,0.0,0.0,0.0,0.0,0.0,0.0,0.0,0.8926144357343195
2025-03-27,0.0,0.0,0.0,0.0,0.0,0.0,0.0,0.0,0.0,0.0,0.0,0.0,0.0,0.0,0.0,0.0,0.0,0.0,0.0,0.8926144357343195
2025-03-28,0.0,0.0,0.0,0.0,0.0,0.0,0.0,0.0,0.0,0.0,0.0,0.0,0.0,0.0,0.0,-0.0,0.0,0.0,0.0,0.8926144357343195
2025-04-01,0.0,0.0,0.0,0.0,0.0,0.0,0.0,0.0,0.0,0.0,0.0,0.0,0.0,0.0,0.0,-0.0,0.0,0.0,0.0,0.8926144357343195
2025-04-02,0.0,0.0,0.0,0.0,0.0,0.0,0.0,0.0,0.0,0.0,0.0,0.0,0.0,0.0,0.0,-0.0,0.0,0.0,0.0,0.8926144357343195
2025-04-03,0.0,0.0,0.0,0.0,0.0,0.0,0.0,0.0,0.0,0.0,0.0,0.0,0.0,0.0,0.0,-0.0,0.0,0.0,0.0,0.8926144357343195
2025-04-04,0.0,0.0,0.0,0.0,0.0,0.0,0.0,0.0,0.0,0.0,0.0,0.0,0.0,0.0,0.0,-0.0,0.0,0.0,0.0,0.8926144357343195
2025-04-07,0.0,0.0,0.0,0.0,0.0,0.0,0.0,0.0,0.0,0.0,0.0,0.0,0.0,0.0,0.0,-0.0,0.0,0.0,0.0,0.8926144357343195
2025-04-08,0.0,0.0,0.0,0.0,0.0,0.0,0.0,0.0,0.0,0.0,0.0,0.0,0.0,0.0,0.0,-0.0,0.0,0.0,0.0,0.8926144357343195
2025-04-09,0.0,0.0,0.0,0.0,0.0,0.0,0.0,0.0,0.0,0.0,0.0,0.0,0.0,0.0,0.0,-0.0,0.0,0.0,0.0,0.8926144357343195
2025-04-11,0.0,0.0,0.0,0.0,0.0,0.0,0.0,0.0,0.0,0.0,0.0,0.0,0.0,0.0,0.0,0.0,0.0,0.0,0.0,0.8926144357343195
2025-04-15,0.0,0.0,0.0,0.0,0.0,0.0,0.0,0.0,0.0,0.0,0.0,0.0,0.0,0.0,0.0,0.0,0.0,0.0,0.0,0.8926144357343195
2025-04-16,0.0,0.0,0.0,0.0,0.0,0.0,0.0,0.0,0.0,0.0,0.0,0.0,0.0,0.0,0.0,-0.0,0.0,0.0,0.0,0.8926144357343195
2025-04-17,0.0,0.0,0.0,0.0,0.0,0.0,0.0,0.0,0.0,0.0,0.0,0.0,0.0,0.0,0.0,0.0,0.0,0.0,0.0,0.8926144357343195
2025-04-21,0.0,0.0,0.0,0.0,0.0,0.0,0.0,0.0,0.0,0.0,0.0,0.0,0.0,0.0,0.0,-0.0,0.0,0.0,0.0,0.8926144357343195
2025-04-22,0.0,0.0,0.0,0.0,0.0,0.0,0.0,0.0,0.0,0.0,0.0,0.0,0.0,0.0,0.0,-0.0,0.0,0.0,0.0,0.8926144357343195
2025-04-23,0.0,0.0,0.0,0.0,0.0,0.0,0.0,0.0,0.0,0.0,0.0,0.0,0.0,0.0,0.0,0.0,0.0,0.0,0.0,0.8926144357343195
2025-04-24,0.0,0.0,0.0,0.0,0.0,0.0,0.0,0.0,0.0,0.0,0.0,0.0,0.0,0.0,0.0,-0.0,0.0,0.0,0.0,0.8926144357343195
2025-04-25,0.0,0.0,0.0,0.0,0.0,0.0,0.0,0.0,0.0,0.0,0.0,0.0,0.0,0.0,0.0,0.0,0.0,0.0,0.0,0.8926144357343195
2025-04-28,0.0,0.0,0.0,0.0,0.0,0.0,0.0,0.0,0.0,0.0,0.0,0.0,0.0,0.0,0.0,-0.0,0.0,0.0,0.0,0.8926144357343195
2025-04-29,0.0,0.0,0.0,0.0,0.0,0.0,0.0,0.0,0.0,0.0,0.0,0.0,0.0,0.0,0.0,0.0,0.0,0.0,0.0,0.8926144357343195
2025-04-30,0.0,0.0,0.0,0.0,0.0,0.0,0.0,0.0,0.0,0.0,0.0,0.0,0.0,0.0,0.0,0.0,0.0,0.0,0.0,0.8926144357343195
2025-05-02,0.0,0.0,0.0,0.0,0.0,0.0,0.0,0.0,0.0,0.0,0.0,0.0,0.0,0.0,0.0,0.0,0.0,0.0,0.0,0.8926144357343195
2025-05-05,0.0,0.0,0.0,0.0,0.0,0.0,0.0,0.0,0.0,0.0,0.0,0.0,0.0,0.0,0.0,0.0,0.0,0.0,0.0,0.8926144357343195
2025-05-06,0.0,0.0,0.0,0.0,0.0,0.0,0.0,0.0,0.0,0.0,0.0,0.0,0.0,0.0,0.0,-0.0,0.0,0.0,0.0,0.8926144357343195
2025-05-07,0.0,0.0,0.0,0.0,0.0,0.0,0.0,0.0,0.0,0.0,0.0,0.0,0.0,0.0,0.0,0.0,0.0,0.0,0.0,0.8926144357343195
2025-05-08,0.0,0.0,0.0,0.0,0.0,0.0,0.0,0.0,0.0,0.0,0.0,0.0,0.0,0.0,0.0,0.0,0.0,0.0,0.0,0.8926144357343195
2025-05-09,0.0,0.0,0.0,0.0,0.0,0.0,0.0,0.0,0.0,0.0,0.0,0.0,0.0,0.0,0.0,0.0,0.0,0.0,0.0,0.8926144357343195
2025-05-12,0.0,0.0,0.0,0.0,0.0,0.0,0.0,0.0,0.0,0.0,0.0,0.0,0.0,0.0,0.0,0.0,0.0,0.0,0.0,0.8926144357343195
2025-05-13,0.0,0.0,0.0,0.0,0.0,0.0,0.0,0.0,0.0,0.0,0.0,0.0,0.0,0.0,0.0,0.0,0.0,0.0,0.0,0.8926144357343195
2025-05-14,0.0,0.0,0.0,0.0,0.0,0.0,0.0,0.0,0.0,0.0,0.0,0.0,0.0,0.0,0.0,0.0,0.0,0.0,0.0,0.8926144357343195
2025-05-15,0.0,0.0,0.0,0.0,0.0,0.0,0.0,0.0,0.0,0.0,0.0,0.0,0.0,0.0,0.0,0.0,0.0,0.0,0.0,0.8926144357343195
2025-05-16,0.0,0.0,0.0,0.0,0.0,0.0,0.0,0.0,0.0,0.0,0.0,0.0,0.0,0.0,0.0,0.0,0.0,0.0,0.0,0.8926144357343195
2025-05-19,0.0,0.0,0.0,0.0,0.0,0.0,0.0,0.0,0.0,0.0,0.0,0.0,0.0,0.0,0.0,0.0,0.0,0.0,0.0,0.8926144357343195
2025-05-20,0.0,0.0,0.0,0.0,0.0,0.0,0.0,0.0,0.0,0.0,0.0,0.0,0.0,0.0,0.0,0.0,0.0,0.0,0.0,0.8926144357343195
2025-05-21,0.0,0.0,0.0,0.0,0.0,0.0,0.0,0.0,0.0,0.0,0.0,0.0,0.0,0.0,0.0,0.0,0.0,0.0,0.0,0.8926144357343195
2025-05-22,0.0,0.0,0.0,0.0,0.0,0.0,0.0,0.0,0.0,0.0,0.0,0.0,0.0,0.0,0.0,0.0,0.0,0.0,0.0,0.8926144357343195
2025-05-23,0.0,0.0,0.0,0.0,0.0,0.0,0.0,0.0,0.0,0.0,0.0,0.0,0.0,0.0,0.0,0.0,0.0,0.0,0.0,0.8926144357343195
2025-05-26,0.0,0.0,0.0,0.0,0.0,0.0,0.0,0.0,0.0,0.0,0.0,0.0,0.0,0.0,0.0,0.0,0.0,0.0,0.0,0.8926144357343195
2025-05-27,0.0,0.0,0.0,0.0,0.0,0.0,0.0,0.0,0.0,0.0,0.0,0.0,0.0,0.0,0.0,0.0,0.0,0.0,0.0,0.8926144357343195
2025-05-28,0.0,0.0,0.0,0.0,0.0,0.0,0.0,0.0,0.0,0.0,0.0,0.0,0.0,0.0,0.0,0.0,0.0,0.0,0.0,0.8926144357343195
2025-05-29,0.0,0.0,0.0,0.0,0.0,0.0,0.0,0.0,0.0,0.0,0.0,0.0,0.0,0.0,0.0,0.0,0.0,0.0,0.0,0.8926144357343195
2025-05-30,0.0,0.0,0.0,0.0,0.0,0.0,0.0,0.0,0.0,0.0,0.0,0.0,0.0,0.0,0.0,0.0,0.0,0.0,0.0,0.8926144357343195
2025-06-02,0.0,0.0,0.0,0.0,0.0,0.0,0.0,0.0,0.0,0.0,0.0,0.0,0.0,0.0,0.0,0.0,0.0,0.0,0.0,0.8926144357343195
2025-06-03,0.0,0.0,0.0,0.0,0.0,0.0,0.0,0.0,0.0,0.0,0.0,0.0,0.0,0.0,0.0,0.0,0.0,0.0,0.0,0.8926144357343195
2025-06-04,0.0,0.0,0.0,0.0,0.0,0.0,0.0,0.0,0.0,0.0,0.0,0.0,0.0,0.0,0.0,0.0,0.0,0.0,0.0,0.8926144357343195
2025-06-05,0.0,0.0,0.0,0.0,0.0,0.0,0.0,0.0,0.0,0.0,0.0,0.0,0.0,0.0,0.0,0.0,0.0,0.0,0.0,0.8926144357343195
2025-06-06,0.0,0.0,0.0,0.0,0.0,0.0,0.0,0.0,0.0,0.0,0.0,0.0,0.0,0.0,0.0,0.0,0.0,0.0,0.0,0.8926144357343195
2025-06-09,0.0,0.0,0.0,0.0,0.0,0.0,0.0,0.0,0.0,0.0,0.0,0.0,0.0,0.0,0.0,0.0,0.0,0.0,0.0,0.8926144357343195
2025-06-10,0.0,0.0,0.0,0.0,0.0,0.0,0.0,0.0,0.0,0.0,0.0,0.0,0.0,0.0,0.0,0.0,0.0,0.0,0.0,0.8926144357343195
2025-06-11,0.0,0.0,0.0,0.0,0.0,0.0,0.0,0.0,0.0,0.0,0.0,0.0,0.0,0.0,0.0,0.0,0.0,0.0,0.0,0.8926144357343195
2025-06-12,0.0,0.0,0.0,0.0,0.0,0.0,0.0,0.0,0.0,0.0,0.0,0.0,0.0,0.0,0.0,0.0,0.0,0.0,0.0,0.8926144357343195
2025-06-13,0.0,0.0,0.0,0.0,0.0,0.0,0.0,0.0,0.0,0.0,0.0,0.0,0.0,0.0,0.0,0.0,0.0,0.0,0.0,0.8926144357343195
2025-06-16,0.0,0.0,0.0,0.0,0.0,0.0,0.0,0.0,0.0,0.0,0.0,0.0,0.0,0.0,0.0,0.0,0.0,0.0,0.0,0.8926144357343195
2025-06-17,0.0,0.0,0.0,0.0,0.0,0.0,0.0,0.0,0.0,0.0,0.0,0.0,0.0,0.0,0.0,0.0,-0.0,0.0,0.0,0.8926144357343195
2025-06-18,0.0,0.0,0.0,0.0,0.0,0.0,0.0,0.0,0.0,0.0,0.0,0.0,0.0,0.0,0.0,0.0,-0.0,0.0,0.0,0.8926144357343195
2025-06-19,0.0,0.0,0.0,0.0,0.0,0.0,0.0,0.0,0.0,0.0,0.0,0.0,0.0,0.0,0.0,0.0,0.0,0.0,0.0,0.8926144357343195
2025-06-20,0.0,0.0,0.0,0.0,0.0,0.0,0.0,0.0,0.0,0.0,0.0,0.0,0.0,0.0,0.0,0.0,0.0,0.0,0.0,0.8926144357343195
2025-06-23,0.0,0.0,0.0,0.0,0.0,0.0,0.0,0.0,0.0,0.0,0.0,0.0,0.0,0.0,0.0,0.0,-0.0,0.0,0.0,0.8926144357343195
2025-06-24,0.0,0.0,0.0,0.0,0.0,0.0,0.0,0.0,0.0,0.0,0.0,0.0,0.0,0.0,0.0,0.0,-0.0,0.0,0.0,0.8926144357343195
2025-06-25,0.0,0.0,0.0,0.0,0.0,0.0,0.0,0.0,0.0,0.0,0.0,0.0,0.0,0.0,0.0,0.0,0.0,0.0,0.0,0.8926144357343195
2025-06-26,0.0,0.0,0.0,0.0,0.0,0.0,0.0,0.0,0.0,0.0,0.0,0.0,0.0,0.0,0.0,0.0,0.0,0.0,0.0,0.8926144357343195
2025-06-27,0.0,0.0,0.0,0.0,0.0,0.0,0.0,0.0,0.0,0.0,0.0,0.0,0.0,0.0,0.0,0.0,0.0,0.0,0.0,0.8926144357343195
2025-06-30,0.0,0.0,0.0,0.0,0.0,0.0,0.0,0.0,0.0,0.0,0.0,0.0,0.0,0.0,0.0,0.0,-0.0,0.0,0.0,0.8926144357343195
2025-07-01,0.0,0.0,0.0,0.0,0.0,0.0,0.0,0.0,0.0,0.0,0.0,0.0,0.0,0.0,0.0,0.0,0.0,0.0,0.0,0.8926144357343195
2025-07-02,0.0,0.0,0.0,0.0,0.0,0.0,0.0,0.0,0.0,0.0,0.0,0.0,0.0,0.0,0.0,0.0,-0.0,0.0,0.0,0.8926144357343195
2025-07-03,0.0,0.0,0.0,0.0,0.0,0.0,0.0,0.0,0.0,0.0,0.0,0.0,0.0,0.0,0.0,0.0,-0.0,0.0,0.0,0.8926144357343195
2025-07-04,0.0,0.0,0.0,0.0,0.0,0.0,0.0,0.0,0.0,0.0,0.0,0.0,0.0,0.0,0.0,0.0,0.0,0.0,0.0,0.8926144357343195
2025-07-07,0.0,0.0,0.0,0.0,0.0,0.0,0.0,0.0,0.0,0.0,0.0,0.0,0.0,0.0,0.0,0.0,0.0,0.0,0.0,0.8926144357343195
2025-07-08,0.0,0.0,0.0,0.0,0.0,0.0,0.0,0.0,0.0,0.0,0.0,0.0,0.0,0.0,0.0,0.0,-0.0,0.0,0.0,0.8926144357343195
2025-07-09,0.0,0.0,0.0,0.0,0.0,0.0,0.0,0.0,0.0,0.0,0.0,0.0,0.0,0.0,0.0,0.0,-0.0,0.0,0.0,0.8926144357343195
2025-07-10,0.0,0.0,0.0,0.0,0.0,0.0,0.0,0.0,0.0,0.0,0.0,0.0,0.0,0.0,0.0,0.0,-0.0,0.0,0.0,0.8926144357343195
2025-07-11,0.0,0.0,0.0,0.0,0.0,0.0,0.0,0.0,0.0,0.0,0.0,0.0,0.0,0.0,0.0,0.0,-0.0,0.0,0.0,0.8926144357343195
2025-07-14,0.0,0.0,0.0,0.0,0.0,0.0,0.0,0.0,0.0,0.0,0.0,0.0,0.0,0.0,0.0,0.0,-0.0,0.0,0.0,0.8926144357343195
2025-07-15,0.0,0.0,0.0,0.0,0.0,0.0,0.0,0.0,0.0,0.0,0.0,0.0,0.0,0.0,0.0,0.0,-0.001,0.0,-5.555555555555556e-05,0.8925648460434453
2025-07-16,0.0,0.0,0.0,0.0,0.0,0.0,0.0,0.0,0.0,0.0,0.0,0.0,0.0,0.0,0.0,0.0,-0.018014243912961928,0.0,-0.001000791328497885,0.891671574885403
2025-07-17,0.0,0.0,0.0,0.0,0.0,0.0,0.0,0.0,0.0,0.0,0.0,0.0,0.0,0.0,0.0,0.0,0.01642644943108209,0.0,0.0009125805239490049,0.8924852969984024
2025-07-18,0.0,0.0,0.0,0.0,0.0,0.0,0.0,0.0,0.0,0.0,0.0,0.0,0.0,0.0,0.0,0.0,0.02233483474404783,0.0,0.0012408241524471018,0.8935927143106219
2025-07-21,0.0,0.0,0.0,0.0,0.0,0.0,0.0,0.0,0.0,0.0,0.0,0.0,0.0,0.0,0.0,0.0,-0.007374175584334431,0.0,-0.0004096764213519128,0.893226630445277
2025-07-22,0.0,0.0,0.0,0.0,0.0,0.0,0.0,0.0,0.0,0.0,0.0,0.0,0.0,0.0,0.0,0.0,-0.009976324850825273,0.0,-0.0005542402694902929,0.8927315682769031
2025-07-23,0.0,0.0,0.0,0.0,0.0,0.0,0.0,0.0,0.0,0.0,0.0,0.0,0.0,0.0,0.0,0.0,0.006969018959373266,0.0,0.00038716771996518144,0.8930772051227338
2025-07-24,0.0,0.0,0.0,0.0,0.0,0.0,0.0,0.0,0.0,0.0,0.0,0.0,0.0,0.0,0.0,0.0,0.03006379805612685,0.0,0.0016702110031181583,0.8945688324973639
2025-07-25,0.0,0.0,0.0,0.0,0.0,0.0,0.0,0.0,0.0,0.0,0.0,0.0,0.0,0.0,0.0,0.0,0.02115950023179526,0.0,0.0011755277906552923,0.8956204230206186
2025-07-28,0.0,0.0,0.0,0.0,0.0,0.0,0.0,0.0,0.0,0.0,0.0,0.0,0.0,0.0,0.0,0.0,-0.0062801909112679515,0.0,-0.00034889949507044174,0.8953079415072519
2025-07-29,0.0,0.0,0.0,0.0,0.0,0.0,0.0,0.0,0.0,0.0,0.0,0.0,0.0,0.0,0.0,0.0,0.0015417738851139025,0.0,8.565410472855014e-05,0.895384628307438
2025-07-30,0.0,0.0,0.0,0.0,0.0,0.0,0.0,0.0,0.0,0.0,0.0,0.0,0.0,0.0,0.0,0.0,-0.005272954138230182,0.0,-0.00029294189656834345,0.8951223326362635
2025-07-31,0.0,0.0,0.0,0.0,0.0,0.0,0.0,0.0,0.0,0.0,0.0,0.0,0.0,0.0,0.0,0.0,-0.0062471431416622645,0.0,-0.00034706350787012583,0.8948116683395259
2025-08-01,0.0,0.0,0.0,0.0,0.0,0.0,0.0,0.0,0.0,0.0,0.0,0.0,0.0,0.0,0.0,0.0,0.008807026519334207,0.0,0.0004892792510741226,0.8952494811224635
2025-08-04,0.0,0.0,0.0,0.0,0.0,0.0,0.0,0.0,0.0,0.0,0.0,0.0,0.0,0.0,0.0,0.0,-0.0,0.0,0.0,0.8952494811224635
2025-08-05,0.0,0.0,0.0,0.0,0.0,0.0,0.0,0.0,0.0,0.0,0.0,0.0,0.0,0.0,0.0,0.0,-0.0,0.0,0.0,0.8952494811224635
2025-08-06,0.0,0.0,0.0,0.0,0.0,0.0,0.0,0.0,0.0,0.0,0.0,0.0,0.0,0.0,0.0,0.0,0.0,0.0,0.0,0.8952494811224635
2025-08-07,0.0,0.0,0.0,0.0,0.0,0.0,0.0,0.0,0.0,0.0,0.0,0.0,0.0,0.0,0.0,0.0,-0.0,0.0,0.0,0.8952494811224635
2025-08-08,0.0,0.0,0.0,0.0,0.0,0.0,0.0,0.0,0.0,0.0,0.0,0.0,0.0,0.0,0.0,0.0,0.0,0.0,0.0,0.8952494811224635
2025-08-11,0.0,0.0,0.0,0.0,0.0,0.0,0.0,0.0,0.0,0.0,0.0,0.0,0.0,0.0,0.0,0.0,0.0,0.0,0.0,0.8952494811224635
2025-08-12,0.0,0.0,0.0,0.0,0.0,0.0,0.0,0.0,0.0,0.0,0.0,0.0,0.0,0.0,0.0,0.0,-0.0,0.0,0.0,0.8952494811224635
2025-08-13,0.0,0.0,0.0,0.0,0.0,0.0,0.0,0.0,0.0,0.0,0.0,0.0,0.0,0.0,0.0,0.0,0.0,0.0,0.0,0.8952494811224635
2025-08-14,0.0,0.0,0.0,0.0,0.0,0.0,0.0,0.0,0.0,0.0,0.0,0.0,0.0,0.0,0.0,0.0,0.0,0.0,0.0,0.8952494811224635
2025-08-18,0.0,0.0,0.0,0.0,0.0,0.0,0.0,0.0,0.0,0.0,0.0,0.0,0.0,0.0,0.0,0.0,0.0,0.0,0.0,0.8952494811224635
2025-08-19,0.0,0.0,0.0,0.0,0.0,0.0,0.0,0.0,0.0,0.0,0.0,0.0,0.0,0.0,0.0,0.0,-0.0,0.0,0.0,0.8952494811224635
2025-08-20,0.0,0.0,0.0,0.0,0.0,0.0,0.0,0.0,0.0,0.0,0.0,0.0,0.0,0.0,0.0,0.0,-0.0,0.0,0.0,0.8952494811224635
2025-08-21,0.0,0.0,0.0,0.0,0.0,0.0,0.0,0.0,0.0,0.0,0.0,0.0,0.0,0.0,0.0,0.0,-0.001,0.0,-5.555555555555556e-05,0.8951997450401789
2025-08-22,0.0,0.0,0.0,0.0,0.0,0.0,0.0,0.0,0.0,0.0,0.0,0.0,0.0,0.0,0.0,0.0,0.009774330993872302,0.0,0.0005430183885484612,0.8956858549631596
2025-08-25,0.0,0.0,0.0,0.0,0.0,0.0,0.0,0.0,0.0,0.0,0.0,0.0,0.0,0.0,0.0,0.0,-0.015597402083624366,0.0,-0.0008665223379791314,0.894909723162022
2025-08-26,0.0,0.0,0.0,0.0,0.0,0.0,0.0,0.0,0.0,0.0,0.0,0.0,0.0,0.0,0.0,0.0,-0.0023971669232053273,0.0,-0.00013317594017807374,0.8947905427182654
2025-08-28,0.0,0.0,0.0,0.0,0.0,0.0,0.0,0.0,0.0,0.0,0.0,0.0,0.0,0.0,0.0,0.0,0.02619406678663417,0.0,0.0014552259325907872,0.8960926651202661
2025-08-29,0.0,0.0,0.0,0.0,0.0,0.0,0.0,0.0,0.0,0.0,0.0,0.0,0.0,0.0,0.0,0.0,-0.009395114338590993,0.0,-0.0005219507965883885,0.8956249488398896
2025-09-01,0.0,0.0,0.0,0.0,0.0,0.0,0.0,0.0,0.0,0.0,0.0,0.0,0.0,0.0,0.0,0.0,0.0006366687061865241,0.0,3.537048367702912e-05,0.8956566275275234
2025-09-02,0.0,0.0,0.0,0.0,0.0,0.0,0.0,0.0,0.0,0.0,0.0,0.0,0.0,0.0,0.0,0.0,0.004365879272005612,0.0,0.00024254884844475622,0.8958738680111321
2025-09-03,0.0,0.0,0.0,0.0,0.0,0.0,0.0,0.0,0.0,0.0,0.0,0.0,0.0,0.0,0.0,0.0,-0.0016529178030900884,0.0,-9.182876683833825e-05,0.89579160101859
2025-09-04,0.0,0.0,0.0,0.0,0.0,0.0,0.0,0.0,0.0,0.0,0.0,0.0,0.0,0.0,0.0,0.0,0.01353396760827033,0.0,0.0007518870893483518,0.8964651351581426
2025-09-05,0.0,0.0,0.0,0.0,0.0,0.0,0.0,0.0,0.0,0.0,0.0,0.0,0.0,0.0,0.0,0.0,0.012097267064483923,0.0,0.0006720703924713291,0.8970676228333653
2025-09-08,0.0,0.0,0.0,0.0,0.0,0.0,0.0,0.0,0.0,0.0,0.0,0.0,0.0,0.0,0.0,0.0,0.006665543783207161,0.0,0.0003703079879559534,0.8973998141398372
2025-09-09,0.0,0.0,0.0,0.0,0.0,0.0,0.0,0.0,0.0,0.0,0.0,0.0,0.0,0.0,0.0,0.0,-0.0067139446441416735,0.0,-0.0003729969246745374,0.8970650867689595
2025-09-10,0.0,0.0,0.0,0.0,0.0,0.0,0.0,0.0,0.0,0.0,0.0,0.0,0.0,0.0,0.0,0.0,-0.018628046644662125,0.0,-0.0010348914802590068,0.8961367217534244
2025-09-11,0.0,0.0,0.0,0.0,0.0,0.0,0.0,0.0,0.0,0.0,0.0,0.0,0.0,0.0,0.0,0.0,-0.003857072436811924,0.0,-0.00021428180204510687,0.8959446959618083
2025-09-12,0.0,0.0,0.0,0.0,0.0,0.0,0.0,0.0,0.0,0.0,0.0,0.0,0.0,0.0,0.0,0.0,0.001489781174226745,0.0,8.276562079037472e-05,0.8960188493807635
2025-09-15,0.0,0.0,0.0,0.0,0.0,0.0,0.0,0.0,0.0,0.0,0.0,0.0,0.0,0.0,0.0,0.0,-0.0010537482754634994,0.0,-5.85415708590833e-05,0.8959663950298015
2025-09-16,0.0,0.0,0.0,0.0,0.0,0.0,0.0,0.0,0.0,0.0,0.0,0.0,0.0,0.0,0.0,0.0,-0.007937939330900427,0.0,-0.00044099662949446814,0.895571276869453
2025-09-17,0.0,0.0,0.0,0.0,0.0,0.0,0.0,0.0,0.0,0.0,0.0,0.0,0.0,0.0,0.0,0.0,0.005538315653171763,-0.0,0.0003076842029539868,0.895846830003965
2025-09-18,0.0,0.0,0.0,0.0,0.0,0.0,0.0,0.0,0.0,0.0,0.0,0.0,0.0,0.0,0.0,0.0,-0.008255779549074534,0.0,-0.00045865441939302965,0.8954359458962844
2025-09-19,0.0,0.0,0.0,0.0,0.0,0.0,0.0,0.0,0.0,0.0,0.0,0.0,0.0,0.0,0.0,0.0,-0.0,-0.0,0.0,0.8954359458962844
2025-09-22,0.0,0.0,0.0,0.0,0.0,0.0,0.0,0.0,0.0,0.0,0.0,0.0,0.0,0.0,0.0,0.0,-0.0,-0.0,0.0,0.8954359458962844
2025-09-23,0.0,0.0,0.0,0.0,0.0,0.0,0.0,0.0,0.0,0.0,0.0,0.0,0.0,0.0,0.0,0.0,0.0,0.0,0.0,0.8954359458962844
2025-09-24,0.0,0.0,0.0,0.0,0.0,0.0,0.0,0.0,0.0,0.0,0.0,0.0,0.0,0.0,0.0,0.0,0.0,0.0,0.0,0.8954359458962844
2025-09-25,0.0,0.0,0.0,0.0,0.0,0.0,0.0,0.0,0.0,0.0,0.0,0.0,0.0,0.0,0.0,0.0,-0.0,-0.0,0.0,0.8954359458962844
2025-09-26,0.0,0.0,0.0,0.0,0.0,0.0,0.0,0.0,0.0,0.0,0.0,0.0,0.0,0.0,0.0,0.0,-0.0,-0.0,0.0,0.8954359458962844
2025-09-29,0.0,0.0,0.0,0.0,0.0,0.0,0.0,0.0,0.0,0.0,0.0,0.0,0.0,0.0,0.0,0.0,-0.001,-0.0,-5.555555555555556e-05,0.8953861994548457
2025-09-30,0.0,0.0,0.0,0.0,0.0,0.0,0.0,0.0,0.0,0.0,0.0,0.0,0.0,0.0,0.0,0.0,0.003532570386469109,0.0,0.00019625391035939493,0.8955619224977706
2025-10-01,0.0,0.0,0.0,0.0,0.0,0.0,0.0,0.0,0.0,0.0,0.0,0.0,0.0,0.0,0.0,0.0,-0.004828072126029179,-0.0,-0.0002682262292238433,0.8953217093002626
2025-10-03,0.0,0.0,0.0,0.0,0.0,0.0,0.0,0.0,0.0,0.0,0.0,0.0,0.0,0.0,0.0,0.0,0.010360184910525653,0.0,0.0005755658283625362,0.895837025881527
2025-10-06,0.0,0.0,0.0,0.0,0.0,0.0,0.0,0.0,0.0,0.0,0.0,0.0,0.0,0.0,0.0,0.0,-0.0011817633045065196,-0.0,-6.565351691702886e-05,0.8957782110301934
2025-10-07,0.0,0.0,0.0,0.0,0.0,0.0,0.0,0.0,0.0,0.0,0.0,0.0,0.0,0.0,0.0,0.0,0.01125622194397306,0.0,0.0006253456635540588,0.8963383820499674
2025-10-08,0.0,0.0,0.0,0.0,0.0,0.0,0.0,0.0,0.0,0.0,0.0,0.0,0.0,0.0,0.0,0.0,0.005482199273120381,0.0,0.00030456662628446557,0.8966113768069977
2025-10-09,0.0,0.0,0.0,0.0,0.0,0.0,0.0,0.0,0.0,0.0,0.0,0.0,0.0,0.0,0.0,0.0,0.018481759288320437,0.0,0.001026764404906691,0.8975319854537375
2025-10-10,0.0,0.0,0.0,0.0,0.0,0.0,0.0,0.0,0.0,0.0,0.0,0.0,0.0,0.0,0.0,0.0,0.0,0.0,0.0,0.8975319854537375
2025-10-13,0.0,0.0,0.0,0.0,0.0,0.0,0.0,0.0,0.0,0.0,0.0,0.0,0.0,0.0,0.0,0.0,0.0,0.0,0.0,0.8975319854537375
2025-10-14,0.0,0.0,0.0,0.0,0.0,0.0,0.0,0.0,0.0,0.0,0.0,0.0,0.0,0.0,0.0,0.0,-0.0,-0.0,0.0,0.8975319854537375
2025-10-15,0.0,0.0,0.0,0.0,0.0,0.0,0.0,0.0,0.0,0.0,0.0,0.0,0.0,0.0,0.0,0.0,0.0,0.0,0.0,0.8975319854537375
2025-10-16,0.0,0.0,0.0,0.0,0.0,0.0,0.0,0.0,0.0,0.0,0.0,0.0,0.0,0.0,0.0,0.0,0.0,0.0,0.0,0.8975319854537375
2025-10-17,0.0,0.0,0.0,0.0,0.0,0.0,0.0,0.0,0.0,0.0,0.0,0.0,0.0,0.0,0.0,0.0,-0.0,-0.0,0.0,0.8975319854537375
2025-10-20,0.0,0.0,0.0,0.0,0.0,0.0,0.0,0.0,0.0,0.0,0.0,0.0,0.0,0.0,0.0,0.0,0.0,0.0,0.0,0.8975319854537375
2025-10-21,0.0,0.0,0.0,0.0,0.0,0.0,0.0,0.0,0.0,0.0,0.0,0.0,0.0,0.0,0.0,0.0,-0.0,-0.0,0.0,0.8975319854537375
2025-10-23,0.0,0.0,0.0,0.0,0.0,0.0,0.0,0.0,0.0,0.0,0.0,0.0,0.0,0.0,0.0,0.0,0.0,0.0,0.0,0.8975319854537375
2025-10-24,0.0,0.0,0.0,0.0,0.0,0.0,0.0,0.0,0.0,0.0,0.0,0.0,0.0,0.0,0.0,0.0,0.0,0.0,0.0,0.8975319854537375
2025-10-27,0.0,0.0,0.0,0.0,0.0,0.0,0.0,0.0,0.0,0.0,0.0,0.0,0.0,0.0,0.0,0.0,0.0,0.0,0.0,0.8975319854537375
2025-10-28,0.0,0.0,0.0,0.0,0.0,0.0,0.0,0.0,0.0,0.0,0.0,0.0,0.0,0.0,0.0,0.0,-0.0,-0.0,0.0,0.8975319854537375
2025-10-29,0.0,0.0,0.0,0.0,0.0,0.0,0.0,0.0,0.0,0.0,0.0,0.0,0.0,0.0,0.0,0.0,0.0,0.0,0.0,0.8975319854537375
2025-10-30,0.0,0.0,0.0,0.0,0.0,0.0,0.0,0.0,0.0,0.0,0.0,0.0,0.0,0.0,0.0,0.0,0.0,0.0,0.0,0.8975319854537375
2025-10-31,0.0,0.0,0.0,0.0,0.0,0.0,0.0,0.0,0.0,0.0,0.0,0.0,0.0,0.0,0.0,0.0,-0.0,-0.0,0.0,0.8975319854537375
2025-11-03,0.0,0.0,0.0,0.0,0.0,0.0,0.0,0.0,0.0,0.0,0.0,0.0,0.0,0.0,0.0,0.0,-0.001,-0.001,-0.00011111111111111112,0.897432259677576
2025-11-04,0.0,0.0,0.0,0.0,0.0,0.0,0.0,0.0,0.0,0.0,0.0,0.0,0.0,0.0,0.0,0.0,-0.00127644958970615,-0.00127644958970615,-0.00014182773218957223,0.8973049788953921
2025-11-06,0.0,0.0,0.0,0.0,0.0,0.0,0.0,0.0,0.0,0.0,0.0,0.0,0.0,0.0,0.0,0.0,0.0,-0.001,-5.555555555555556e-05,0.8972551286187868
2025-11-07,0.0,0.0,0.0,0.0,0.0,0.0,0.0,0.0,0.0,0.0,0.0,0.0,0.0,0.0,0.0,0.0,0.0,0.017280340601286463,0.0009600189222936924,0.8981165105203858
2025-11-10,0.0,0.0,0.0,0.0,0.0,0.0,0.0,0.0,0.0,0.0,0.0,0.0,0.0,0.0,0.0,0.0,0.0,0.008790692454542847,0.0004883718030301581,0.8985551252999597
2025-11-11,0.0,0.0,0.0,0.0,0.0,0.0,0.0,0.0,0.0,0.0,0.0,0.0,0.0,0.0,0.0,0.0,0.0,0.011126751475682423,0.0006181528597601346,0.8991105697203161
2025-11-12,0.0,0.0,0.0,0.0,0.0,0.0,0.0,0.0,0.0,0.0,0.0,0.0,0.0,0.0,0.0,0.0,0.0,-0.021915940831115664,-0.0012175522683953147,0.898015855606615
2025-11-13,0.0,0.0,0.0,0.0,0.0,0.0,0.0,0.0,0.0,0.0,0.0,0.0,0.0,0.0,0.0,0.0,0.0,0.006121072065658283,0.00034005955920323795,0.89832123448263
2025-11-14,0.0,0.0,0.0,0.0,0.0,0.0,0.0,0.0,0.0,0.0,0.0,0.0,0.0,0.0,0.0,0.0,0.0,0.0032674937399500064,0.00018152742999722257,0.8984843044276376
2025-11-17,0.0,0.0,0.0,0.0,0.0,0.0,0.0,0.0,0.0,0.0,0.0,0.0,0.0,0.0,0.0,0.0,0.0,0.0,0.0,0.8984843044276376
2025-11-18,0.0,0.0,0.0,0.0,0.0,0.0,0.0,0.0,0.0,0.0,0.0,0.0,0.0,0.0,0.0,0.0,0.0,-0.001,-5.555555555555556e-05,0.8984343886329471
2025-11-19,0.0,0.0,0.0,0.0,0.0,0.0,0.0,0.0,0.0,0.0,0.0,0.0,0.0,0.0,0.0,0.0,0.0,-0.04283634906908263,-0.002379797170504591,0.8962962970169943
2025-11-20,0.0,0.0,0.0,0.0,0.0,0.0,0.0,0.0,0.0,0.0,0.0,0.0,0.0,0.0,0.0,0.0,0.0,0.010247820027812866,0.0005693233348784926,0.8968065794138512
2025-11-21,0.0,0.0,0.0,0.0,0.0,0.0,0.0,0.0,0.0,0.0,0.0,0.0,0.0,0.0,0.0,0.0,0.0,0.023400463758718237,0.0013000257643732355,0.8979724510727486
2025-11-24,0.0,0.0,0.0,0.0,0.0,0.0,0.0,0.0,0.0,0.0,0.0,0.0,0.0,0.0,0.0,0.0,0.0,0.008816209857237762,0.000489789436513209,0.8984122684935639
2025-11-25,0.0,0.0,0.0,0.0,0.0,0.0,0.0,0.0,0.0,0.0,0.0,0.0,0.0,0.0,0.0,0.0,0.0,0.004774988173329998,0.0002652771207405554,0.8986505967133879
2025-11-26,0.0,0.0,0.0,0.0,0.0,0.0,0.0,0.0,0.0,0.0,0.0,0.0,0.0,0.0,0.0,0.0,0.0,0.0,0.0,0.8986505967133879
2025-11-27,0.0,0.0,0.0,0.0,0.0,0.0,0.0,0.0,0.0,0.0,0.0,0.0,0.0,0.0,0.0,0.0,0.0,0.0,0.0,0.8986505967133879
2025-11-28,0.0,0.0,0.0,0.0,0.0,0.0,0.0,0.0,0.0,0.0,0.0,0.0,0.0,0.0,0.0,0.0,0.0,-0.0,0.0,0.8986505967133879
2025-12-01,0.0,0.0,0.0,0.0,0.0,0.0,0.0,0.0,0.0,0.0,0.0,0.0,0.0,0.0,0.0,0.0,0.0,0.0,0.0,0.8986505967133879
2025-12-02,0.0,0.0,0.0,0.0,0.0,0.0,0.0,0.0,0.0,0.0,0.0,0.0,0.0,0.0,0.0,0.0,0.0,-0.0,0.0,0.8986505967133879
2025-12-03,0.0,0.0,0.0,0.0,0.0,0.0,0.0,0.0,0.0,0.0,0.0,0.0,0.0,0.0,0.0,0.0,0.0,0.0,0.0,0.8986505967133879
2025-12-04,0.0,0.0,0.0,0.0,0.0,0.0,0.0,0.0,0.0,0.0,0.0,0.0,0.0,0.0,0.0,0.0,0.0,-0.0,0.0,0.8986505967133879
2025-12-05,0.0,0.0,0.0,0.0,0.0,0.0,0.0,0.0,0.0,0.0,0.0,0.0,0.0,0.0,0.0,0.0,0.0,0.0,0.0,0.8986505967133879
2025-12-08,0.0,0.0,0.0,0.0,0.0,0.0,0.0,0.0,0.0,0.0,0.0,0.0,0.0,0.0,0.0,0.0,0.0,-0.0,0.0,0.8986505967133879
2025-12-09,0.0,0.0,0.0,0.0,0.0,0.0,0.0,0.0,0.0,0.0,0.0,0.0,0.0,0.0,0.0,0.0,0.0,-0.0,0.0,0.8986505967133879
2025-12-10,0.0,0.0,0.0,0.0,0.0,0.0,0.0,0.0,0.0,0.0,0.0,0.0,0.0,0.0,0.0,0.0,0.0,0.0,0.0,0.8986505967133879
2025-12-11,0.0,0.0,0.0,0.0,0.0,0.0,0.0,0.0,0.0,0.0,0.0,0.0,0.0,0.0,0.0,0.0,0.0,-0.0,0.0,0.8986505967133879
2025-12-12,0.0,0.0,0.0,0.0,0.0,0.0,0.0,0.0,0.0,0.0,0.0,0.0,0.0,0.0,0.0,0.0,0.0,-0.0,0.0,0.8986505967133879
2025-12-15,0.0,0.0,0.0,0.0,0.0,0.0,0.0,0.0,0.0,0.0,0.0,0.0,0.0,0.0,0.0,0.0,0.0,0.0,0.0,0.8986505967133879
2025-12-16,0.0,0.0,0.0,0.0,0.0,0.0,0.0,0.0,0.0,0.0,0.0,0.0,0.0,0.0,0.0,0.0,0.0,-0.0,0.0,0.8986505967133879
2025-12-17,0.0,0.0,0.0,0.0,0.0,0.0,0.0,0.0,0.0,0.0,0.0,0.0,0.0,0.0,0.0,0.0,0.0,0.0,0.0,0.8986505967133879
2025-12-18,0.0,0.0,0.0,0.0,0.0,0.0,0.0,0.0,0.0,0.0,0.0,0.0,0.0,0.0,0.0,0.0,0.0,-0.0,0.0,0.8986505967133879
2025-12-19,0.0,0.0,0.0,0.0,0.0,0.0,0.0,0.0,0.0,0.0,0.0,0.0,0.0,0.0,0.0,0.0,0.0,-0.001,-5.555555555555556e-05,0.898600671680237
2025-12-22,0.0,0.0,0.0,0.0,0.0,0.0,0.0,0.0,0.0,0.0,0.0,0.0,0.0,0.0,0.0,0.0,0.0,-0.008675950771039088,-0.00048199726505772714,0.8981675486141082
2025-12-23,0.0,0.0,0.0,0.0,0.0,0.0,0.0,0.0,0.0,0.0,0.0,0.0,0.0,0.0,0.0,0.0,0.0,-0.008803397466446362,-0.0004890776370247979,0.8977282749517796
2025-12-24,0.0,0.0,0.0,0.0,0.0,0.0,0.0,0.0,0.0,0.0,0.0,0.0,0.0,0.0,0.0,0.0,0.0,0.002773262071042658,0.00015407011505792545,0.8978665880503922
2025-12-26,0.0,0.0,0.0,0.0,0.0,0.0,0.0,0.0,0.0,0.0,0.0,0.0,0.0,0.0,0.0,0.0,0.0,0.004323305437497309,0.00024018363541651716,0.8980822409116291
2025-12-29,0.0,0.0,0.0,0.0,0.0,0.0,0.0,0.0,0.0,0.0,0.0,0.0,0.0,0.0,0.0,0.0,0.0,0.01814090394553429,0.0010078279969741272,0.898987353337605
2025-12-30,0.0,0.0,0.0,0.0,0.0,0.0,0.0,0.0,0.0,0.0,0.0,0.0,0.0,0.0,0.0,0.0,0.0,0.008325497744332937,0.00046252765246294095,0.8994031598477382
2025-12-31,0.0,0.0,0.0,0.0,0.0,0.0,0.0,0.0,0.0,0.0,0.0,0.0,0.0,0.0,0.0,0.0,0.0,-0.006844640948467364,-0.0003802578304704091,0.8990611547534564
2026-01-01,0.0,0.0,0.0,0.0,0.0,0.0,0.0,0.0,0.0,0.0,0.0,0.0,0.0,0.0,0.0,0.0,0.0,-0.004018010357529422,-0.00022322279764052343,0.8988604638072424
2026-01-02,0.0,0.0,0.0,0.0,0.0,0.0,0.0,0.0,0.0,0.0,0.0,0.0,0.0,0.0,0.0,0.0,0.0,-0.0026611064881962646,-0.0001478392493442369,0.8987275769510079
2026-01-05,0.0,0.0,0.0,0.0,0.0,0.0,0.0,0.0,0.0,0.0,0.0,0.0,0.0,0.0,0.0,0.0,0.0,0.01730937218522963,0.0009616317880683128,0.8995918219578176
2026-01-06,0.0,0.0,0.0,0.0,0.0,0.0,0.0,0.0,0.0,0.0,0.0,0.0,0.0,0.0,0.0,0.0,0.0,-0.004722621240137713,-0.0002623678466743174,0.8993557979886047
2026-01-07,0.0,0.0,0.0,0.0,0.0,0.0,0.0,0.0,0.0,0.0,0.0,0.0,0.0,0.0,0.0,0.0,0.0,-0.01722462620475879,-0.000956923678042155,0.8984951831305249
2026-01-08,0.0,0.0,0.0,0.0,0.0,0.0,0.0,0.0,0.0,0.0,0.0,0.0,0.0,0.0,0.0,0.0,0.0,-0.0026352789156849745,-0.00014640438420472082,0.8983636394965278
2026-01-09,0.0,0.0,0.0,0.0,0.0,0.0,0.0,0.0,0.0,0.0,0.0,0.0,0.0,0.0,0.0,0.0,0.0,-0.008719295388688523,-0.0004844052993715846,0.897928467388793
2026-01-12,0.0,0.0,0.0,0.0,0.0,0.0,0.0,0.0,0.0,0.0,0.0,0.0,0.0,0.0,0.0,0.0,0.0,-0.003704532631120632,-0.00020580736839559066,0.8977436670939122
2026-01-13,0.0,0.0,0.0,0.0,0.0,0.0,0.0,0.0,0.0,0.0,0.0,0.0,0.0,0.0,0.0,0.0,0.0,0.0015048058291885797,8.360032384380998e-05,0.8978187187552099
2026-01-14,0.0,0.0,0.0,0.0,0.0,0.0,0.0,0.0,0.0,0.0,0.0,0.0,0.0,0.0,0.0,0.0,0.0,-0.0010776111061428925,-5.9867283674605136e-05,0.8977649687872858
2026-01-15,0.0,0.0,0.0,0.0,0.0,0.0,0.0,0.0,0.0,0.0,0.0,0.0,0.0,0.0,0.0,0.0,0.0,-0.0,0.0,0.8977649687872858
2026-01-16,0.0,0.0,0.0,0.0,0.0,0.0,0.0,0.0,0.0,0.0,0.0,0.0,0.0,0.0,0.0,0.0,0.0,-0.02118842472622818,-0.0011771347070126765,0.8967081784837863
2026-01-19,0.0,0.0,0.0,0.0,0.0,0.0,0.0,0.0,0.0,0.0,0.0,0.0,0.0,0.0,0.0,0.0,0.0,0.0,0.0,0.8967081784837863
2026-01-20,0.0,0.0,0.0,0.0,0.0,0.0,0.0,0.0,0.0,0.0,0.0,0.0,0.0,0.0,0.0,0.0,0.0,-0.0,0.0,0.8967081784837863
2026-01-21,0.0,0.0,0.0,0.0,0.0,0.0,0.0,0.0,0.0,0.0,0.0,0.0,0.0,0.0,0.0,0.0,0.0,-0.0,0.0,0.8967081784837863
2026-01-22,0.0,0.0,0.0,0.0,0.0,0.0,0.0,0.0,0.0,0.0,0.0,0.0,0.0,0.0,0.0,0.0,0.0,0.0,0.0,0.8967081784837863
2026-01-23,0.0,0.0,0.0,0.0,0.0,0.0,0.0,0.0,0.0,0.0,0.0,0.0,0.0,0.0,0.0,0.0,0.0,-0.0,0.0,0.8967081784837863
2026-01-27,0.0,0.0,0.0,0.0,0.0,0.0,0.0,0.0,0.0,0.0,0.0,0.0,0.0,0.0,0.0,0.0,0.0,-0.0,0.0,0.8967081784837863
2026-01-28,0.0,0.0,0.0,0.0,0.0,0.0,0.0,0.0,0.0,0.0,0.0,0.0,0.0,0.0,0.0,0.0,0.0,-0.0,0.0,0.8967081784837863
2026-01-29,0.0,0.0,0.0,0.0,0.0,0.0,0.0,0.0,0.0,0.0,0.0,0.0,0.0,0.0,0.0,0.0,0.0,-0.0,0.0,0.8967081784837863
2026-01-30,0.0,0.0,0.0,0.0,0.0,0.0,0.0,0.0,0.0,0.0,0.0,0.0,0.0,0.0,0.0,0.0,0.0,-0.0,0.0,0.8967081784837863
2026-02-02,0.0,0.0,0.0,0.0,0.0,0.0,0.0,0.0,0.0,0.0,0.0,0.0,0.0,0.0,0.0,0.0,0.0,-0.0,0.0,0.8967081784837863
2026-02-03,0.0,0.0,0.0,0.0,0.0,0.0,0.0,0.0,0.0,0.0,0.0,0.0,0.0,0.0,0.0,0.0,0.0,0.0,0.0,0.8967081784837863
2026-02-04,0.0,0.0,0.0,0.0,0.0,0.0,0.0,0.0,0.0,0.0,0.0,0.0,0.0,0.0,0.0,0.0,0.0,-0.0,0.0,0.8967081784837863
