Date,APOLLOHOSP,AXISBANK,BAJAJ_AUTO,CIPLA,COALINDIA,DIVISLAB,DRREDDY,EICHERMOT,HCLTECH,HDFCBANK,HEROMOTOCO,HINDALCO,ICICIBANK,INFY,JSWSTEEL,KOTAKBANK,MARUTI,SBIN,SUNPHARMA,TATASTEEL,TCS,TECHM,VEDL,WIPRO
2021-01-01,2383.683349609375,621.2062377929688,3044.287109375,796.1806640625,86.33709716796875,3733.72119140625,1015.8335571289062,2424.21337890625,773.9392700195312,674.8863525390625,2560.681396484375,230.024169921875,510.1914367675781,1109.599609375,368.8980712890625,397.15081787109375,7371.63134765625,257.8070068359375,562.5928955078125,55.3630256652832,2569.267822265625,820.8375854492188,76.90364837646484,178.88047790527344
2021-01-04,2378.156005859375,622.1024780273438,3080.31591796875,801.622802734375,87.5490493774414,3746.5263671875,1021.8222045898438,2531.94775390625,798.2852172851562,670.6004028320312,2512.15283203125,245.41700744628906,514.253662109375,1134.07275390625,381.582763671875,391.4745178222656,7382.17431640625,259.3294677734375,570.282958984375,59.658817291259766,2666.835205078125,840.9818725585938,81.626220703125,182.7060546875
2021-01-05,2477.06201171875,661.6871948242188,3054.256103515625,796.8068237304688,86.20950317382812,3726.979736328125,1024.66162109375,2550.2529296875,807.2010498046875,675.667724609375,2531.423828125,241.55674743652344,519.62158203125,1138.9583740234375,374.1517639160156,390.3193359375,7337.271484375,259.9754638671875,569.386474609375,58.58701705932617,2713.8203125,842.5765380859375,81.02690887451172,187.2690887451172
2021-01-06,2469.856689453125,651.5296630859375,3028.0654296875,794.4469604492188,86.17761993408203,3763.5986328125,1024.93310546875,2522.080078125,796.4937744140625,672.7551879882812,2544.91796875,250.0010528564453,528.7614135742188,1128.65869140625,380.25750732421875,392.44049072265625,7311.53759765625,263.02032470703125,571.1320190429688,58.86679458618164,2677.408935546875,836.9530029296875,86.44468688964844,187.31520080566406
2021-01-07,2476.17431640625,668.3095703125,3006.422119140625,796.1325073242188,87.07064056396484,3689.10009765625,1021.560791015625,2526.32275390625,783.7509155273438,670.7188110351562,2521.56103515625,263.3672790527344,523.3451538085938,1111.0963134765625,383.760009765625,388.85546875,7251.5869140625,265.465576171875,567.9239501953125,62.224220275878906,2661.00048828125,834.9385375976562,88.93781280517578,187.4765167236328
2021-01-08,2520.543701171875,669.90283203125,3086.1748046875,807.83544921875,89.11186218261719,3743.518798828125,1034.6138916015625,2632.19775390625,809.8881225585938,678.011962890625,2608.92138671875,258.8314514160156,524.2639770507812,1155.0682373046875,381.34613037109375,392.5002136230469,7681.7822265625,263.8969421386719,585.757080078125,61.39348220825195,2738.30078125,882.2356567382812,87.28373718261719,198.28494262695312
2021-01-11,2517.6318359375,664.1768798828125,3163.303955078125,825.3174438476562,90.38762664794922,3707.869873046875,1049.8377685546875,2647.73828125,859.109375,687.388916015625,2639.128173828125,255.45370483398438,526.8270874023438,1211.4967041015625,377.74896240234375,386.017333984375,7890.57763671875,260.66741943359375,585.9458618164062,59.88694763183594,2787.0400390625,904.4781494140625,85.89331817626953,205.93612670898438
2021-01-12,2484.76171875,672.8904418945312,3169.337646484375,812.1217041015625,93.54512023925781,3654.614990234375,1037.637451171875,2747.36865234375,864.808837890625,701.3836059570312,2680.84765625,255.11595153808594,530.018798828125,1207.5794677734375,378.22222900390625,379.1061706542969,7847.73583984375,269.8946228027344,575.2365112304688,59.8223762512207,2785.63671875,893.2310180664062,86.8282470703125,210.96002197265625
2021-01-13,2447.202880859375,684.9400634765625,3148.918701171875,810.7250366210938,93.00291442871094,3607.9560546875,1025.2625732421875,2734.974365234375,859.8013305664062,696.4818725585938,2687.9052734375,253.475341796875,538.2398681640625,1221.1363525390625,381.4407958984375,374.8539733886719,7801.53955078125,283.0894470214844,568.3013916015625,61.04912567138672,2771.685302734375,897.8054809570312,86.54058074951172,211.5592498779297
2021-01-14,2479.579345703125,673.1891479492188,3127.18798828125,809.9544677734375,93.54512023925781,3613.097412109375,1028.9256591796875,2752.087890625,836.799072265625,695.58203125,2695.99267578125,252.26898193359375,535.1448364257812,1206.47900390625,375.2403564453125,376.95513916015625,7810.740234375,283.5046691894531,572.783203125,60.808082580566406,2857.614990234375,883.4947509765625,84.5748519897461,209.41600036621094
2021-01-15,2558.892333984375,672.0439453125,3130.904541015625,793.3875122070312,91.37633514404297,3535.591552734375,1010.3003540039062,2724.153564453125,805.9391479492188,694.5875854492188,2643.502685546875,244.50018310546875,525.182861328125,1183.9869384765625,373.15789794921875,371.2290954589844,7691.22265625,280.367431640625,570.1884155273438,60.76933670043945,2842.36376953125,845.4723510742188,84.19127655029297,202.13356018066406
2021-01-18,2575.574462890625,654.2681884765625,3116.431884765625,772.2451782226562,88.47396850585938,3458.473388671875,979.1546630859375,2739.121826171875,799.1807250976562,702.3780517578125,2610.613525390625,234.656494140625,515.6561279296875,1155.024169921875,362.650390625,367.85321044921875,7505.189453125,271.6939392089844,548.6282958984375,57.39469528198242,2832.16650390625,837.8763427734375,80.88306427001953,198.90716552734375
2021-01-19,2611.3564453125,665.9692993164062,3183.985595703125,792.1834716796875,89.36702728271484,3491.60009765625,986.2869873046875,2749.1328125,801.09423828125,712.205078125,2668.179443359375,242.76307678222656,528.5197143554688,1159.0736083984375,374.29376220703125,375.82989501953125,7593.31884765625,275.523193359375,562.8759765625,58.63436508178711,2866.40625,833.0499877929688,83.42414855957031,198.3079833984375
2021-01-20,2641.265625,672.9402465820312,3186.56494140625,802.1525268554688,90.26004791259766,3497.6630859375,984.6880493164062,2747.2734375,813.6337280273438,706.5929565429688,2703.420654296875,243.2938690185547,532.9203491210938,1179.1448974609375,379.50018310546875,375.1527099609375,7806.42724609375,279.16790771484375,561.13037109375,59.413455963134766,2908.689697265625,855.6704711914062,83.28031158447266,205.08338928222656
2021-01-21,2551.6865234375,673.039794921875,3238.465576171875,782.8403930664062,87.61285400390625,3496.595947265625,979.174072265625,2790.224609375,812.0394897460938,698.4473266601562,2680.064208984375,240.20562744140625,534.5645751953125,1179.3651123046875,372.305908203125,370.01416015625,7741.0615234375,272.0629577636719,549.9965209960938,57.39469528198242,2877.966064453125,843.2900390625,81.0508804321289,205.47518920898438
2021-01-22,2564.37060546875,641.820068359375,3576.190185546875,778.5541381835938,84.96565246582031,3438.490966796875,976.2088012695312,2834.08056640625,805.9080810546875,683.647705078125,2785.375,230.844482421875,516.28466796875,1180.37744140625,355.3613586425781,364.0789794921875,7714.32177734375,261.77471923828125,542.7311401367188,55.69877243041992,2903.679443359375,823.271728515625,79.37281036376953,205.45208740234375
2021-01-25,2652.221923828125,655.662353515625,3645.668212890625,806.0053100585938,84.1045150756836,3462.111328125,985.0272216796875,2735.832763671875,774.5972290039062,692.7879638671875,2867.947998046875,231.90603637695312,520.3953247070312,1166.512451171875,362.0350341796875,357.3869323730469,7649.77099609375,259.2372131347656,553.2989501953125,56.124908447265625,2893.306396484375,815.8853759765625,79.20500183105469,201.9874725341797
2021-01-27,2566.83837890625,629.4717407226562,3625.90478515625,811.49560546875,82.38221740722656,3378.68798828125,951.4784545898438,2659.89404296875,781.1372680664062,667.5693969726562,2771.880859375,223.31692504882812,505.2104187011719,1145.296630859375,356.1659851074219,351.47161865234375,7543.767578125,254.34683227539062,537.635986328125,53.890926361083984,2866.7138671875,836.9109497070312,78.12625122070312,206.23739624023438
2021-01-28,2588.554443359375,667.9112548828125,3616.678466796875,810.9176635742188,81.77622985839844,3326.98486328125,944.2105102539062,2668.045654296875,763.5198364257812,649.5020141601562,2803.94482421875,221.04904174804688,510.91680908203125,1123.4647216796875,356.21331787109375,343.136474609375,7273.1044921875,260.5290222167969,532.4935302734375,53.692928314208984,2810.013916015625,823.9010620117188,78.0303726196289,199.51602172851562
2021-01-29,2528.194091796875,660.1436767578125,3502.99609375,795.5065307617188,80.30912780761719,3268.8798828125,892.055908203125,2616.419189453125,747.21044921875,658.52392578125,2687.285888671875,218.39508056640625,519.3797607421875,1090.7608642578125,347.26776123046875,341.1647033691406,6907.125,260.2983703613281,553.1102294921875,51.73873519897461,2735.116943359375,806.9464721679688,77.3111801147461,193.0487518310547
2021-02-01,2629.12451171875,706.4004516601562,3598.2275390625,776.7240600585938,82.28655242919922,3359.821044921875,858.22607421875,2710.376708984375,758.9417724609375,699.3707885742188,2757.107666015625,232.72634887695312,583.9879150390625,1109.995849609375,360.5204772949219,358.801025390625,7092.2470703125,286.68804931640625,556.8372192382812,54.76041793823242,2759.730224609375,790.4534301757812,82.15362548828125,194.71176147460938
2021-02-02,2670.236572265625,711.2303466796875,3674.088623046875,791.3646240234375,83.72177124023438,3442.273681640625,868.759765625,2769.48779296875,780.4424438476562,739.0574340820312,2718.48291015625,246.4303436279297,597.0932006835938,1119.1072998046875,368.23541259765625,370.7112731933594,7336.552734375,307.35693359375,575.0477905273438,55.23820495605469,2816.079345703125,803.4210815429688,83.06455993652344,197.87612915039062
2021-02-03,2685.585693359375,730.7488403320312,3704.608154296875,817.9971923828125,87.5490493774414,3569.97900390625,901.1359252929688,2780.97607421875,784.7345581054688,745.8060913085938,2790.24462890625,248.2639617919922,601.92919921875,1130.9034423828125,371.92724609375,368.8988037109375,7273.77490234375,309.98663330078125,593.6829223632812,56.22821807861328,2813.090087890625,823.7752075195312,83.3761978149414,200.25515747070312
2021-02-04,2696.39453125,740.806884765625,3693.370849609375,803.7417602539062,91.59961700439453,3568.669677734375,904.7021484375,2825.357177734375,782.89501953125,747.842529296875,2839.68115234375,252.7032928466797,607.6839599609375,1126.2376708984375,378.9322204589844,380.49041748046875,7322.4638671875,327.65667724609375,595.8530883789062,56.46925735473633,2802.893310546875,813.4933471679688,84.5748519897461,198.59213256835938
2021-02-05,2703.25439453125,716.60791015625,3700.14794921875,816.5042724609375,89.84542846679688,3707.91845703125,930.4692993164062,2795.515380859375,773.4935913085938,756.6038818359375,2830.18994140625,252.89625549316406,593.998291015625,1119.85546875,380.7308044433594,394.8902587890625,7182.67578125,362.7198791503906,598.9195556640625,58.97440719604492,2776.08154296875,805.2677612304688,83.6399154663086,196.58265686035156
2021-02-08,2695.012451171875,733.089111328125,3705.56982421875,816.07080078125,90.29194641113281,3668.534912109375,941.8848266601562,2831.98291015625,782.9768676757812,760.2267456054688,2884.495849609375,269.2059631347656,608.9412841796875,1147.54150390625,395.3561096191406,389.8014831542969,7259.7822265625,366.3646240234375,598.8252563476562,60.515380859375,2825.44140625,824.698486328125,85.3419418334961,201.08663940429688
2021-02-09,2753.300048828125,739.4126586914062,3633.38134765625,810.773193359375,88.82482147216797,3611.20556640625,938.8419189453125,2810.293212890625,777.9490356445312,763.3526000976562,2888.16845703125,268.33740234375,612.5682373046875,1149.3021240234375,384.7539367675781,388.2081604003906,7310.05224609375,364.2884826660156,593.5428466796875,60.19254684448242,2792.73974609375,818.4453125,87.13990020751953,202.9575653076172
2021-02-10,2720.923828125,731.74462890625,3630.451416015625,831.62646484375,88.21883392333984,3637.97900390625,934.9560546875,2766.10302734375,784.3667602539062,749.0975341796875,2920.768798828125,269.6402282714844,611.4075927734375,1141.3353271484375,388.8244323730469,388.7857666015625,7304.92431640625,361.9355773925781,596.8740234375,59.42206573486328,2824.738037109375,818.2775268554688,89.22549438476562,202.79588317871094
2021-02-11,2720.923828125,737.0226440429688,3656.9921875,828.1588745117188,87.48526763916016,3641.3740234375,935.14990234375,2686.82763671875,793.3184814453125,744.645751953125,2922.87353515625,285.0813293457031,609.9568481445312,1137.9459228515625,387.0258483886719,390.56829833984375,7348.67724609375,359.99786376953125,612.6264038085938,59.80515670776367,2818.3203125,827.2586059570312,89.87275695800781,201.87197875976562
2021-02-12,2712.632568359375,747.2798461914062,3616.897216796875,817.3229370117188,85.3802719116211,3607.9560546875,928.744384765625,2651.64697265625,785.1431884765625,749.1922607421875,2901.62158203125,280.6419982910156,626.3506469726562,1153.043701171875,382.2453918457031,388.5865783691406,7253.935546875,362.76605224609375,596.9217529296875,58.58271789550781,2804.958984375,831.9589233398438,87.42756652832031,204.1817169189453
2021-02-15,3050.761474609375,790.698486328125,3604.873046875,813.2293701171875,84.35964965820312,3599.8564453125,912.82275390625,2640.96923828125,780.4424438476562,765.6021118164062,2918.16845703125,281.2210693359375,651.8360595703125,1152.911376953125,382.1507263183594,395.53753662109375,7280.9150390625,375.4995422363281,597.2549438476562,57.86387634277344,2760.169677734375,821.8867797851562,88.24262237548828,203.1192626953125
2021-02-16,3161.414306640625,771.8273315429688,3614.09912109375,817.1302490234375,85.31645965576172,3576.0419921875,910.2548828125,2599.877197265625,778.521240234375,770.3616943359375,2914.926513671875,292.1263732910156,636.7479248046875,1135.9654541015625,385.889892578125,402.24951171875,7377.14208984375,371.2550048828125,600.7289428710938,60.19254684448242,2732.87451171875,828.2658081054688,91.21521759033203,202.12603759765625
2021-02-17,3193.248291015625,774.51611328125,3642.82568359375,804.94580078125,86.24140167236328,3506.9267578125,891.6392211914062,2569.893310546875,771.081787109375,751.3469848632812,3018.039794921875,293.284423828125,635.78076171875,1127.954345703125,386.8838806152344,396.2346496582031,7191.349609375,379.92852783203125,591.3060302734375,59.9859504699707,2701.490966796875,822.9359741210938,92.46177673339844,198.73072814941406
2021-02-18,3066.653564453125,773.7692260742188,3598.88330078125,795.072998046875,89.27133178710938,3480.15380859375,894.8177490234375,2526.703857421875,775.0875244140625,736.0975952148438,2966.54638671875,299.0748291015625,623.4974975585938,1137.77001953125,385.889892578125,387.4712219238281,7185.93359375,383.1119384765625,586.3567504882812,60.06772994995117,2687.646240234375,848.2421875,93.61243438720703,200.00106811523438
2021-02-19,2882.26416015625,746.532958984375,3498.886474609375,777.6390991210938,88.82482147216797,3417.635009765625,907.3185424804688,2464.20849609375,776.7637329101562,728.89892578125,2854.42236328125,297.2412109375,603.5733642578125,1136.757568359375,374.5304260253906,386.1368103027344,7018.63916015625,368.6713562011719,578.0283813476562,57.739051818847656,2700.392578125,834.26708984375,91.4789047241211,198.61524963378906
2021-02-22,2891.740478515625,716.4585571289062,3473.045166015625,763.2874145507812,86.91117095947266,3391.880126953125,866.1917114257812,2366.675537109375,752.2382202148438,733.1138916015625,2875.01123046875,305.05828857421875,589.83935546875,1113.78125,384.4226379394531,388.29779052734375,6791.9208984375,359.39813232421875,566.60693359375,58.931373596191406,2600.705322265625,797.9654541015625,97.927490234375,193.41831970214844
2021-02-23,2958.0732421875,712.9730834960938,3421.1884765625,761.8425903320312,87.32579803466797,3344.930908203125,871.2114868164062,2397.518310546875,743.8994750976562,724.1868286132812,2867.685546875,321.4161682128906,596.0776977539062,1114.7935791015625,390.57568359375,373.03155517578125,6680.78955078125,365.0267028808594,574.9351196289062,62.78379440307617,2619.824951171875,793.8106689453125,99.98912048339844,191.94007873535156
2021-02-24,3020.1611328125,746.2839965820312,3438.328369140625,760.0126342773438,92.10990142822266,3375.777587890625,859.6603393554688,2417.634765625,748.845458984375,760.7951049804688,2898.127197265625,321.17486572265625,620.06396484375,1121.792236328125,386.31585693359375,380.64971923828125,6663.9697265625,374.8536376953125,572.4605102539062,62.646053314208984,2591.606689453125,805.813232421875,98.07132720947266,195.45086669921875
2021-02-25,3051.4521484375,767.4456176757812,3449.65283203125,779.3728637695312,99.57310485839844,3336.976318359375,868.3043823242188,2433.0322265625,759.6775512695312,760.771484375,2892.0634765625,338.44964599609375,607.393798828125,1122.0123291015625,399.23724365234375,377.5227966308594,6642.30859375,375.77630615234375,580.1699829101562,63.954586029052734,2633.099365234375,803.9247436523438,99.79734802246094,194.61936950683594
2021-02-26,3019.174072265625,721.7861938476562,3321.89111328125,758.086181640625,97.08536529541016,3262.331787109375,857.916015625,2382.168212890625,743.4906005859375,726.6731567382812,2714.888427734375,328.3646545410156,578.1364135742188,1103.305419921875,374.34112548828125,354.588623046875,6580.7763671875,359.99786376953125,565.9406127929688,61.56565475463867,2544.3125,771.2322998046875,99.38980865478516,189.5379180908203
2021-03-01,3041.383544921875,725.5206909179688,3335.314453125,760.7349853515625,98.45679473876953,3357.83203125,863.1198120117188,2437.036376953125,760.57666015625,738.2760620117188,2821.159912109375,332.0801696777344,588.3885498046875,1115.3658447265625,383.47601318359375,367.5444641113281,6723.4404296875,364.42694091796875,575.3157958984375,62.87849426269531,2570.596923828125,785.6270141601562,102.41034698486328,191.4319305419922
2021-03-02,3047.45458984375,728.20947265625,3448.9970703125,781.9253540039062,97.85079956054688,3411.523681640625,853.6812133789062,2481.036376953125,779.7066650390625,742.680419921875,2927.431396484375,333.1900634765625,590.4679565429688,1148.3780517578125,391.23828125,367.3951110839844,6914.265625,363.7348937988281,584.5958862304688,63.317543029785156,2642.8134765625,811.730712890625,102.96171569824219,198.82310485839844
2021-03-03,3017.545654296875,750.8150634765625,3411.438232421875,782.599609375,98.80764770507812,3458.328125,872.645751953125,2477.9375,789.1080322265625,751.5128173828125,2883.600830078125,346.7974853515625,611.3593139648438,1182.7545166015625,405.2956237792969,378.3194580078125,6828.58056640625,373.7463684082031,594.2567138671875,66.90308380126953,2689.1845703125,819.2008056640625,105.14322662353516,201.17906188964844
2021-03-04,3002.837890625,733.7363891601562,3392.15576171875,777.0612182617188,96.98966979980469,3446.978271484375,886.697021484375,2472.3603515625,783.1810913085938,735.031982421875,2879.811767578125,337.2432861328125,600.3816528320312,1171.134033203125,391.9955749511719,377.9609680175781,6835.19384765625,365.0728454589844,589.1168823242188,65.25021362304688,2680.9208984375,812.528076171875,102.2425537109375,202.70347595214844
2021-03-05,2842.336181640625,727.7114868164062,3369.244140625,775.52001953125,96.38372039794922,3392.122802734375,870.6978149414062,2467.1640625,769.6920776367188,724.58935546875,2915.052734375,326.04852294921875,589.452392578125,1159.1175537109375,384.70660400390625,382.90032958984375,6947.71533203125,354.0002136230469,581.7405395507812,63.128150939941406,2644.30712890625,805.5194702148438,105.11923217773438,194.41148376464844
2021-03-08,2829.602783203125,740.2092895507812,3321.934814453125,779.46923828125,97.69134521484375,3402.599365234375,870.6494750976562,2462.87353515625,786.3695678710938,719.6166381835938,2916.947509765625,324.8421936035156,588.098388671875,1175.8878173828125,386.0792236328125,381.5758972167969,6957.7783203125,359.49041748046875,585.1669921875,63.468196868896484,2643.340087890625,812.9057006835938,107.7801742553711,192.58677673339844
2021-03-09,2848.85107421875,742.3504028320312,3321.934814453125,767.6700439453125,96.76644134521484,3398.234375,862.13134765625,2471.88330078125,795.5665893554688,739.9808959960938,2904.232177734375,321.6091613769531,604.5889282226562,1184.51513671875,380.162841796875,394.14337158203125,6998.080078125,357.64495849609375,583.0730590820312,60.84251403808594,2682.019775390625,829.3988647460938,107.63636779785156,193.6492919921875
2021-03-10,2866.618896484375,757.5868530273438,3382.099365234375,782.5032958984375,96.28802490234375,3422.38818359375,872.22900390625,2547.7744140625,808.1153564453125,736.7842407226562,2879.390625,328.461181640625,605.072509765625,1204.41015625,391.9009704589844,391.1558837890625,6969.85498046875,357.73724365234375,595.8270874023438,62.370574951171875,2699.601318359375,846.689453125,108.47538757324219,197.11390686035156
2021-03-12,2937.9365234375,747.4789428710938,3276.155517578125,776.2905883789062,96.00096893310547,3406.81884765625,857.9063110351562,2514.595947265625,800.5533447265625,734.984619140625,2821.454833984375,318.66571044921875,592.7409057617188,1210.30859375,396.3973693847656,385.4197998046875,6801.265625,351.6473083496094,584.0248413085938,61.978878021240234,2688.1728515625,842.0730590820312,106.15003967285156,196.4209747314453
2021-03-15,2957.92578125,741.3048095703125,3204.666748046875,775.8572387695312,96.92469787597656,3308.797119140625,841.5776977539062,2545.056884765625,811.2628173828125,723.9500732421875,2748.697998046875,322.1399841308594,583.6976928710938,1209.2078857421875,406.71551513671875,382.133544921875,6794.65185546875,354.2309265136719,576.3152465820312,63.395023345947266,2695.382080078125,861.7136840820312,108.47538757324219,196.95220947265625
2021-03-16,3033.58544921875,734.682373046875,3195.747314453125,763.1429443359375,96.13294982910156,3277.028076171875,862.40283203125,2537.04833984375,823.44384765625,716.1358642578125,2741.035400390625,322.2364807128906,575.4283447265625,1218.36328125,403.2130432128906,379.0564270019531,6853.1162109375,349.29437255859375,573.2694702148438,62.33183288574219,2733.97314453125,861.6297607421875,108.59524536132812,198.31497192382812
2021-03-17,2958.714599609375,724.8734130859375,3121.547607421875,743.7344360351562,92.27312469482422,3277.076416015625,844.2135620117188,2523.65283203125,807.257080078125,708.1795654296875,2686.720947265625,314.9985046386719,570.1571044921875,1221.00439453125,399.9472351074219,372.11541748046875,6771.02734375,339.6981201171875,556.5653686523438,60.64020538330078,2736.522705078125,856.1740112304688,107.7801742553711,193.857177734375
2021-03-18,2920.51416015625,715.761474609375,3204.535888671875,727.360107421875,90.42566680908203,3174.83447265625,816.4790649414062,2540.43310546875,774.8014526367188,706.1194458007812,2616.532958984375,320.2098083496094,559.6146850585938,1177.076171875,400.5625,364.5569763183594,6818.08544921875,338.729248046875,546.8569946289062,60.678951263427734,2669.3173828125,836.1556396484375,106.36579132080078,189.4686279296875
2021-03-19,2896.725341796875,723.230224609375,3191.899658203125,732.65771484375,89.93081665039062,3269.31591796875,828.4373168945312,2537.477294921875,785.18408203125,709.19775390625,2626.595703125,323.39459228515625,567.400634765625,1183.546630859375,417.03369140625,365.3038330078125,6817.89453125,342.4662780761719,550.42626953125,63.10232162475586,2681.360595703125,830.4900512695312,106.53362274169922,189.63031005859375
2021-03-22,2867.606201171875,713.2220458984375,3204.75439453125,744.40869140625,89.5019302368164,3303.89794921875,843.84521484375,2552.1123046875,800.1446533203125,695.771484375,2606.975341796875,327.8821105957031,554.6337890625,1206.7431640625,421.5301208496094,363.0133972167969,6806.10595703125,338.6369934082031,562.5140991210938,64.00624084472656,2751.202880859375,850.71826171875,107.20484924316406,191.4550323486328
2021-03-23,2908.71875,727.5123291015625,3216.647216796875,747.5390625,89.2380142211914,3391.201416015625,847.3920288085938,2576.80517578125,801.8612670898438,710.4527587890625,2583.059814453125,320.1133117675781,567.1588134765625,1207.4033203125,418.2169494628906,361.021728515625,6887.57275390625,343.896484375,559.5159301757812,63.803932189941406,2762.58740234375,850.9700927734375,107.2767562866211,191.94007873535156
2021-03-24,2881.9189453125,703.4628295898438,3151.236083984375,763.7691040039062,87.2916030883789,3376.844482421875,843.1766357421875,2536.6669921875,797.6104125976562,700.3416748046875,2554.76611328125,306.650634765625,548.8789672851562,1191.733642578125,414.0045471191406,355.00689697265625,6772.5126953125,332.0395812988281,557.0888671875,60.502464294433594,2743.687255859375,832.7562866210938,107.10893249511719,189.86129760742188
2021-03-25,2773.091552734375,691.7118530273438,3062.0830078125,758.27880859375,84.52045440673828,3346.822021484375,849.0006713867188,2460.204345703125,782.4043579101562,693.0247192382812,2477.12548828125,303.0315856933594,552.7960205078125,1174.1712646484375,414.6198425292969,351.1131286621094,6504.7734375,327.7489318847656,547.9991455078125,62.254356384277344,2694.23876953125,813.0736694335938,106.67742919921875,184.61813354492188
2021-03-26,2814.89501953125,695.296875,3148.175537109375,758.471435546875,85.5101547241211,3361.130126953125,853.9331665039062,2441.2314453125,783.6307373046875,706.2615356445312,2473.8837890625,315.7222900390625,559.5663452148438,1176.283935546875,421.43548583984375,352.73638916015625,6502.47314453125,329.5943908691406,558.8973388671875,66.0163803100586,2695.952880859375,831.7910766601562,108.76304626464844,186.5814208984375
2021-03-30,2887.84130859375,692.4586791992188,3206.45947265625,782.3106079101562,87.72047424316406,3476.85546875,875.6788330078125,2516.931640625,814.0833129882812,735.8133544921875,2495.8203125,314.90191650390625,572.0430297851562,1219.5078125,442.4977722167969,354.76788330078125,6567.02294921875,332.9161376953125,568.8911743164062,68.87019348144531,2776.608642578125,853.5300903320312,110.32125854492188,193.14112854003906
2021-03-31,2865.1875,694.5499877929688,3209.8701171875,785.1039428710938,86.00498962402344,3514.250732421875,875.2525024414062,2482.609375,803.3328857421875,707.3744506835938,2453.505126953125,315.4327392578125,562.9998779296875,1204.322265625,443.4444274902344,349.141357421875,6574.11572265625,336.1456298828125,568.9862670898438,69.89033508300781,2793.574462890625,832.1687622070312,109.67399597167969,191.31642150878906
2021-04-01,2856.698486328125,710.0353393554688,3273.226318359375,788.1860961914062,87.192626953125,3507.75146484375,889.1390380859375,2508.541748046875,819.6423950195312,704.106689453125,2489.293701171875,338.0153503417969,574.896240234375,1219.419677734375,481.5932312011719,359.40850830078125,6636.126953125,342.0048828125,581.3121337890625,74.29803466796875,2782.278564453125,832.7562866210938,110.87263488769531,192.35580444335938
2021-04-05,2881.8203125,682.4006958007812,3146.81982421875,789.582763671875,85.6421127319336,3502.852294921875,883.1212158203125,2399.9013671875,844.9036254882812,686.5128173828125,2431.02099609375,338.4013977050781,552.505859375,1241.16357421875,489.8761901855469,350.376220703125,6487.2333984375,326.2264709472656,579.4561767578125,74.70265197753906,2847.2421875,837.4146118164062,111.11235809326172,196.53648376464844
2021-04-06,2945.043701171875,675.0813598632812,3161.686279296875,805.3792724609375,85.97201538085938,3577.593994140625,895.2633666992188,2370.7275390625,840.7343139648438,682.0848388671875,2431.9052734375,338.2083740234375,547.3314819335938,1242.176025390625,508.76129150390625,352.1885986328125,6470.7001953125,323.4582824707031,590.544677734375,74.28081512451172,2869.922119140625,832.0846557617188,111.97535705566406,197.32177734375
2021-04-07,3057.819091796875,685.3883056640625,3218.26513671875,809.90625,86.59881591796875,3588.11865234375,909.4893188476562,2419.923095703125,847.9284057617188,685.3762817382812,2477.08349609375,339.897216796875,558.6959228515625,1259.0340576171875,532.2847900390625,356.90887451171875,6579.6748046875,330.8400573730469,591.11572265625,75.3138656616211,2875.812255859375,841.3594970703125,113.55754852294922,202.33392333984375
2021-04-08,3074.40185546875,678.765869140625,3191.68115234375,811.013916015625,86.86273193359375,3603.83349609375,908.79150390625,2434.033203125,848.1737670898438,678.5565795898438,2465.630859375,352.443115234375,557.7770385742188,1267.5291748046875,581.3196411132812,355.16619873046875,6543.1103515625,328.1180419921875,584.6434936523438,79.06298828125,2916.205810546875,863.6860961914062,113.98904418945312,204.22792053222656
2021-04-09,3091.72607421875,665.421630859375,3192.99267578125,850.5533447265625,85.44416046142578,3639.9189453125,922.6005859375,2404.0966796875,854.632080078125,673.3234252929688,2452.9150390625,348.4381103515625,547.62158203125,1268.5855712890625,587.8513793945312,358.3528747558594,6543.3505859375,325.7189636230469,606.05908203125,77.43592834472656,2920.513671875,883.8303833007812,110.92056274414062,207.92352294921875
2021-04-12,2965.969970703125,632.9571533203125,3096.53759765625,869.1912231445312,82.2771224975586,3666.40087890625,968.466064453125,2314.095458984375,825.2014770507812,647.4182739257812,2346.138916015625,324.4561462402344,520.8788452148438,1255.1168212890625,571.9008178710938,347.0501403808594,6249.58935546875,303.4353332519531,589.4976806640625,73.30801391601562,2853.96728515625,872.7930297851562,102.21855926513672,199.8394012451172
2021-04-13,2942.279541015625,658.2515869140625,3150.2744140625,852.6242065429688,84.42146301269531,3607.03466796875,925.8953247070312,2377.6396484375,803.946044921875,663.1885986328125,2412.8740234375,336.51947021484375,542.2053833007812,1229.9395751953125,596.7023315429688,353.6923828125,6532.51953125,314.6463623046875,597.1119995117188,75.67112731933594,2728.69921875,840.8978881835938,104.73566436767578,193.53379821777344
2021-04-15,2954.864990234375,666.0689086914062,3145.945556640625,880.5569458007812,84.61942291259766,3670.038330078125,939.123046875,2300.17578125,810.8948974609375,677.27783203125,2410.5166015625,341.2000427246094,556.3263549804688,1197.8956298828125,595.5189819335938,353.17449951171875,6368.099609375,316.2149963378906,602.7276611328125,77.32402038574219,2829.705078125,833.595703125,108.04387664794922,198.96170043945312
2021-04-16,3021.493896484375,666.4174194335938,3178.432373046875,903.5291748046875,84.3554916381836,3707.336669921875,948.3677978515625,2321.388916015625,827.9401245117188,676.5912475585938,2437.7158203125,357.0754699707031,548.3470458984375,1191.733642578125,586.3368530273438,351.3521423339844,6371.7900390625,313.63134765625,614.91064453125,76.6396255493164,2808.782958984375,847.9904174804688,111.13634490966797,216.7467803955078
2021-04-19,3116.64990234375,645.4550170898438,3074.28173828125,911.4757080078125,82.21115112304688,3693.028564453125,962.8745727539062,2259.89453125,813.1022338867188,668.8954467773438,2345.67578125,348.7759094238281,541.3832397460938,1199.48046875,582.9290161132812,338.7348327636719,6241.1064453125,305.5576171875,609.7711181640625,76.45022583007812,2779.46533203125,839.4290771484375,109.33837890625,218.38668823242188
2021-04-20,3227.450927734375,649.0399780273438,3148.918701171875,914.3652954101562,82.1451416015625,3666.449462890625,999.4371337890625,2230.958740234375,785.8790283203125,658.9500732421875,2377.80126953125,346.7974853515625,540.7545166015625,1189.6207275390625,587.4727172851562,338.1274108886719,6370.39990234375,304.0351257324219,614.0541381835938,76.96244812011719,2764.301513671875,825.412109375,108.4034652709961,217.16253662109375
2021-04-22,3187.276123046875,655.9611206054688,3219.314453125,909.5974731445312,82.508056640625,3642.73193359375,1007.7904663085938,2228.9091796875,786.3695678710938,673.6786499023438,2400.916259765625,343.4197692871094,560.195068359375,1189.40087890625,606.5471801757812,345.76544189453125,6373.70654296875,310.6325378417969,609.104736328125,79.32125854492188,2741.66552734375,812.3181762695312,108.59524536132812,224.8077850341797
2021-04-23,3158.7490234375,668.5584716796875,3211.53173828125,901.16943359375,83.23383331298828,3666.49755859375,981.984375,2209.316650390625,781.260009765625,669.7242431640625,2411.779296875,337.29156494140625,551.2485961914062,1174.1712646484375,601.4827880859375,345.3970031738281,6398.6259765625,310.4480285644531,607.2011108398438,79.68282318115234,2733.489990234375,797.5457153320312,109.31440734863281,219.74942016601562
2021-04-26,3133.6767578125,697.5375366210938,3269.553466796875,872.080810546875,83.76168060302734,3670.960205078125,981.984375,2259.41796875,759.3097534179688,665.296142578125,2412.20068359375,336.1817321777344,571.70458984375,1182.7545166015625,620.7938232421875,350.4658203125,6362.97119140625,317.6913146972656,604.1077880859375,80.98704528808594,2725.841552734375,807.617919921875,113.46163177490234,221.87437438964844
2021-04-27,3149.865478515625,696.6412353515625,3310.347900390625,878.8232421875,84.12456512451172,3791.82666015625,980.1528930664062,2288.258544921875,759.3505249023438,681.3507690429688,2446.683837890625,353.45648193359375,579.1035766601562,1187.11181640625,630.3546752929688,348.6036376953125,6295.7373046875,325.7650451660156,608.4384765625,84.17229461669922,2753.269287109375,813.5352172851562,116.6739730834961,224.06863403320312
2021-04-28,3157.959228515625,705.2055053710938,3401.512939453125,876.7041625976562,84.78435516357422,3766.26611328125,977.672119140625,2403.71533203125,755.22216796875,699.39453125,2464.1572265625,349.9339599609375,600.9619750976562,1193.71435546875,627.2781982421875,360.78277587890625,6300.5771484375,335.31524658203125,612.3885498046875,83.62564086914062,2746.32373046875,820.3759155273438,116.93763732910156,226.03192138671875
2021-04-29,3197.09765625,716.40869140625,3354.90283203125,873.1402587890625,84.48745727539062,3793.669921875,988.8840942382812,2348.1318359375,756.677978515625,697.3580322265625,2408.453125,359.1503601074219,601.0587158203125,1194.0225830078125,687.7198486328125,359.4980773925781,6292.76611328125,331.6243591308594,613.4353637695312,88.7865982055664,2738.544189453125,819.9563598632812,122.28350067138672,226.28602600097656
2021-04-30,3156.232421875,711.927490234375,3352.541748046875,876.8486328125,87.78646087646484,3940.63037109375,1000.6677856445312,2308.803955078125,747.8594360351562,668.8480834960938,2373.9697265625,351.67108154296875,580.796142578125,1192.2615966796875,679.5316162109375,348.30487060546875,6187.337890625,326.1803283691406,622.9058227539062,89.01473236083984,2668.570068359375,806.1069946289062,123.33832550048828,227.6256561279297
2021-05-03,3162.9443359375,699.8279418945312,3368.369873046875,876.7041625976562,87.22563171386719,3951.93115234375,1005.096435546875,2284.587646484375,755.1387939453125,669.8662719726562,2352.159912109375,357.0271911621094,577.1692504882812,1190.2371826171875,684.643310546875,343.6543273925781,6323.6279296875,323.50445556640625,627.4268798828125,91.66193389892578,2669.756591796875,803.8408203125,122.95475769042969,225.13116455078125
2021-05-04,3140.19189453125,697.4379272460938,3349.568603515625,846.12255859375,87.62151336669922,3865.9375,982.0909423828125,2257.65380859375,749.5233764648438,657.505615234375,2338.265380859375,349.88568115234375,572.1397705078125,1170.2977294921875,677.2124633789062,345.08831787109375,6237.751953125,324.3348693847656,614.0541381835938,91.5844497680664,2680.96484375,806.1069946289062,123.96156311035156,222.63662719726562
2021-05-05,3289.88427734375,714.2178344726562,3361.330322265625,855.947265625,87.85244750976562,3914.536376953125,1000.2510375976562,2261.84912109375,756.5531005859375,664.254150390625,2347.90673828125,354.2767639160156,583.0206298828125,1180.94970703125,679.3896484375,352.6766357421875,6316.2001953125,327.9334716796875,650.46044921875,92.12679290771484,2721.359130859375,806.1069946289062,126.71842956542969,226.6324920654297
2021-05-06,3303.950439453125,712.7738647460938,3446.504638671875,851.7572631835938,88.80914306640625,3941.3095703125,1001.7046508789062,2329.397705078125,762.0437622070312,663.44921875,2453.252197265625,372.46832275390625,588.2435302734375,1198.6439208984375,690.8436889648438,356.1620178222656,6389.56884765625,328.0718994140625,646.6533203125,94.77399444580078,2735.203857421875,820.8375854492188,128.89988708496094,236.6567840576172
2021-05-07,3268.119384765625,713.769775390625,3381.399658203125,850.4088134765625,90.293701171875,3908.376953125,1002.9159545898438,2304.513427734375,762.3766479492188,670.0083618164062,2409.042724609375,387.089111328125,587.1795654296875,1190.6773681640625,716.5444946289062,354.588623046875,6424.455078125,330.563232421875,646.7008666992188,101.78585815429688,2754.060302734375,823.3555908203125,135.70806884765625,238.01953125
2021-05-10,3280.803466796875,712.2760620117188,3383.060791015625,867.1202392578125,97.0236587524414,4015.274169921875,1032.540283203125,2333.211181640625,760.3384399414062,672.423583984375,2388.411376953125,410.8780517578125,593.1278076171875,1179.233154296875,718.1537475585938,360.3644714355469,6482.87255859375,333.7466125488281,664.547119140625,104.71282958984375,2765.13623046875,831.371337890625,140.88612365722656,242.96241760253906
2021-05-11,3216.14892578125,704.4088134765625,3392.37451171875,858.1144409179688,102.73092651367188,3951.54345703125,1026.415771484375,2356.044921875,754.8060302734375,664.7041625976562,2390.1376953125,398.38037109375,589.83935546875,1171.3980712890625,695.05615234375,349.62933349609375,6456.6591796875,336.4685974121094,673.9698486328125,106.22367858886719,2745.005859375,820.0820922851562,138.36900329589844,239.47467041015625
2021-05-12,3155.491943359375,688.425537109375,3388.83251953125,865.5310668945312,101.27938079833984,3939.757568359375,1027.4815673828125,2341.982421875,753.807861328125,662.7861328125,2391.6533203125,384.86944580078125,575.2348022460938,1168.1851806640625,670.1127319335938,342.3397521972656,6534.1962890625,339.28289794921875,668.9729614257812,101.51036834716797,2714.238037109375,807.7437133789062,135.25259399414062,234.4856414794922
2021-05-14,3100.412109375,682.1517944335938,3365.702880859375,870.780517578125,96.85871124267578,3900.0830078125,1007.2089233398438,2302.65478515625,757.3435668945312,656.7952880859375,2368.24365234375,369.4283447265625,577.7011108398438,1158.853515625,669.3554077148438,339.9099426269531,6456.41943359375,332.5932312011719,658.1224975585938,97.4599380493164,2682.50341796875,799.2244873046875,130.60194396972656,230.25880432128906
2021-05-17,3111.664794921875,706.3009643554688,3379.3447265625,848.7713623046875,97.74944305419922,3922.1025390625,1017.5682983398438,2368.58251953125,767.16015625,682.0848388671875,2403.947998046875,379.22381591796875,603.1380615234375,1170.2977294921875,676.2658081054688,347.37872314453125,6438.640625,353.4927062988281,654.0299072265625,99.07408905029297,2698.54638671875,800.189697265625,133.59852600097656,230.88243103027344
2021-05-18,3122.671142578125,708.6909790039062,3556.689208984375,851.8536376953125,96.62779998779297,3903.381103515625,1010.8138427734375,2452.0048828125,775.0218505859375,699.3471069335938,2447.90478515625,388.0541687011719,612.4232177734375,1179.6292724609375,679.1530151367188,349.5596008300781,6528.01513671875,352.7084045410156,657.5037841796875,101.58353424072266,2715.293212890625,814.7943115234375,136.8827362060547,234.6934814453125
2021-05-19,3188.0166015625,713.8195190429688,3581.830322265625,870.6841430664062,100.19071197509766,3918.6103515625,1015.1454467773438,2445.187744140625,774.85546875,690.585693359375,2454.683837890625,389.2122497558594,604.927490234375,1176.9881591796875,668.1721801757812,344.6700134277344,6494.2783203125,354.6922302246094,669.49658203125,100.2276611328125,2709.315185546875,820.5858154296875,135.54026794433594,236.3565216064453
2021-05-20,3178.392333984375,702.96484375,3560.187255859375,890.18896484375,96.75973510742188,3919.72607421875,1014.8547973632812,2412.67724609375,769.0319213867188,678.5565795898438,2412.6640625,371.7445068359375,598.3021850585938,1179.012939453125,657.4280395507812,340.21868896484375,6457.80908203125,354.8306579589844,653.744140625,95.13126373291016,2689.975830078125,816.7667846679688,132.2321014404297,234.78590393066406
2021-05-21,3205.833740234375,727.8609619140625,3607.71533203125,892.7896118164062,97.12265014648438,3957.654296875,1011.0076293945312,2404.763671875,774.231689453125,709.1030883789062,2428.91552734375,376.1838073730469,621.3696899414062,1192.3936767578125,660.9304809570312,350.0675048828125,6531.41748046875,370.1939392089844,657.1232299804688,95.82426452636719,2707.99658203125,822.9778442382812,131.2012481689453,236.84156799316406
2021-05-24,3219.011474609375,738.0682983398438,3622.362548828125,896.9794921875,98.24429321289062,3974.4365234375,1021.8030395507812,2432.317138671875,776.0202026367188,715.0938720703125,2442.431396484375,375.7012939453125,626.1088256835938,1186.7158203125,645.0746459960938,349.93804931640625,6586.00048828125,380.2053527832031,657.6465454101562,94.00782012939453,2708.87548828125,825.6637573242188,131.82455444335938,237.8578643798828
2021-05-25,3158.3544921875,728.5082397460938,3629.18408203125,901.16943359375,97.28759002685547,3975.06689453125,1029.371337890625,2502.72607421875,782.50927734375,700.41259765625,2467.062255859375,377.5349426269531,628.9620361328125,1198.6439208984375,663.3916625976562,348.6434326171875,6624.529296875,380.482177734375,662.5484008789062,95.14418029785156,2750.8359375,833.1759643554688,131.32113647460938,239.08203125
2021-05-26,3142.511962890625,732.0433959960938,3643.349853515625,910.3680419921875,96.13294982910156,3975.794677734375,1024.3321533203125,2510.7822265625,786.8352661132812,699.5128784179688,2496.53515625,367.69122314453125,631.08984375,1230.0274658203125,645.7846069335938,346.681640625,6741.93798828125,381.5894470214844,669.877197265625,93.15985107421875,2790.146484375,845.8919677734375,128.89988708496094,243.5629119873047
2021-05-27,3157.712890625,747.2300415039062,3713.134033203125,907.6710205078125,95.37415313720703,3956.975830078125,1021.1633911132812,2482.70458984375,784.0066528320312,702.1649780273438,2518.93505859375,372.371826171875,630.8480834960938,1234.42919921875,645.4531860351562,353.97119140625,6679.25634765625,392.339111328125,665.7844848632812,94.40814208984375,2809.13916015625,855.964111328125,128.34854125976562,249.86856079101562
2021-05-28,3108.703857421875,736.773681640625,3672.383056640625,899.9654541015625,96.92469787597656,3996.79541015625,1006.76318359375,2515.501708984375,784.1315307617188,712.0155639648438,2519.145751953125,374.2054748535156,621.9500732421875,1236.89404296875,652.9788818359375,358.6516418457031,6680.310546875,389.43255615234375,637.4683227539062,94.99783325195312,2776.983642578125,861.3779296875,127.6533432006836,248.8522491455078
2021-05-31,3127.853271484375,747.57861328125,3666.52392578125,914.4134521484375,97.45254516601562,4068.336181640625,1028.973876953125,2551.44482421875,786.3361206054688,717.8880615234375,2532.576416015625,380.4783935546875,641.0035400390625,1240.1865234375,672.9525756835938,360.0358581542969,6791.77734375,391.5547790527344,636.0883178710938,96.90467071533203,2790.720703125,857.5170288085938,131.4649658203125,249.013916015625
2021-06-01,3197.986328125,742.0516357421875,3706.8818359375,911.6201782226562,97.38655853271484,4093.65380859375,1030.3985595703125,2541.5771484375,790.9114990234375,715.9226684570312,2506.6826171875,380.9126892089844,628.7686767578125,1234.3580322265625,657.4280395507812,357.9047546386719,6796.42529296875,399.1210632324219,638.7057495117188,94.77399444580078,2785.287109375,864.9451293945312,128.61224365234375,250.74620056152344
2021-06-02,3231.349853515625,733.9356079101562,3755.93994140625,919.5665283203125,98.3762435913086,4087.9794921875,1029.59423828125,2552.97021484375,785.1296997070312,712.2760620117188,2503.18798828125,384.86944580078125,627.0760498046875,1226.75,668.3614501953125,355.13629150390625,6886.087890625,403.45782470703125,644.7971801757812,96.76693725585938,2764.484375,853.5719604492188,131.94442749023438,250.8386688232422
2021-06-03,3381.4375,747.5288696289062,3736.964111328125,913.3539428710938,98.34326171875,4105.3916015625,1023.8186645507812,2638.7763671875,781.552490234375,720.114013671875,2533.29296875,385.2554931640625,628.9137573242188,1236.538330078125,675.9817504882812,361.3304443359375,6909.8564453125,409.417724609375,642.9412231445312,96.5904541015625,2774.907958984375,851.3897094726562,133.0231475830078,249.013916015625
2021-06-04,3336.524658203125,738.9645385742188,3716.58837890625,911.572021484375,101.01544952392578,4133.91015625,1018.4791259765625,2616.705078125,779.139892578125,710.8316650390625,2567.01806640625,381.25042724609375,621.6114501953125,1232.9788818359375,682.7027587890625,360.73297119140625,6914.8408203125,403.7837829589844,641.4658813476562,96.4785385131836,2777.11669921875,855.4605712890625,134.65328979492188,250.00718688964844
2021-06-07,3272.511962890625,747.9769287109375,3716.326171875,905.2149047851562,103.09381866455078,4103.208984375,1011.5406494140625,2626.095947265625,789.9963989257812,710.3106689453125,2570.260498046875,381.20220947265625,626.9310302734375,1236.538330078125,677.5436401367188,361.4698791503906,6973.25732421875,402.526611328125,642.7985229492188,97.16724395751953,2811.965576171875,868.2185668945312,133.28688049316406,253.2638397216797
2021-06-08,3246.995361328125,743.2466430664062,3733.946533203125,918.651611328125,102.92890167236328,4114.12109375,1022.306884765625,2635.010498046875,804.638427734375,702.3544311523438,2573.3759765625,374.2054748535156,621.3213500976562,1257.27099609375,669.7340698242188,357.21759033203125,7031.818359375,397.8238830566406,646.0347290039062,95.65209197998047,2826.93896484375,887.8173217773438,130.91357421875,254.34945678710938
2021-06-09,3263.23291015625,733.6865844726562,3694.2451171875,923.3712158203125,103.19279479980469,4139.58544921875,1012.2384643554688,2601.879638671875,808.0493774414062,701.052001953125,2546.05029296875,369.7661437988281,615.22802734375,1259.3621826171875,660.59912109375,355.09649658203125,6938.13037109375,392.46923828125,640.4190063476562,94.7826156616211,2827.02734375,883.2008666992188,129.4272918701172,251.39295959472656
2021-06-10,3282.77783203125,741.1553344726562,3655.2431640625,938.3489379882812,103.25877380371094,4241.53564453125,1025.6597900390625,2578.998291015625,805.761474609375,701.4072875976562,2533.83984375,371.93756103515625,619.386962890625,1267.37060546875,668.124755859375,358.41265869140625,6900.6552734375,402.526611328125,643.4647216796875,95.94048309326172,2841.64697265625,893.8187866210938,130.1944122314453,256.0355529785156
2021-06-11,3293.487548828125,735.3794555664062,3648.77197265625,932.232666015625,107.31654357910156,4204.625,1056.853759765625,2618.4208984375,818.0741577148438,703.9172973632812,2529.92431640625,379.41680908203125,614.841064453125,1287.4803466796875,692.1690063476562,357.3769836425781,6923.5615234375,400.0588073730469,648.4617309570312,99.7197494506836,2891.99951171875,900.6172485351562,132.44781494140625,256.05865478515625
2021-06-14,3306.9609375,733.1886596679688,3626.03564453125,940.2271728515625,105.13921356201172,4256.5712890625,1058.471923828125,2617.038818359375,818.7811279296875,700.6494750976562,2514.177001953125,381.0091857910156,614.3092041015625,1300.73876953125,690.2284545898438,352.1387939453125,6879.52197265625,400.75726318359375,644.4639892578125,100.27500915527344,2894.252685546875,897.4698486328125,131.32113647460938,259.4308776855469
2021-06-15,3255.731201171875,747.7777709960938,3618.68994140625,934.0145874023438,103.6876449584961,4183.818359375,1048.6845703125,2634.724365234375,819.821044921875,705.7642822265625,2532.197998046875,377.1971740722656,624.1260986328125,1311.5054931640625,686.3946533203125,352.70648193359375,6868.404296875,399.9657287597656,640.752197265625,101.09284973144531,2882.23828125,895.4554443359375,129.90675354003906,257.7216796875
2021-06-16,3251.68408203125,746.682373046875,3594.5107421875,921.5410766601562,102.6319580078125,4171.8388671875,1047.7640380859375,2613.320556640625,814.7880249023438,703.0885009765625,2505.54541015625,366.9674377441406,619.0968017578125,1317.46728515625,667.7462158203125,350.6550598144531,6818.56494140625,396.6598205566406,636.3262329101562,98.32512664794922,2892.485107421875,897.3859252929688,126.74237823486328,256.4975280761719
2021-06-17,3198.77587890625,735.5288696289062,3545.05859375,915.9545288085938,100.38864135742188,4173.43896484375,1024.5841064453125,2549.156494140625,820.6114501953125,694.3271484375,2453.926025390625,356.3516845703125,612.2297973632812,1330.547607421875,659.1792602539062,351.7405090332031,6679.68798828125,391.35174560546875,632.994873046875,97.1457290649414,2930.82421875,906.7025756835938,125.25609588623047,258.0912780761719
2021-06-18,3179.922119140625,733.2384033203125,3644.050048828125,925.5384521484375,96.59479522705078,4071.537109375,1024.080322265625,2581.381591796875,811.3355102539062,700.8152465820312,2434.768798828125,358.3783264160156,609.715087890625,1337.6663818359375,634.8037109375,350.6251525878906,6670.10302734375,384.5071716308594,636.2786254882812,96.13796997070312,2912.75927734375,898.686767578125,120.65338897705078,253.97988891601562
2021-06-21,3196.209228515625,736.4749755859375,3657.64794921875,924.8160400390625,97.32056427001953,4102.384765625,1023.7120361328125,2572.70556640625,816.9509887695312,705.0301513671875,2437.7158203125,354.7593078613281,610.5372314453125,1334.9967041015625,637.0283813476562,352.935546875,6613.12451171875,390.88616943359375,638.9913330078125,97.35696411132812,2891.381591796875,892.1400146484375,121.94790649414062,250.4459991455078
2021-06-22,3216.14892578125,736.2757568359375,3691.709228515625,920.6741943359375,98.1123275756836,4160.24658203125,1028.819091796875,2591.535400390625,815.3702392578125,702.7095947265625,2447.989013671875,354.7110290527344,610.1502075195312,1345.2740478515625,639.20556640625,349.9580078125,6963.43359375,389.86181640625,634.6605224609375,97.89825439453125,2916.203857421875,887.3556518554688,121.0129623413086,257.0980529785156
2021-06-23,3202.921875,729.3048706054688,3671.59619140625,922.5043334960938,97.94738006591797,4098.01904296875,1027.074462890625,2601.450927734375,809.3804321289062,703.5147094726562,2465.926025390625,355.2418518066406,604.2020263671875,1337.53271484375,629.9759521484375,345.8949279785156,7123.77978515625,390.04803466796875,633.1853637695312,96.8244857788086,2881.045166015625,886.7260131835938,120.46160888671875,249.52207946777344
2021-06-24,3161.907958984375,736.0767211914062,3696.34375,915.9064331054688,96.59479522705078,4122.99755859375,1022.868896484375,2580.618896484375,823.3567504882812,713.3416137695312,2447.90478515625,356.15863037109375,613.2453002929688,1387.4071044921875,642.75537109375,346.1339416503906,7214.591796875,388.5115051269531,632.757080078125,97.97306060791016,2980.16064453125,906.4927978515625,120.31777954101562,253.6334228515625
2021-06-25,3394.61474609375,758.1842651367188,3669.453369140625,921.878173828125,98.14531707763672,4121.44482421875,1029.003173828125,2594.01416015625,828.3067016601562,717.5328979492188,2475.06201171875,362.7693786621094,627.7047119140625,1400.75439453125,652.6948852539062,345.55633544921875,7331.09033203125,399.3138122558594,639.8478393554688,102.55860900878906,2986.521240234375,914.4666748046875,125.71158599853516,252.9174041748047
2021-06-28,3409.570068359375,759.22998046875,3658.347900390625,927.6093139648438,97.12265014648438,4185.1279296875,1047.4053955078125,2612.748779296875,819.6962890625,714.3361206054688,2478.80908203125,368.94580078125,628.9620361328125,1398.6187744140625,658.2326049804688,345.16796875,7280.53271484375,397.40478515625,643.7027587890625,104.20886993408203,2947.6083984375,927.5604248046875,128.37249755859375,252.87123107910156
2021-06-29,3544.80126953125,748.8233642578125,3606.92822265625,943.5502319335938,95.34117126464844,4225.62744140625,1052.9970703125,2579.045654296875,818.2819213867188,714.4312744140625,2465.20947265625,361.177001953125,619.0968017578125,1390.8328857421875,649.287109375,339.7506103515625,7176.30224609375,392.5157775878906,644.9400024414062,103.20111083984375,2951.22998046875,913.3333740234375,127.77320098876953,250.6538543701172
2021-06-30,3573.13134765625,745.1885375976562,3614.9736328125,936.1336059570312,96.75973510742188,4276.16650390625,1051.049072265625,2546.677490234375,818.1987915039062,712.4573974609375,2444.2421875,359.0538635253906,610.1986694335938,1406.627197265625,647.3938598632812,339.7506103515625,7203.52197265625,390.37396240234375,642.8937377929688,102.67742919921875,2955.55908203125,919.4606323242188,126.02320861816406,252.0628204345703
2021-07-01,3630.974609375,743.3463134765625,3676.799072265625,942.1054077148438,96.09994506835938,4302.79345703125,1077.3009033203125,2550.634521484375,819.8626708984375,707.1541137695312,2460.99951171875,366.1470947265625,610.1502075195312,1388.4749755859375,644.22265625,341.7920837402344,7269.1748046875,391.4914245605469,651.1743774414062,102.40898895263672,2951.804443359375,910.8154296875,126.04720306396484,249.15249633789062
2021-07-02,3685.018310546875,747.5288696289062,3651.264404296875,943.1650390625,97.4195327758789,4384.228515625,1080.634521484375,2537.00048828125,819.1554565429688,704.1337280273438,2458.76806640625,362.9141540527344,619.2418823242188,1395.0594482421875,635.4664306640625,341.6028747558594,7259.0634765625,395.2164001464844,648.4141845703125,99.98418426513672,2937.625732421875,914.382568359375,125.6396484375,248.8060302734375
2021-07-05,3670.11328125,757.1884765625,3674.132080078125,938.83056640625,98.90410614013672,4423.32080078125,1073.308349609375,2575.1845703125,815.0791625976562,711.2921752929688,2474.09423828125,375.9425354003906,626.5924072265625,1404.981201171875,643.065673828125,344.7795715332031,7283.60009765625,402.8990783691406,647.414794921875,101.81929016113281,2933.69482421875,902.0022583007812,130.6259307861328,247.76663208007812
2021-07-06,3658.416015625,755.1967163085938,3668.7978515625,933.4366455078125,97.32056427001953,4388.6416015625,1073.6087646484375,2584.813720703125,808.6731567382812,729.9609375,2458.262939453125,371.8892822265625,628.9620361328125,1390.0765380859375,643.447998046875,349.60943603515625,7202.611328125,400.1985168457031,640.7996215820312,102.73463439941406,2881.8408203125,880.9347534179688,129.73895263671875,246.03433227539062
2021-07-07,3667.645263671875,759.7279052734375,3662.54541015625,929.68017578125,97.35356140136719,4416.14208984375,1077.998779296875,2584.52783203125,811.4185791015625,732.243896484375,2453.29443359375,379.8993225097656,632.5405883789062,1392.212158203125,659.9368896484375,350.89404296875,7139.78564453125,403.0853576660156,647.319580078125,107.2585678100586,2893.01513671875,877.8710327148438,130.530029296875,245.8264617919922
2021-07-08,3624.015625,751.2633056640625,3688.8271484375,915.6655883789062,96.49580383300781,4375.3525390625,1059.5186767578125,2602.117919921875,812.6248779296875,723.1829833984375,2442.38916015625,369.7178955078125,620.8377075195312,1388.7861328125,638.76416015625,345.0185852050781,7093.58935546875,395.2629699707031,634.7557983398438,104.71495056152344,2878.4833984375,889.8317260742188,126.8382797241211,245.29522705078125
2021-07-09,3677.8125,744.2424926757812,3615.182861328125,924.4788818359375,96.79273986816406,4461.8798828125,1063.13037109375,2585.766845703125,812.6665649414062,714.4075317382812,2439.358154296875,376.4250793457031,617.5975952148438,1390.69921875,651.4773559570312,342.57879638671875,7117.07080078125,394.611083984375,635.7075805664062,109.08045959472656,2834.005615234375,882.7811889648438,130.1944122314453,242.8931121826172
2021-07-12,3699.03515625,750.4664916992188,3579.219970703125,924.5269165039062,96.59479522705078,4451.2578125,1069.750244140625,2583.24072265625,814.8294677734375,707.2728881835938,2440.53662109375,374.7845153808594,625.0449829101562,1377.3076171875,663.8081665039062,344.94891357421875,7159.6259765625,398.05670166015625,636.3262329101562,107.98908996582031,2820.710693359375,886.8519897460938,129.90675354003906,242.91619873046875
2021-07-13,3701.897705078125,767.5452270507812,3588.22216796875,930.1136474609375,97.71646118164062,4468.03955078125,1058.61328125,2580.571044921875,805.2622680664062,714.3361206054688,2445.505126953125,378.54827880859375,643.13134765625,1374.72705078125,670.4514770507812,347.97625732421875,7121.52734375,399.5932312011719,650.0797729492188,108.14751434326172,2815.80859375,881.4383544921875,130.00267028808594,242.45423889160156
2021-07-14,3706.339599609375,766.8482055664062,3577.139404296875,941.1904296875,97.74944305419922,4484.67626953125,1049.6083984375,2574.18359375,823.1487426757812,713.052001953125,2442.641845703125,377.96923828125,642.551025390625,1403.156982421875,669.49560546875,348.1754150390625,7022.2333984375,401.4090881347656,652.8875732421875,109.55134582519531,2839.659423828125,905.2337646484375,130.29029846191406,259.4770812988281
2021-07-15,3713.7919921875,770.93115234375,3564.60888671875,937.77099609375,96.79273986816406,4469.25244140625,1050.1534423828125,2543.1982421875,864.9945068359375,723.3019409179688,2429.12646484375,387.4268798828125,645.5493774414062,1406.627197265625,668.2529907226562,348.5538330078125,7003.30419921875,402.0144348144531,650.0797729492188,110.54151153564453,2835.586669921875,933.7294311523438,129.2115478515625,266.0368347167969
2021-07-16,3730.325927734375,767.9435424804688,3557.32568359375,941.1904296875,96.03396606445312,4615.048828125,1052.665283203125,2495.289306640625,836.0850830078125,724.0867309570312,2446.01025390625,391.33544921875,638.634033203125,1384.0703125,672.5543823242188,348.44427490234375,6999.9970703125,400.4313049316406,655.4098510742188,112.52182006835938,2828.3720703125,925.9237060546875,130.64990234375,266.8913879394531
2021-07-19,3833.625244140625,752.0599365234375,3512.90380859375,938.1563720703125,95.30819702148438,4663.4052734375,1055.1572265625,2459.536865234375,832.0919799804688,699.6627807617188,2431.189453125,383.0841064453125,634.3783569335938,1371.835205078125,667.5838623046875,343.1264953613281,6867.73291015625,398.4757080078125,656.0286254882812,111.46124267578125,2819.342041015625,918.4114990234375,127.00607299804688,265.06671142578125
2021-07-20,3832.8359375,742.649169921875,3533.30517578125,920.0000610351562,94.2854995727539,4644.39208984375,1040.496337890625,2435.797119140625,812.9575805664062,686.4161987304688,2390.68505859375,369.621337890625,620.8377075195312,1379.2652587890625,651.907470703125,339.1132507324219,6932.0927734375,391.9570617675781,643.8455200195312,108.55237579345703,2838.1103515625,912.5359497070312,122.78692626953125,262.4335632324219
2021-07-22,3933.86474609375,743.64501953125,3486.078857421875,914.9432373046875,95.47312927246094,4698.1328125,1048.3720703125,2440.802734375,814.1222534179688,689.0560913085938,2419.88671875,379.7546081542969,634.4266967773438,1414.9913330078125,684.9329223632812,340.0195007324219,6996.1640625,393.0279541015625,654.1724853515625,112.04215240478516,2847.4501953125,964.0718383789062,125.99922180175781,269.8709716796875
2021-07-23,3868.321533203125,752.2590942382812,3475.85546875,913.1131591796875,95.07726287841797,4680.1865234375,1055.70263671875,2430.83935546875,826.9341430664062,686.2260131835938,2417.11572265625,378.0657043457031,654.447509765625,1415.2138671875,685.8888549804688,343.1564025878906,6990.701171875,399.4069519042969,660.549560546875,112.78146362304688,2844.3515625,974.7589111328125,128.396484375,276.7771301269531
2021-07-26,4047.429443359375,753.1552734375,3470.83447265625,915.5692138671875,95.01126861572266,4773.6982421875,1053.580322265625,2443.758056640625,832.1752319335938,682.3258056640625,2396.01416015625,386.0758056640625,654.544189453125,1427.181884765625,673.4624633789062,346.6716613769531,6935.0634765625,394.1920471191406,669.49658203125,114.23809814453125,2830.806884765625,965.4507446289062,130.4581298828125,272.7581481933594
2021-07-27,4025.61474609375,728.6575927734375,3457.30859375,879.4974365234375,93.98858642578125,4647.8359375,943.0090942382812,2451.528564453125,830.2501831054688,684.799072265625,2382.031005859375,402.771484375,655.2212524414062,1425.98095703125,679.2933959960938,338.17718505859375,6939.328125,400.3847961425781,655.1242065429688,117.11615753173828,2817.88134765625,966.0109252929688,127.2697982788086,273.2201232910156
2021-07-28,3976.408203125,719.8942260742188,3454.68505859375,857.1513061523438,95.04426574707031,4744.0634765625,921.2803955078125,2431.554443359375,822.8012084960938,674.1209716796875,2368.26171875,401.7581787109375,662.5718383789062,1428.694580078125,689.8557739257812,329.1947326660156,6867.25390625,396.2407531738281,654.6484375,120.13945007324219,2831.027587890625,964.890625,129.4992218017578,273.4510803222656
2021-07-29,3986.625,714.2676391601562,3405.1513671875,850.6015014648438,93.79065704345703,4698.66552734375,909.7734985351562,2410.34130859375,843.3064575195312,674.5728759765625,2340.978515625,442.09808349609375,666.888427734375,1438.8387451171875,715.3776245117188,326.9640197753906,6702.833984375,411.1870422363281,669.1158447265625,128.37759399414062,2829.257568359375,972.0008544921875,138.36900329589844,272.7581481933594
2021-07-30,3982.9228515625,705.952392578125,3464.7275390625,886.1917114257812,94.54940795898438,4759.099609375,917.2792358398438,2412.34375,857.8275146484375,678.47314453125,2355.984619140625,429.26263427734375,662.038330078125,1433.054931640625,704.432861328125,329.58306884765625,6687.69091796875,402.1075439453125,736.6460571289062,126.23883819580078,2804.158447265625,1042.4576416015625,144.7217254638672,271.2337341308594
2021-08-02,3995.9033203125,718.1514282226562,3475.538818359375,887.1549682617188,94.94529724121094,4781.26416015625,915.400390625,2481.322021484375,866.5736083984375,676.665771484375,2372.0986328125,430.2276611328125,660.9713134765625,1451.7855224609375,713.752685546875,331.6344909667969,6782.81591796875,404.9943542480469,737.6454467773438,124.10450744628906,2850.150390625,1043.4488525390625,150.1874542236328,273.5896301269531
2021-08-03,4039.8779296875,735.5288696289062,3463.460693359375,893.9935302734375,95.17622375488281,4856.830078125,919.3236083984375,2525.845947265625,869.9633178710938,682.3970947265625,2403.559814453125,433.12286376953125,669.7014770507812,1472.829833984375,707.6350708007812,335.7274169921875,6900.1767578125,415.79669189453125,756.4910278320312,123.8536605834961,2908.137939453125,1056.8507080078125,150.01962280273438,276.89263916015625
2021-08-04,4013.91796875,750.6656494140625,3466.89892578125,905.0704345703125,95.47312927246094,4815.5068359375,928.4940795898438,2518.695556640625,870.3816528320312,696.9517211914062,2391.964111328125,427.2359619140625,693.2245483398438,1467.53515625,714.2784423828125,348.5339050292969,6807.68701171875,425.52813720703125,747.8772583007812,124.64576721191406,2898.44384765625,1048.447509765625,149.1086883544922,275.6915283203125
2021-08-05,4021.17333984375,746.1843872070312,3454.910888671875,910.6088256835938,95.96797943115234,4776.02587890625,931.1224975585938,2604.835205078125,888.125,706.2503051757812,2403.30322265625,427.6220397949219,681.3901977539062,1471.361572265625,729.5723876953125,352.8757629394531,6778.4130859375,411.46649169921875,748.2579956054688,127.32142639160156,2907.297119140625,1075.7684326171875,149.5162353515625,277.58551025390625
2021-08-06,4035.288330078125,737.7694702148438,3481.238525390625,877.7636108398438,96.39686584472656,4768.70263671875,931.9013671875,2619.326904296875,878.7510375976562,709.9603881835938,2416.092529296875,426.7052307128906,676.734130859375,1468.3807373046875,723.9327392578125,353.96124267578125,6849.06591796875,405.6927795410156,747.3538818359375,125.75916290283203,2930.181884765625,1089.902587890625,150.6189727783203,276.245849609375
2021-08-09,3952.02685546875,752.358642578125,3487.843017578125,889.724853515625,94.51641845703125,4758.71142578125,938.1707763671875,2618.03173828125,879.2533569335938,715.311279296875,2418.22412109375,419.51544189453125,681.7781982421875,1480.037353515625,714.3739624023438,354.69818115234375,6830.69140625,403.5975036621094,750.7803344726562,124.29373168945312,2941.602294921875,1109.5960693359375,148.41348266601562,275.6915283203125
2021-08-10,4010.36474609375,758.3834838867188,3436.0927734375,883.8652954101562,93.8236312866211,4806.58251953125,928.6790771484375,2623.164306640625,890.2590942382812,717.0948486328125,2384.759521484375,412.0361633300781,679.88671875,1492.450439453125,690.285888671875,361.1412353515625,6753.720703125,397.12542724609375,755.1109008789062,120.89637756347656,2951.517822265625,1140.2784423828125,146.1121368408203,278.9482727050781
2021-08-11,3974.384765625,757.6365966796875,3372.03857421875,881.2018432617188,94.9782943725586,4771.7099609375,923.8309326171875,2607.718994140625,892.9791259765625,711.0542602539062,2371.587158203125,421.3973083496094,672.757080078125,1492.717041015625,716.0467529296875,354.81451416015625,6772.5771484375,398.6153869628906,741.9760131835938,125.52591705322266,2960.63671875,1140.7520751953125,155.5572967529297,277.7472229003906
2021-08-12,4079.757080078125,754.2008666992188,3410.218017578125,876.795166015625,95.27519226074219,4761.76708984375,918.2918090820312,2510.154541015625,917.7109985351562,714.1221923828125,2372.73779296875,424.8955993652344,680.3231201171875,1503.4395751953125,715.8555908203125,356.2293395996094,6763.41455078125,397.77728271484375,741.1194458007812,126.33125305175781,2967.320556640625,1195.0062255859375,155.1257781982422,279.87213134765625
2021-08-13,4011.6474609375,756.7403564453125,3461.244140625,866.2384643554688,94.8463134765625,4800.4228515625,905.791748046875,2443.24072265625,936.918701171875,725.9179077148438,2363.572265625,429.5599670410156,683.6697998046875,1523.5494384765625,715.9989624023438,356.2890625,6753.96240234375,401.548828125,740.786376953125,128.64602661132812,3066.16455078125,1192.0758056640625,157.5709991455078,284.3299865722656
2021-08-16,4289.02099609375,758.8316040039062,3391.308837890625,860.2820434570312,93.69166564941406,4752.1630859375,907.5343627929688,2394.362548828125,940.4342651367188,728.0107421875,2342.385498046875,429.2684326171875,681.5842895507812,1516.6090087890625,728.0430297851562,355.1632385253906,6584.828125,395.6354675292969,743.1658935546875,133.72886657714844,3074.619384765625,1178.88916015625,161.33462524414062,283.6601867675781
2021-08-17,4856.994140625,753.6034545898438,3444.6875,876.1656494140625,91.8772201538086,4780.79931640625,915.1959228515625,2413.357177734375,956.587158203125,720.4243774414062,2372.439453125,424.2639465332031,680.1776733398438,1549.7548828125,711.4107666015625,356.3588562011719,6641.30224609375,392.5157775878906,746.3545532226562,132.34703063964844,3145.531982421875,1218.4053955078125,145.3450164794922,293.2917785644531
2021-08-18,4728.9892578125,751.2633056640625,3467.8486328125,880.2333374023438,91.28341674804688,4782.84521484375,912.5771484375,2484.34814453125,949.3057861328125,719.6395263671875,2356.240478515625,414.88665771484375,667.6644287109375,1542.4581298828125,704.9108276367188,348.65716552734375,6597.6083984375,390.839599609375,745.1646728515625,132.0609893798828,3152.17236328125,1217.3712158203125,141.86900329589844,290.7511291503906
2021-08-20,4688.09765625,737.1719970703125,3394.068603515625,862.8001098632812,89.46895599365234,4693.4794921875,887.0615234375,2495.860107421875,935.1610717773438,720.471923828125,2299.883544921875,392.24493408203125,660.2923583984375,1542.01318359375,654.3927001953125,339.46099853515625,6608.02587890625,378.7335510253906,724.4629516601562,121.07240295410156,3151.242919921875,1205.90869140625,129.0916748046875,286.4318542480469
2021-08-23,4684.888671875,733.0392456054688,3318.75048828125,870.0640258789062,88.38027954101562,4747.97509765625,879.0494995117188,2440.554443359375,973.4513549804688,725.156982421875,2285.474609375,395.35455322265625,662.2322998046875,1547.1741943359375,654.0104370117188,342.1112365722656,6583.91162109375,381.34100341796875,724.6537475585938,119.58057403564453,3220.20751953125,1220.3878173828125,131.34512329101562,290.49700927734375
2021-08-24,4781.18896484375,743.2466430664062,3360.81982421875,888.75634765625,89.86483001708984,4736.822265625,893.1751098632812,2444.2958984375,964.91455078125,741.447509765625,2281.425048828125,408.958984375,673.6300659179688,1531.24658203125,661.1317138671875,339.73004150390625,6562.0166015625,388.8840026855469,736.1055297851562,123.62921142578125,3198.783447265625,1261.196533203125,137.31423950195312,292.6681823730469
2021-08-25,4712.939453125,735.9769897460938,3338.111572265625,883.8652954101562,91.6133041381836,4730.29638671875,885.6889038085938,2474.61083984375,966.1283569335938,740.7578125,2279.8046875,418.5306701660156,670.3319702148438,1544.326904296875,653.6758422851562,338.1956787109375,6473.51953125,387.6268310546875,733.9105834960938,122.35743713378906,3239.33056640625,1260.9810791015625,139.06422424316406,291.79046630859375
2021-08-26,4642.5654296875,743.2466430664062,3339.694580078125,882.606201171875,90.5905990600586,4720.75146484375,876.8397216796875,2473.8916015625,977.09228515625,739.5211791992188,2257.296142578125,412.1171569824219,677.8496704101562,1537.3416748046875,642.3487548828125,338.25543212890625,6374.3154296875,382.5050048828125,725.7989501953125,121.02400207519531,3250.706298828125,1249.2598876953125,137.8656005859375,290.5432434082031
2021-08-27,4706.47021484375,749.271484375,3346.9775390625,894.8095703125,91.41535949707031,4783.0888671875,895.7354736328125,2471.349365234375,973.3259887695312,736.5009155273438,2279.8896484375,425.5272216796875,678.7711791992188,1520.524169921875,647.6060180664062,341.4536437988281,6389.9892578125,384.088134765625,736.5349731445312,121.8249282836914,3293.466552734375,1245.726318359375,140.28684997558594,293.31488037109375
2021-08-30,4699.01318359375,780.7899169921875,3365.931640625,905.26953125,94.74737548828125,4971.60888671875,910.785888671875,2450.099853515625,973.7025756835938,745.91845703125,2324.3955078125,435.39044189453125,692.2545166015625,1510.958740234375,656.2567749023438,345.8973388671875,6555.93994140625,393.63330078125,751.2313232421875,126.79332733154297,3276.77880859375,1223.1453857421875,143.16355895996094,292.1600646972656
2021-08-31,4908.404296875,783.229736328125,3372.671875,917.9569702148438,96.23191833496094,5039.15673828125,915.8870849609375,2570.304931640625,989.5209350585938,752.1731567382812,2337.6962890625,455.0682678222656,697.4925537109375,1518.43310546875,657.2603759765625,349.4542236328125,6603.3955078125,396.7529296875,757.7683715820312,127.64266967773438,3352.162353515625,1247.6654052734375,145.17721557617188,296.08660888671875
2021-09-01,4977.04931640625,795.5782470703125,3400.220703125,893.7925415039062,95.14323425292969,5067.451171875,927.4524536132812,2593.233154296875,974.7489013671875,751.0792236328125,2336.84326171875,445.156494140625,698.317138671875,1492.8953857421875,646.7935791015625,348.0494079589844,6544.365234375,400.33819580078125,752.4720458984375,124.2057113647461,3288.86328125,1237.88330078125,142.8998260498047,296.5947265625
2021-09-02,4981.44482421875,799.3623046875,3366.42919921875,925.1724243164062,95.75183868408203,5031.3154296875,946.1924438476562,2622.061279296875,981.5285034179688,755.7880859375,2327.8916015625,444.0389709472656,703.4097290039062,1502.9947509765625,654.8229370117188,353.9775695800781,6552.08203125,400.1985168457031,753.8557739257812,125.4291000366211,3396.693115234375,1239.1761474609375,146.6155242919922,300.9371032714844
2021-09-03,4952.8505859375,794.6819458007812,3399.4970703125,911.468017578125,98.9638442993164,5072.95458984375,953.7566528320312,2688.639404296875,983.2019653320312,749.6285400390625,2386.805908203125,448.2660827636719,702.5851440429688,1513.272216796875,660.4148559570312,357.05621337890625,6619.79296875,401.73504638671875,753.3308715820312,127.06178283691406,3401.3857421875,1242.7529296875,147.8141632080078,302.6231384277344
2021-09-06,4934.03466796875,797.47021484375,3420.8486328125,920.281494140625,98.9638442993164,5069.83837890625,957.1444091796875,2729.218994140625,1004.4603881835938,744.7056274414062,2401.939453125,455.991455078125,699.5296020507812,1539.744140625,656.352294921875,353.60894775390625,6604.1669921875,401.4090881347656,748.416015625,126.47647094726562,3410.193603515625,1259.3004150390625,151.09840393066406,317.10528564453125
2021-09-07,4817.04248046875,784.5740356445312,3411.439208984375,920.572021484375,99.53861236572266,5074.70849609375,953.54248046875,2708.353271484375,989.4373779296875,746.3941650390625,2385.3564453125,449.23779296875,695.4070434570312,1518.611083984375,653.6279907226562,351.67608642578125,6633.34423828125,399.5932312011719,734.7218017578125,125.7459716796875,3378.23486328125,1236.9354248046875,149.56417846679688,311.4695129394531
2021-09-08,4752.19970703125,791.3956298828125,3370.409912109375,921.8310546875,100.85723876953125,4952.9072265625,956.239013671875,2686.14501953125,994.9610595703125,749.7949829101562,2385.867919921875,443.4073181152344,699.3355712890625,1506.6875,656.7346801757812,361.73907470703125,6540.8447265625,401.6884765625,741.9268188476562,125.84718322753906,3341.273193359375,1230.6007080078125,152.36737060546875,305.90301513671875
2021-09-09,4661.47998046875,786.8645629882812,3348.018310546875,919.4097900390625,100.51913452148438,4923.541015625,956.3850708007812,2703.60498046875,1003.1215209960938,746.0850219726562,2384.4609375,450.4524841308594,698.6566162109375,1505.219482421875,658.55078125,362.2372131347656,6561.10009765625,402.5731201171875,740.8292846679688,127.35660552978516,3356.544921875,1235.2548828125,153.84544372558594,305.9722900390625
2021-09-13,4687.45654296875,785.072021484375,3347.068115234375,920.5235595703125,104.5426025390625,4953.05419921875,960.152587890625,2690.94140625,1011.3653564453125,739.8779296875,2378.578369140625,464.8343200683594,686.1917724609375,1505.486083984375,663.7603759765625,366.6609802246094,6630.01708984375,403.0853576660156,744.6465454101562,128.80447387695312,3404.307373046875,1232.02294921875,157.26026916503906,309.8526916503906
2021-09-14,4674.2216796875,791.0968627929688,3393.661376953125,923.1386108398438,104.61022186279297,4962.45263671875,960.0260620117188,2705.619384765625,1036.6826171875,736.5484619140625,2431.354248046875,464.4456787109375,686.2402954101562,1500.36962890625,663.0435180664062,372.18060302734375,6650.03125,403.2250061035156,745.6963500976562,127.82310485839844,3440.20654296875,1251.4576416015625,154.5334930419922,311.0999755859375
2021-09-15,4733.087890625,788.109375,3419.038818359375,922.9449462890625,108.9041748046875,5024.83837890625,966.227294921875,2726.38916015625,1065.6409912109375,735.7161254882812,2451.1767578125,473.04559326171875,692.9334106445312,1522.8822021484375,665.9111328125,372.96771240234375,6664.0654296875,413.32891845703125,744.9805297851562,128.06954956054688,3500.982177734375,1262.489501953125,156.57220458984375,311.3771057128906
2021-09-16,4820.697265625,799.2628173828125,3450.161376953125,923.9617919921875,109.74945068359375,5032.630859375,960.2597045898438,2743.89697265625,1057.1461181640625,741.9706420898438,2489.92724609375,469.6445007324219,705.398193359375,1514.69580078125,659.02880859375,379.96197509765625,6685.2373046875,431.8139953613281,745.3623046875,126.45448303222656,3455.610107421875,1248.2686767578125,157.54058837890625,308.5130310058594
2021-09-17,4847.8583984375,803.9930419921875,3458.0322265625,924.01025390625,105.96265411376953,4989.6767578125,951.0308227539062,2780.687744140625,1057.3133544921875,752.5298461914062,2499.90283203125,459.68408203125,698.5595703125,1504.952392578125,652.1942138671875,400.1178283691406,6765.77734375,422.8741149902344,734.7218017578125,121.97896575927734,3388.81396484375,1251.02685546875,153.92189025878906,307.3119812011719
2021-09-20,4818.07958984375,792.5408325195312,3416.279541015625,908.5624389648438,104.27210235595703,4977.30712890625,929.6914672851562,2698.6162109375,1068.0684814453125,741.923095703125,2463.58251953125,431.84356689453125,688.7138671875,1501.88232421875,605.2608032226562,398.8226013183594,6703.998046875,407.3690490722656,721.9341430664062,110.29066467285156,3384.963134765625,1233.5740966796875,146.0474090576172,306.04156494140625
2021-09-21,4831.41357421875,792.0429077148438,3373.531494140625,925.9956665039062,105.75978088378906,5044.8544921875,945.0144653320312,2738.332763671875,1087.6109619140625,738.16552734375,2430.28857421875,438.257080078125,690.5083618164062,1529.11083984375,639.433349609375,400.7156066894531,6536.74560546875,408.62615966796875,729.5685424804688,113.73202514648438,3419.888916015625,1259.7744140625,149.28384399414062,308.3975524902344
2021-09-22,4844.54931640625,785.072021484375,3399.18017578125,933.16259765625,109.61424255371094,5006.33203125,943.5932006835938,2727.25244140625,1101.001953125,729.4852294921875,2427.517333984375,449.9179992675781,682.26318359375,1527.7315673828125,648.6096801757812,395.65423583984375,6588.8310546875,408.6727600097656,734.91259765625,114.92901611328125,3419.18017578125,1304.5047607421875,150.3031768798828,308.65167236328125
2021-09-23,5021.64306640625,808.7730102539062,3437.223876953125,937.6177978515625,113.16432189941406,5076.65576171875,934.0430908203125,2740.875,1111.7149658203125,746.7508544921875,2432.50537109375,469.59588623046875,695.5040283203125,1550.5555419921875,647.3670654296875,403.3160705566406,6603.974609375,418.8697814941406,734.674072265625,116.06438446044922,3425.46533203125,1311.3134765625,152.6986846923828,311.4925842285156
2021-09-24,4673.5791015625,794.731689453125,3446.81396484375,937.1820678710938,112.3190689086914,4975.796875,932.6898803710938,2811.81787109375,1136.7396240234375,761.7572631835938,2415.794189453125,465.2230224609375,701.2756958007812,1569.5086669921875,630.0657348632812,404.133056640625,6705.783203125,410.4421081542969,735.2467651367188,111.96293640136719,3427.28076171875,1305.49609375,149.38580322265625,312.5089416503906
2021-09-27,4509.37451171875,793.6362915039062,3540.543212890625,932.3878784179688,112.96147918701172,4804.37109375,932.9430541992188,2762.2685546875,1084.01220703125,772.95849609375,2483.575439453125,467.79815673828125,708.1142578125,1531.513427734375,620.0289916992188,405.1792297363281,7140.9873046875,415.8898010253906,728.1847534179688,111.82211303710938,3396.869873046875,1262.1014404296875,146.58255004882812,302.06884765625
2021-09-28,4356.775390625,785.9185180664062,3536.291015625,940.426513671875,118.03305053710938,4659.7294921875,941.023193359375,2765.81787109375,1062.0841064453125,768.1784057617188,2490.055419921875,464.6399841308594,695.6494750976562,1501.215087890625,631.690673828125,412.1236877441406,7160.6630859375,414.3067321777344,739.6841430664062,112.74185943603516,3345.699951171875,1218.70703125,148.1370849609375,295.46295166015625
2021-09-29,4369.07275390625,778.8978271484375,3527.7412109375,956.5038452148438,125.57283782958984,4681.54736328125,950.339599609375,2727.63623046875,1072.294677734375,758.0948486328125,2460.725830078125,480.1878967285156,688.2288208007812,1505.797607421875,649.8045043945312,404.601318359375,7122.2744140625,428.3683776855469,774.2300415039062,114.02685546875,3356.987060546875,1202.59033203125,148.90159606933594,295.99420166015625
2021-09-30,4426.45849609375,763.3627319335938,3467.48681640625,952.581298828125,125.16712188720703,4673.9990234375,950.2813110351562,2676.7431640625,1070.9140625,758.6179809570312,2414.984130859375,474.1630859375,679.8381958007812,1490.6260986328125,638.8119506835938,399.6296691894531,7077.904296875,421.8497314453125,780.8626098632812,113.44157409667969,3342.5126953125,1189.8779296875,146.60804748535156,292.9222717285156
2021-10-01,4404.53076171875,764.9560546875,3485.5361328125,955.1478881835938,127.60145568847656,4706.72509765625,964.9130249023438,2659.71484375,1066.0596923828125,752.7914428710938,2428.156982421875,470.664794921875,671.5929565429688,1481.683349609375,644.4994506835938,397.2483825683594,6908.3857421875,420.5925598144531,788.8309936523438,114.22930145263672,3302.364013671875,1181.8194580078125,145.69065856933594,293.9154357910156
2021-10-04,4492.287109375,775.7609252929688,3461.4248046875,927.3515625,128.44674682617188,5085.03271484375,981.8228759765625,2634.24462890625,1070.160888671875,754.2421264648438,2434.636474609375,491.41156005859375,679.2077026367188,1493.7850341796875,651.094970703125,396.7303161621094,6916.10205078125,431.3017883300781,793.9843139648438,116.5440673828125,3340.5205078125,1205.779296875,152.03611755371094,296.1328125
2021-10-05,4427.248046875,779.345947265625,3495.85009765625,905.1241455078125,133.8564453125,5082.2568359375,980.2457885742188,2647.867431640625,1092.3397216796875,758.8558959960938,2425.258056640625,481.305419921875,676.2005615234375,1506.2869873046875,649.3744506835938,395.0166015625,7000.93408203125,432.7452087402344,783.0098876953125,115.90156555175781,3393.639404296875,1217.8453369140625,154.43157958984375,298.81207275390625
2021-10-06,4324.87255859375,775.7111206054688,3410.851318359375,884.6885986328125,130.4077606201172,5003.0693359375,965.0591430664062,2617.98388671875,1067.482421875,768.1069946289062,2385.69677734375,462.45355224609375,668.8285522460938,1489.157958984375,630.1613159179688,389.7160949707031,6944.0263671875,425.76092529296875,764.0189819335938,112.6494369506836,3373.807861328125,1194.2303466796875,148.28997802734375,293.6844787597656
2021-10-07,4373.81396484375,773.8687744140625,3463.77734375,887.2067260742188,128.9539031982422,4965.37548828125,952.3060913085938,2706.242919921875,1093.30224609375,766.0142822265625,2422.78515625,464.00836181640625,681.147705078125,1504.6854248046875,637.1392211914062,389.0584716796875,7226.88037109375,426.4127502441406,785.6341552734375,113.46797180175781,3446.4033203125,1221.421875,148.21351623535156,297.0104675292969
2021-10-08,4325.3671875,778.6986694335938,3452.016357421875,888.2236328125,127.43241119384766,4939.51416015625,944.1481323242188,2703.364990234375,1106.5679931640625,762.2804565429688,2423.1689453125,460.26715087890625,682.3117065429688,1533.915771484375,636.4700927734375,385.850341796875,7166.595703125,426.50592041015625,783.86865234375,114.5197525024414,3484.25,1241.029052734375,149.86996459960938,305.4179992675781
2021-10-11,4323.29248046875,783.8770751953125,3485.083740234375,884.9791259765625,133.11260986328125,5009.400390625,952.9387817382812,2735.790771484375,1090.4569091796875,777.0965576171875,2436.554931640625,473.7257995605469,691.9149169921875,1504.6407470703125,642.7311401367188,393.6317138671875,7427.794921875,436.9823303222656,794.5091552734375,115.58033752441406,3262.879638671875,1206.7703857421875,151.75576782226562,301.5606994628906
2021-10-12,4297.76171875,793.83544921875,3599.666748046875,887.1099243164062,130.71206665039062,5090.09716796875,956.0443725585938,2791.288330078125,1046.47509765625,775.098876953125,2486.73046875,484.56072998046875,687.3558349609375,1499.4801025390625,644.0215454101562,397.5572204589844,7421.04345703125,449.78680419921875,791.7894287109375,116.97974395751953,3233.885986328125,1184.57763671875,159.12059020996094,304.4709777832031
2021-10-13,4323.63916015625,791.2959594726562,3589.624267578125,884.7369995117188,128.5143585205078,5112.5,959.5781860351562,2787.5947265625,1059.0291748046875,779.7601318359375,2494.02001953125,493.6951599121094,688.6653442382812,1520.8800048828125,651.3817749023438,400.39678955078125,7216.89697265625,448.5762023925781,804.05224609375,119.19769287109375,3235.966796875,1208.4510498046875,162.8157196044922,310.707275390625
2021-10-14,4275.14306640625,798.715087890625,3588.041259765625,882.6547241210938,124.28804016113281,5232.54736328125,965.4678955078125,2737.181884765625,1047.144775390625,802.5906982421875,2496.236572265625,501.5177001953125,705.4952392578125,1526.70849609375,662.2787475585938,402.08056640625,7231.1240234375,456.86419677734375,802.859375,121.02400207519531,3203.369140625,1233.143310546875,169.16116333007812,327.17584228515625
2021-10-18,4277.11767578125,809.9182739257812,3542.85009765625,875.2939453125,125.30237579345703,5204.20263671875,949.6581420898438,2711.423583984375,1022.2452392578125,794.457275390625,2476.030517578125,527.4633178710938,723.10107421875,1594.690673828125,684.216064453125,400.8451843261719,7385.5478515625,463.7087707519531,797.7061767578125,124.19251251220703,3235.03466796875,1275.244873046875,191.00074768066406,327.8687438964844
2021-10-19,4248.12939453125,798.3167724609375,3538.86962890625,877.6668701171875,124.76138305664062,5057.17578125,934.9192504882812,2593.760498046875,1031.20068359375,803.2090454101562,2452.114990234375,518.6690673828125,725.0411376953125,1621.3853759765625,661.0360717773438,405.5777282714844,7384.24609375,454.6292419433594,789.5467529296875,120.30668640136719,3223.503662109375,1326.482177734375,189.11495971679688,328.7002258300781
2021-10-20,4095.7275390625,801.45361328125,3481.96240234375,877.3763427734375,122.05654907226562,4983.44287109375,925.5930786132812,2543.3955078125,1031.870361328125,796.1458740234375,2400.916015625,498.45672607421875,723.4890747070312,1603.7666015625,654.9185180664062,401.6123046875,7321.64697265625,465.524658203125,777.6657104492188,118.22954559326172,3201.062744140625,1326.654541015625,181.57177734375,324.2655334472656
2021-10-21,4083.97509765625,804.4411010742188,3441.56640625,882.848388671875,123.34132385253906,5058.685546875,905.684814453125,2555.05126953125,1021.5761108398438,797.3111572265625,2350.527587890625,479.7992248535156,732.8497314453125,1560.4324951171875,644.3560180664062,427.1782531738281,7306.6962890625,468.3649597167969,781.0057373046875,115.71234893798828,3133.339599609375,1313.68359375,178.59014892578125,321.6554870605469
2021-10-22,3978.834228515625,813.3041381835938,3498.11181640625,868.1270141601562,118.94595336914062,4941.56005859375,902.9199829101562,2506.31689453125,1007.485107421875,799.427734375,2339.65673828125,457.15753173828125,736.5358276367188,1530.312255859375,638.3340454101562,432.68798828125,7146.2431640625,468.3649597167969,775.423095703125,114.08847045898438,3103.492431640625,1307.82275390625,165.05831909179688,315.2344055175781
2021-10-25,4112.765625,841.5860595703125,3405.1513671875,873.453857421875,117.728759765625,4866.12353515625,910.4548950195312,2457.58251953125,983.3525390625,788.13134765625,2290.7607421875,459.87841796875,816.4654541015625,1519.4119873046875,644.4994506835938,429.3203430175781,7003.20068359375,471.67083740234375,776.0433349609375,113.82884216308594,3098.259033203125,1313.5543212890625,165.873779296875,308.44378662109375
2021-10-26,4215.4365234375,838.3994140625,3430.483642578125,878.9259033203125,118.37118530273438,4888.4765625,908.517578125,2484.923583984375,984.533935546875,786.1099243164062,2302.441162109375,472.3167419433594,804.5341796875,1529.42138671875,663.7125854492188,440.5689697265625,7038.64892578125,477.3048095703125,776.32958984375,118.2603530883789,3089.079345703125,1347.3389892578125,168.47308349609375,308.65167236328125
2021-10-27,4223.9306640625,784.2255859375,3416.6865234375,893.45361328125,117.39065551757812,5015.53662109375,907.8361206054688,2478.831787109375,993.2671508789062,781.3773193359375,2293.61669921875,466.2919616699219,809.9663696289062,1552.0882568359375,654.6795043945312,436.04559326171875,7095.4599609375,483.45098876953125,787.3995971679688,116.72010040283203,3095.42041015625,1351.2603759765625,160.72604370117188,310.01434326171875
2021-10-28,4236.7216796875,755.1967163085938,3348.108642578125,863.671875,112.62335968017578,4988.06982421875,889.777587890625,2424.725341796875,972.0457763671875,757.9759521484375,2274.51904296875,455.5541687011719,774.7545776367188,1529.600830078125,637.9994506835938,418.1614685058594,7108.43359375,466.875,770.6991577148438,114.3833236694336,3035.015625,1321.483642578125,153.3357696533203,303.4547119140625
2021-10-29,4209.609375,738.914794921875,3354.034423828125,876.552978515625,111.20331573486328,5016.31591796875,907.1547241210938,2383.761962890625,965.0844116210938,752.86279296875,2265.4384765625,446.8084716796875,778.004150390625,1497.1485595703125,639.62451171875,404.7408142089844,7217.13720703125,467.61993408203125,758.6748657226562,115.82235717773438,3013.81591796875,1273.693359375,154.94125366210938,298.7658996582031
2021-11-01,4283.24267578125,749.2216796875,3371.1337890625,880.6207275390625,115.46345520019531,5092.33740234375,934.8511352539062,2455.90380859375,1003.4345092773438,763.5409545898438,2285.559814453125,464.6399841308594,779.7987060546875,1526.144775390625,658.55078125,413.7775573730469,7345.5673828125,480.23822021484375,774.707275390625,120.13066864013672,3083.5791015625,1311.8736572265625,153.99832153320312,302.78485107421875
2021-11-02,4237.11669921875,752.7071533203125,3385.337890625,874.955078125,114.41531372070312,5070.1298828125,924.0743408203125,2439.0673828125,987.7822875976562,764.2305908203125,2288.629150390625,455.16546630859375,776.9371337890625,1524.214599609375,643.1611328125,413.80743408203125,7515.52099609375,485.82562255859375,778.1427001953125,115.61992645263672,3090.497802734375,1297.4678955078125,156.97994995117188,302.02264404296875
2021-11-03,4383.9873046875,747.4789428710938,3346.027587890625,883.913818359375,114.7872314453125,5006.57568359375,929.0490112304688,2419.30517578125,992.5917358398438,752.1969604492188,2252.095458984375,464.7857360839844,762.3868408203125,1528.3441162109375,650.2346801757812,406.0161437988281,7460.0595703125,491.3664855957031,751.9470825195312,116.71129608154297,3097.637939453125,1304.3880615234375,158.33058166503906,301.4221496582031
2021-11-04,4383.9375,749.8192749023438,3401.1708984375,882.0252075195312,115.42964935302734,5072.7109375,927.9780883789062,2553.372802734375,998.2877197265625,758.142333984375,2282.83154296875,459.24676513671875,758.6522827148438,1533.9097900390625,650.2346801757812,409.891845703125,7472.7431640625,493.97393798828125,759.1043090820312,116.6980972290039,3112.18505859375,1310.7421875,159.12059020996094,301.9764404296875
2021-11-08,4351.146484375,747.9271240234375,3417.410400390625,884.9307250976562,116.10584259033203,4769.45263671875,932.3783569335938,2601.003662109375,998.0765991210938,761.1389770507812,2287.435791015625,456.5259094238281,756.7607421875,1559.763671875,655.5875854492188,422.21649169921875,7412.169921875,487.26904296875,763.4464721679688,118.22514343261719,3106.951904296875,1354.5684814453125,165.51699829101562,304.1245422363281
2021-11-09,4477.12744140625,741.9520263671875,3432.926513671875,885.3665161132812,115.29437255859375,4822.63330078125,933.0792846679688,2613.47509765625,989.5964965820312,747.8211059570312,2314.25,451.47283935546875,762.9688720703125,1564.2523193359375,646.7935791015625,417.9024353027344,7308.91455078125,492.7633361816406,764.7347412109375,117.58264923095703,3109.568359375,1357.1796875,162.3824920654297,304.1707458496094
2021-11-10,4496.8310546875,746.234130859375,3412.343994140625,883.7200927734375,112.72476959228516,4778.267578125,940.2832641601562,2635.06005859375,986.5165405273438,739.7352294921875,2318.043701171875,437.0423889160156,757.48828125,1562.142578125,633.17236328125,413.6878967285156,7245.3505859375,488.3399353027344,774.039306640625,114.29090881347656,3090.58642578125,1363.6209716796875,164.7015380859375,301.4682922363281
2021-11-11,4511.0546875,734.981201171875,3392.666259765625,876.4077758789062,112.92765045166016,4707.6513671875,937.4795532226562,2594.38427734375,979.3866577148438,736.4295654296875,2302.782470703125,441.1237487792969,748.3215942382812,1555.993408203125,637.9517211914062,409.3139953613281,7189.2138671875,474.5577087402344,758.5316772460938,114.3833236694336,3094.045654296875,1324.7559814453125,165.05831909179688,296.479248046875
2021-11-12,4612.04638671875,732.989501953125,3288.713623046875,887.1099243164062,112.89383697509766,4717.92724609375,942.9896850585938,2612.27587890625,989.216796875,738.6650390625,2287.56396484375,455.3111877441406,753.317138671875,1598.0955810546875,641.727294921875,413.41888427734375,7214.6787109375,476.18731689453125,769.6494750976562,113.29634857177734,3127.61865234375,1379.636962890625,167.27537536621094,304.9098205566406
2021-11-15,5018.43359375,730.2011108398438,3258.043212890625,908.61083984375,108.02509307861328,4780.1181640625,948.9085693359375,2575.197509765625,987.9510498046875,740.6864013671875,2296.260009765625,443.0186767578125,750.1161499023438,1604.3348388671875,632.3120727539062,417.92230224609375,7237.1044921875,471.7173767089844,773.6575927734375,109.61734771728516,3151.789306640625,1374.544921875,165.4150390625,304.3785705566406
2021-11-16,5034.1376953125,723.1306762695312,3264.873779296875,892.7271728515625,107.5517807006836,4726.49853515625,937.9954833984375,2600.092529296875,981.6649169921875,736.286865234375,2345.412109375,433.0096740722656,741.1433715820312,1608.9581298828125,635.56201171875,415.0429382324219,7764.95361328125,461.05474853515625,761.9672241210938,108.15191650390625,3154.5390625,1392.6064453125,169.59442138671875,305.55657958984375
2021-11-17,5663.3994140625,709.3880004882812,3242.346435546875,876.8435668945312,105.5569076538086,4640.0546875,928.3966674804688,2565.460205078125,972.4253540039062,728.1058959960938,2344.090576171875,432.8153381347656,738.4758911132812,1604.6041259765625,633.12451171875,409.1147155761719,7981.39794921875,463.89501953125,755.191650390625,107.38178253173828,3123.938232421875,1408.7528076171875,172.37217712402344,305.7182312011719
2021-11-18,5519.83740234375,703.4129638671875,3209.550048828125,864.2045288085938,103.73113250732422,4661.2392578125,909.5398559570312,2497.443359375,945.2131958007812,732.1963500976562,2289.09814453125,427.8594055175781,740.0278930664062,1597.3775634765625,621.84521484375,403.40576171875,7829.38525390625,469.156494140625,754.5236206054688,104.43771362304688,3082.958251953125,1364.6219482421875,157.76992797851562,300.9371032714844
2021-11-22,5352.81787109375,683.5460205078125,3116.047119140625,867.2069702148438,101.8039321899414,4557.5556640625,897.108154296875,2444.43994140625,936.6907348632812,720.7572631835938,2246.255126953125,429.6571350097656,729.4546508789062,1579.42333984375,628.0105590820312,389.65631103515625,7585.595703125,452.9530029296875,735.5330810546875,102.54100036621094,3067.61328125,1341.598876953125,167.35183715820312,297.5186767578125
2021-11-23,5387.14111328125,682.7990112304688,3107.588134765625,881.9283447265625,105.62455749511719,4639.5185546875,901.84912109375,2493.509765625,938.80029296875,720.8524169921875,2244.208740234375,437.479736328125,729.3091430664062,1559.22509765625,653.1500854492188,395.12615966796875,7575.564453125,459.1456604003906,749.32275390625,104.91738891601562,3072.802490234375,1358.354736328125,180.7307891845703,296.9411926269531
2021-11-24,5330.79248046875,682.3012084960938,3082.48193359375,865.3182983398438,107.58556365966797,4561.01318359375,895.2487182617188,2433.791015625,944.5802612304688,722.04150390625,2234.7021484375,439.3260192871094,737.4088745117188,1522.5091552734375,653.1023559570312,400.8052978515625,7397.55712890625,459.23883056640625,743.3583374023438,103.72479248046875,3054.21875,1338.8135986328125,176.1437225341797,294.0309143066406
2021-11-25,5630.90380859375,677.072998046875,3068.54931640625,871.6135864257812,107.21365356445312,4675.06982421875,893.9928588867188,2417.914306640625,949.0946044921875,725.7990112304688,2212.236083984375,434.418701171875,728.533203125,1546.2083740234375,650.8560180664062,405.52789306640625,7304.04345703125,456.817626953125,747.1278076171875,103.29792785644531,3056.525146484375,1357.310302734375,187.35658264160156,294.1233215332031
2021-11-26,5617.61962890625,658.9983520507812,3016.8896484375,936.261962890625,105.42167663574219,4809.48388671875,925.0089111328125,2334.93115234375,936.6486206054688,708.6522827148438,2156.561767578125,405.2177734375,700.5481567382812,1518.60400390625,600.9114990234375,391.4197998046875,6916.29541015625,438.1463623046875,732.2406616210938,97.89825439453125,3057.3681640625,1329.5,180.37403869628906,287.0785827636719
2021-11-29,5657.02880859375,648.3926391601562,2983.95751953125,934.6154174804688,104.30589294433594,4793.46142578125,914.6312866210938,2315.264892578125,956.1401977539062,714.05078125,2123.6513671875,408.27874755859375,696.8619995117188,1522.8231201171875,597.99609375,402.4393005371094,6896.03955078125,433.1177062988281,716.733154296875,98.1138916015625,3106.2861328125,1337.5513916015625,176.7552947998047,291.305419921875
2021-11-30,5617.76708984375,652.923828125,2931.57421875,940.717041015625,102.78445434570312,4752.01708984375,910.3965454101562,2274.061279296875,960.7809448242188,710.388427734375,2088.268310546875,401.08782958984375,692.9334106445312,1537.4556884765625,581.5550537109375,390.9415588378906,6817.2353515625,428.88055419921875,719.1665649414062,94.28086853027344,3130.36865234375,1341.7296142578125,172.7034454345703,294.3774108886719
2021-12-01,5502.4541015625,676.7742309570312,2939.94287109375,898.9256591796875,105.18498992919922,4628.70751953125,896.86474609375,2339.152587890625,976.0115356445312,715.66796875,2087.330810546875,412.8945617675781,705.8831787109375,1539.4757080078125,609.084228515625,389.2378845214844,7015.40234375,442.61627197265625,711.2935180664062,95.27983093261719,3173.521728515625,1381.9000244140625,176.98472595214844,293.2455749511719
2021-12-02,5524.13427734375,673.288818359375,3011.2802734375,892.2429809570312,107.72080993652344,4653.15478515625,907.8458862304688,2351.86376953125,999.6375732421875,725.7039184570312,2108.219482421875,419.8911437988281,700.7421264648438,1569.4140625,618.212890625,391.409912109375,7065.27001953125,444.19940185546875,731.2386474609375,97.90705108642578,3231.265625,1418.5018310546875,172.21920776367188,298.78900146484375
2021-12-03,5365.5595703125,670.20166015625,2974.593994140625,883.3326416015625,108.02509307861328,4633.43115234375,894.9468994140625,2355.701416015625,988.4154663085938,719.9011840820312,2099.480224609375,412.651611328125,694.8250122070312,1558.0133056640625,616.1099243164062,381.4365539550781,6953.14111328125,440.6141052246094,717.4487915039062,98.39994812011719,3229.091796875,1386.861572265625,171.91342163085938,295.99420166015625
2021-12-06,5234.59033203125,660.3428344726562,2940.12353515625,866.7710571289062,106.44861602783203,4526.0458984375,875.9050903320312,2344.716796875,959.0090942382812,715.2637329101562,2063.28759765625,409.4448547363281,688.27734375,1521.880615234375,614.4849853515625,375.6578674316406,6793.17041015625,433.3039245605469,703.46826171875,97.5902099609375,3136.799560546875,1350.6949462890625,171.09796142578125,288.4875183105469
2021-12-07,5249.25732421875,684.1434936523438,2973.3271484375,861.2505493164062,107.95341491699219,4504.6181640625,880.1885375976562,2371.290283203125,970.0628051757812,725.6801147460938,2098.926025390625,429.9972839355469,712.6248168945312,1536.55810546875,631.4995727539062,386.009765625,6931.82470703125,443.9200134277344,709.7188720703125,101.11077117919922,3179.464111328125,1372.369140625,175.40467834472656,292.1369323730469
2021-12-08,5267.876953125,694.201416015625,3014.58251953125,869.6766967773438,108.13260650634766,4485.2841796875,889.9236450195312,2403.66796875,988.5841064453125,739.0455932617188,2123.5234375,444.52484130859375,730.812744140625,1573.992431640625,643.2568359375,382.6819763183594,7171.3212890625,457.74884033203125,722.9359741210938,103.24071502685547,3217.0732421875,1396.8717041015625,174.20693969726562,296.4330749511719
2021-12-09,5168.41455078125,691.0645751953125,3022.6796875,866.3352661132812,109.38661193847656,4458.01123046875,894.5089111328125,2439.547119140625,986.010498046875,726.2271118164062,2149.357177734375,442.7757263183594,732.36474609375,1583.0592041015625,644.3560180664062,381.8649597167969,7158.63818359375,455.0482482910156,725.0355834960938,103.57957458496094,3194.76513671875,1402.4422607421875,177.59628295898438,297.1259765625
2021-12-10,5180.76123046875,685.1890869140625,3026.072509765625,865.754150390625,108.4192123413086,4389.34375,894.3239135742188,2424.869140625,980.65234375,724.181884765625,2154.3876953125,442.24127197265625,735.2747802734375,1579.288818359375,649.5655517578125,377.9593811035156,7162.3994140625,460.6822509765625,726.5624389648438,103.85681915283203,3225.853759765625,1395.0001220703125,178.2333984375,294.8393249511719
2021-12-13,5142.63623046875,701.07275390625,2990.5166015625,863.2359619140625,106.77108001708984,4412.6708984375,895.5895385742188,2395.177734375,978.0365600585938,718.7596435546875,2127.232421875,445.30224609375,731.394775390625,1566.1824951171875,640.962646484375,373.2467346191406,7249.9326171875,454.2567138671875,727.7552490234375,102.56300354003906,3201.772216796875,1425.9005126953125,181.52078247070312,298.14227294921875
2021-12-14,5147.87060546875,707.9440307617188,2978.031494140625,867.400634765625,106.69940948486328,4533.44873046875,904.6917724609375,2386.3037109375,980.7787475585938,714.6215209960938,2117.683349609375,448.65478515625,735.9053955078125,1572.915283203125,640.7236938476562,366.73065185546875,7227.50634765625,454.9551086425781,721.5045776367188,102.7302474975586,3214.323486328125,1429.86083984375,183.4320831298828,298.83526611328125
2021-12-15,5128.6611328125,709.5374145507812,2980.60986328125,867.4974975585938,106.12616729736328,4469.45654296875,895.6868286132812,2391.964111328125,969.4298706054688,713.4562377929688,2137.591796875,445.3994140625,729.6972045898438,1556.80126953125,629.4444580078125,372.1108703613281,7299.6552734375,451.4630126953125,739.6841430664062,101.57284545898438,3166.9130859375,1428.9036865234375,179.88986206054688,293.9847106933594
2021-12-16,5140.265625,706.6992797851562,2943.19970703125,853.2603149414062,107.30853271484375,4481.875,895.1124267578125,2370.666748046875,978.5851440429688,713.5037841796875,2106.85546875,437.7712097167969,718.9300537109375,1590.3753662109375,632.933349609375,370.7857360839844,7186.658203125,448.06402587890625,729.520751953125,101.49803161621094,3176.89208984375,1438.521728515625,182.20884704589844,297.6341247558594
2021-12-17,4727.80419921875,686.0355834960938,2876.250244140625,833.115234375,104.94378662109375,4394.21337890625,879.6531372070312,2359.0107421875,988.4154663085938,700.6378784179688,2084.3037109375,437.4311218261719,706.4652099609375,1634.5875244140625,631.1171875,357.4448547363281,7037.92529296875,435.63201904296875,733.8152465820312,99.64093780517578,3179.331787109375,1429.99169921875,176.14404296875,309.8757629394531
2021-12-20,4647.0595703125,671.5460205078125,2809.345947265625,865.6572875976562,100.82342529296875,4293.89013671875,887.9766845703125,2308.597900390625,978.7118530273438,678.0926513671875,2009.2752685546875,420.86285400390625,688.6653442382812,1614.8829345703125,614.2459716796875,347.22247314453125,7028.279296875,418.3110656738281,729.043701171875,94.43489074707031,3154.98291015625,1390.9962158203125,171.1915740966797,307.6353759765625
2021-12-21,4787.955078125,663.0813598632812,2832.507080078125,858.8292846679688,103.6539306640625,4291.2119140625,899.6976318359375,2318.3828125,1016.7666015625,685.774169921875,2001.388916015625,432.8639221191406,698.7535400390625,1626.2838134765625,629.253173828125,346.03680419921875,7055.8173828125,415.3310546875,742.9765625,97.26455688476562,3200.57470703125,1421.3741455078125,178.42166137695312,319.1147766113281
2021-12-22,4716.79052734375,666.5667724609375,2837.075927734375,861.6864624023438,104.15554809570312,4444.91064453125,905.0714721679688,2385.728271484375,1031.7861328125,687.3912963867188,2002.5826416015625,450.2582092285156,710.830322265625,1638.043701171875,631.8340454101562,351.1878662109375,7160.56689453125,424.5037536621094,761.0607299804688,99.35489654541016,3220.48779296875,1444.7017822265625,181.14950561523438,316.73577880859375
2021-12-23,4817.53564453125,675.9776000976562,2871.681640625,881.1050415039062,105.83950805664062,4362.11962890625,914.086181640625,2379.396728515625,1035.7095947265625,686.8680419921875,2040.011474609375,448.2660827636719,709.375244140625,1667.5782470703125,621.5584106445312,353.81817626953125,7125.2646484375,430.0445861816406,756.241455078125,99.249267578125,3248.827880859375,1465.6358642578125,182.20883178710938,320.8470764160156
2021-12-24,4782.91748046875,664.7244873046875,2851.732177734375,879.7007446289062,104.5496597290039,4331.68212890625,903.1536865234375,2338.7685546875,1067.5626220703125,684.394775390625,2039.79833984375,445.93389892578125,705.3012084960938,1672.8746337890625,622.5620727539062,348.3981018066406,7057.69775390625,425.52813720703125,749.5136108398438,98.17549896240234,3256.10107421875,1500.4530029296875,183.1622772216797,322.64874267578125
2021-12-27,4780.49755859375,669.355224609375,2853.5869140625,900.9596557617188,104.65714263916016,4356.9580078125,922.2830810546875,2339.776123046875,1069.250244140625,690.054931640625,2047.940673828125,440.0062255859375,713.9343872070312,1675.253662109375,624.23486328125,353.3897399902344,7031.076171875,426.55242919921875,757.8161010742188,98.73439025878906,3278.45361328125,1553.7237548828125,180.30201721191406,323.179931640625
2021-12-28,4784.5966796875,672.6415405273438,2873.44580078125,903.9135131835938,106.66360473632812,4407.751953125,923.6265258789062,2379.54052734375,1083.341552734375,694.811279296875,2061.411865234375,445.205078125,713.7403564453125,1694.868408203125,628.3450927734375,353.6787109375,7038.74462890625,429.4858703613281,777.8565063476562,99.23167419433594,3287.72314453125,1572.08984375,182.63259887695312,325.88238525390625
2021-12-29,4915.36767578125,667.7120361328125,2951.658935546875,906.0927124023438,105.15877532958984,4501.50146484375,941.023193359375,2458.06201171875,1090.0919189453125,691.505615234375,2074.58447265625,441.4153137207031,713.6433715820312,1692.669189453125,626.9591674804688,351.5465393066406,7089.4794921875,423.1534729003906,800.4735717773438,98.24591064453125,3277.21240234375,1555.333984375,179.79881286621094,325.0739440917969
2021-12-30,4909.5888671875,666.0689086914062,2895.83740234375,922.7511596679688,104.76464080810547,4507.63720703125,954.9540405273438,2453.026123046875,1111.3131103515625,695.1441650390625,2073.433349609375,436.94525146484375,713.6433715820312,1699.2222900390625,617.3046875,349.7630615234375,7024.083984375,420.6391296386719,796.3223876953125,96.90369415283203,3311.84912109375,1566.736572265625,176.54129028320312,329.87823486328125
2021-12-31,4951.71435546875,675.7286376953125,2939.67138671875,914.3734741210938,104.65714263916016,4556.6298828125,955.40185546875,2486.506591796875,1113.0426025390625,703.6581420898438,2099.18212890625,462.1134338378906,717.9600219726562,1694.6441650390625,627.0069580078125,357.90313720703125,7163.171875,428.7874755859375,807.058349609375,97.82343292236328,3315.929443359375,1558.5545654296875,180.7257843017578,330.45562744140625
2022-01-03,4929.09619140625,693.4545288085938,2964.8681640625,901.20166015625,111.28556823730469,4530.380859375,944.9171752929688,2608.246337890625,1118.9918212890625,722.8026123046875,2111.544677734375,464.54278564453125,741.77392578125,1704.2493896484375,637.6171264648438,363.5523986816406,7257.16650390625,438.4256896972656,810.1598510742188,100.55188751220703,3386.357666015625,1553.549560546875,187.39968872070312,332.003173828125
2022-01-04,4903.51416015625,706.2013549804688,2975.769775390625,895.1484985351562,109.63742065429688,4501.5986328125,941.4710083007812,2595.0078125,1125.1510009765625,727.0357055664062,2118.620849609375,462.6479187011719,749.6795654296875,1704.8780517578125,640.8193359375,369.1617126464844,7359.6015625,450.25244140625,799.4238891601562,101.11077117919922,3445.787353515625,1557.9017333984375,177.57421875,333.296630859375
2022-01-05,4912.05859375,723.8775634765625,3038.557861328125,899.3130493164062,110.13899993896484,4439.99267578125,932.6996459960938,2665.614990234375,1105.997314453125,744.3013305664062,2136.61083984375,461.91912841796875,764.423828125,1655.952880859375,663.85595703125,383.0207824707031,7499.7021484375,458.5404052734375,796.9426879882812,103.64558410644531,3424.676025390625,1512.421630859375,176.8326416015625,329.60101318359375
2022-01-06,4903.3671875,727.2633666992188,3092.524169921875,892.9694213867188,110.81975555419922,4372.4931640625,922.779541015625,2702.59716796875,1084.1854248046875,732.3629150390625,2128.0849609375,465.5631408691406,761.5137939453125,1631.849609375,644.212646484375,376.992919921875,7602.66796875,457.8885498046875,791.6940307617188,102.38257598876953,3377.221435546875,1472.8603515625,179.24266052246094,326.02093505859375
2022-01-07,4960.06103515625,727.5620727539062,3069.272705078125,885.9476318359375,112.46794891357422,4399.3271484375,916.7340698242188,2709.552490234375,1088.95263671875,737.4998168945312,2130.72802734375,479.5562438964844,769.4679565429688,1628.70751953125,643.1611328125,379.453857421875,7625.720703125,457.469482421875,791.0736694335938,102.1273422241211,3418.068359375,1483.087890625,179.1367645263672,328.6771545410156
2022-01-10,5002.9267578125,739.7114868164062,3107.814208984375,887.3519897460938,115.15509796142578,4349.74951171875,914.9136352539062,2701.0146484375,1086.885498046875,741.5902709960938,2198.08349609375,478.9732360839844,786.443359375,1661.4290771484375,642.4442749023438,388.16180419921875,7837.53564453125,469.0168151855469,788.9265747070312,102.89305877685547,3441.44091796875,1493.6636962890625,179.66641235351562,320.3620910644531
2022-01-11,4996.80224609375,740.1595458984375,3109.306884765625,887.1099243164062,113.61446380615234,4399.1806640625,909.1114501953125,2680.724853515625,1133.7578125,744.8008422851562,2189.68505859375,472.6083068847656,786.3463745117188,1665.78271484375,617.209228515625,385.9399719238281,7855.138671875,471.1586608886719,794.3660888671875,99.47811126708984,3473.417236328125,1512.073486328125,175.34951782226562,320.662353515625
2022-01-12,4952.70263671875,743.7445678710938,3112.337646484375,877.6668701171875,114.18772888183594,4376.14501953125,913.8135986328125,2701.398193359375,1140.93017578125,740.4011840820312,2208.6552734375,483.88055419921875,799.0535888671875,1685.3978271484375,628.058349609375,389.8854675292969,7881.0849609375,475.1629638671875,797.992431640625,100.96995544433594,3423.745361328125,1506.241455078125,176.19700622558594,319.36883544921875
2022-01-13,4922.03466796875,737.6201782226562,3122.19921875,894.9547729492188,118.05725860595703,4470.77099609375,920.1510620117188,2717.515380859375,1125.8262939453125,726.7740478515625,2211.29833984375,493.16070556640625,799.9751586914062,1702.768310546875,657.4993286132812,383.8576354980469,7790.70654296875,476.18731689453125,825.9537353515625,107.47860717773438,3457.451171875,1496.100830078125,179.93125915527344,300.1517333984375
2022-01-14,4912.8486328125,718.6991577148438,3105.7333984375,892.4850463867188,118.05725860595703,4496.630859375,912.995849609375,2705.043701171875,1128.3153076171875,734.9313354492188,2190.921142578125,492.043212890625,795.4160766601562,1731.9886474609375,652.5765991210938,386.2189636230469,7797.60302734375,473.3936462402344,820.4663696289062,106.81409454345703,3519.7626953125,1512.595703125,178.07736206054688,295.5553283691406
2022-01-17,4851.31494140625,709.686767578125,3157.25732421875,881.5408935546875,117.3048324584961,4510.0234375,909.724853515625,2728.643310546875,1062.1201171875,723.6824951171875,2303.293701171875,491.65447998046875,794.7369384765625,1741.1002197265625,668.5397338867188,386.0694885253906,7972.47607421875,478.6551208496094,814.2156372070312,108.23552703857422,3565.00048828125,1499.2344970703125,172.56871032714844,298.7197570800781
2022-01-18,4559.00732421875,722.1846313476562,3076.917724609375,873.744384765625,115.22677612304688,4409.505859375,913.8427734375,2624.987060546875,1029.21240234375,727.36865234375,2295.9189453125,481.9856262207031,798.4230346679688,1724.2684326171875,650.1869506835938,387.0060729980469,7634.54638671875,471.9501647949219,808.0126342773438,105.16382598876953,3539.67626953125,1445.5721435546875,170.79432678222656,292.55267333984375
2022-01-19,4460.38525390625,726.5662841796875,3109.35205078125,867.4490356445312,117.44818878173828,4365.04150390625,912.1683349609375,2608.15087890625,1011.8724365234375,722.231689453125,2301.844482421875,490.5370178222656,784.3577880859375,1676.0616455078125,644.8817749023438,379.7328186035156,7731.5322265625,480.331298828125,800.1873168945312,106.46204376220703,3478.409912109375,1453.7105712890625,171.93313598632812,286.9400329589844
2022-01-20,4587.64990234375,725.8692626953125,2993.50244140625,854.5677490234375,118.27225494384766,4217.2353515625,893.983154296875,2622.63671875,1000.0878295898438,717.7369995117188,2310.07177734375,489.17657470703125,785.9583129882812,1637.1458740234375,652.3854370117188,377.1324157714844,7751.44970703125,476.23388671875,782.53271484375,106.20679473876953,3400.127197265625,1450.925537109375,173.2838134765625,284.19140625
2022-01-21,4633.92333984375,709.5374145507812,3093.97216796875,840.1369018554688,113.75775909423828,4070.792236328125,875.4086303710938,2600.860107421875,993.7911987304688,723.7300415039062,2344.73046875,492.3833312988281,780.3806762695312,1603.033203125,636.8524169921875,377.36151123046875,7899.26708984375,468.13214111328125,771.7968139648438,102.95027923583984,3406.302978515625,1387.0794677734375,171.24456787109375,279.95770263671875
2022-01-24,4442.8037109375,701.6702880859375,3060.044921875,864.0108032226562,112.00214385986328,3951.183349609375,849.7468872070312,2548.3837890625,957.1605224609375,707.1065673828125,2307.30126953125,464.8829040527344,774.5121459960938,1559.1353759765625,594.3637084960938,364.8376159667969,7766.833984375,460.1700744628906,764.257568359375,96.7452621459961,3351.079345703125,1317.0963134765625,165.31216430664062,265.0123596191406
2022-01-25,4430.80322265625,749.0723266601562,3138.574951171875,877.13427734375,115.47759246826172,3943.9755859375,857.2429809570312,2582.5361328125,956.1394653320312,707.7724609375,2371.970703125,472.0252380371094,777.6161499023438,1545.98388671875,603.3012084960938,369.5702209472656,8297.6240234375,479.26043701171875,771.128662109375,97.61661529541016,3349.79052734375,1306.17236328125,168.46372985839844,260.36224365234375
2022-01-27,4239.43798828125,770.63232421875,3167.52587890625,898.3930053710938,115.04762268066406,3837.467529296875,828.7191162109375,2536.344482421875,917.0415649414062,701.5415649414062,2314.8037109375,475.32916259765625,770.8260498046875,1506.888916015625,598.4739990234375,376.4648742675781,8507.51171875,492.57708740234375,774.9935302734375,95.79031372070312,3242.585693359375,1258.2984619140625,173.8399658203125,252.05679321289062
2022-01-28,4423.4951171875,761.5204467773438,3163.99755859375,902.8966674804688,115.83586883544922,3838.295166015625,821.369140625,2504.781982421875,919.3387451171875,695.9765625,2278.27001953125,476.4952697753906,757.7307739257812,1513.71142578125,600.3380126953125,378.2682189941406,8247.8056640625,487.4552917480469,789.5467529296875,95.46465301513672,3278.839111328125,1227.876953125,173.5486297607422,255.48074340820312
2022-01-31,4402.5068359375,769.8356323242188,3225.02099609375,915.2451782226562,114.51017761230469,3931.21630859375,837.7630004882812,2537.927001953125,935.4630737304688,706.6546630859375,2322.732666015625,475.23199462890625,765.1513671875,1558.5965576171875,601.1982421875,370.08831787109375,8292.5126953125,501.2840881347656,796.3701171875,95.54387664794922,3319.890625,1287.37109375,170.4235076904297,264.9429931640625
2022-02-01,4456.53271484375,778.6488647460938,3197.698486328125,916.6011352539062,116.83908081054688,4001.588623046875,839.0578002929688,2515.57470703125,963.8826904296875,712.0293579101562,2324.822021484375,496.56182861328125,786.0068359375,1590.779541015625,625.4297485351562,375.0799255371094,8255.9580078125,495.69671630859375,851.0042114257812,102.74343872070312,3377.113525390625,1310.655029296875,179.11024475097656,266.8169860839844
2022-02-02,4608.884765625,800.7565307617188,3198.196044921875,921.8310546875,117.41234588623047,4109.99609375,859.6767578125,2561.191162109375,996.3441162109375,728.2960815429688,2304.060791015625,499.4284973144531,789.3533325195312,1604.2899169921875,630.7347412109375,387.0957336425781,8213.3720703125,502.68096923828125,849.9544677734375,102.75664520263672,3426.4736328125,1290.80908203125,181.81161499023438,272.0686340332031
2022-02-03,4585.67431640625,796.2254638671875,3276.093017578125,922.7511596679688,115.5850601196289,4151.6845703125,851.7523803710938,2562.24658203125,984.2611694335938,720.7572631835938,2371.50146484375,498.16522216796875,784.6973266601562,1560.7064208984375,624.3304443359375,380.41033935546875,8288.9931640625,502.9603576660156,843.1788940429688,102.67742919921875,3398.394775390625,1265.871337890625,182.8974151611328,267.5572509765625
2022-02-04,4630.2197265625,795.2295532226562,3225.654541015625,916.310546875,114.94013214111328,4192.64111328125,847.3326416015625,2524.400390625,990.26025390625,724.8716430664062,2320.55908203125,510.3120422363281,780.9142456054688,1562.9954833984375,628.3450927734375,375.45855712890625,8247.4208984375,493.834228515625,853.1038208007812,103.53116607666016,3389.77490234375,1260.5616455078125,188.7503662109375,264.5497131347656
2022-02-07,4420.0869140625,786.3168334960938,3144.8173828125,903.9135131835938,115.3342514038086,4092.317626953125,839.0092163085938,2495.572509765625,984.7717895507812,698.3071899414062,2257.722412109375,507.83404541015625,762.8233642578125,1539.5654296875,622.4187622070312,364.34942626953125,8209.8984375,496.5813903808594,846.5189819335938,104.12086486816406,3357.876708984375,1257.1671142578125,193.5174560546875,257.724853515625
2022-02-08,4345.36865234375,795.2295532226562,3129.120361328125,918.1991577148438,114.61766052246094,4166.3916015625,841.4915771484375,2483.86865234375,988.6857299804688,695.3106689453125,2278.09912109375,511.9154052734375,768.740478515625,1541.630126953125,630.9737548828125,362.22723388671875,8294.5869140625,494.81201171875,853.2468872070312,107.3421859741211,3326.287353515625,1248.37548828125,195.68917846679688,259.2286071777344
2022-02-09,4520.93115234375,800.507568359375,3224.025634765625,937.7631225585938,120.81612396240234,4216.94287109375,850.6036376953125,2518.884033203125,1004.8102416992188,712.314697265625,2326.6123046875,526.9774169921875,778.731689453125,1559.584228515625,633.7935791015625,365.6546630859375,8632.1787109375,498.4438171386719,852.6217041015625,107.584228515625,3341.482421875,1266.3065185546875,199.50279235839844,263.2541198730469
2022-02-10,4534.166015625,806.432861328125,3229.2734375,944.3489379882812,120.4220199584961,4201.65087890625,850.9832763671875,2532.98681640625,1012.85107421875,725.3947143554688,2331.0888671875,531.7875366210938,781.3507690429688,1588.580078125,642.8744506835938,372.0710144042969,8493.28515625,503.3794250488281,860.1722412109375,109.87258911132812,3350.1904296875,1278.2315673828125,201.01235961914062,265.4288635253906
2022-02-11,4459.34814453125,800.4578247070312,3226.83056640625,928.320068359375,119.31131744384766,4179.73583984375,842.1632690429688,2492.50244140625,990.1749877929688,722.4220581054688,2317.873291015625,527.3661499023438,767.0914306640625,1545.265869140625,641.7752075195312,364.3095397949219,8427.40625,493.1823425292969,846.5140380859375,110.40947723388672,3283.19287109375,1240.280517578125,200.24436950683594,259.78387451171875
2022-02-14,4431.14990234375,770.1343994140625,3155.62890625,924.83349609375,115.83586883544922,4166.732421875,818.643310546875,2466.2646484375,975.496826171875,700.9469604492188,2258.106201171875,506.5222473144531,731.1036987304688,1510.12060546875,598.9041748046875,348.0892333984375,8069.798828125,466.9215393066406,831.845947265625,104.459716796875,3317.668701171875,1210.0330810546875,191.47824096679688,250.64552307128906
2022-02-15,4606.0205078125,793.6362915039062,3247.231689453125,892.8240356445312,117.2690200805664,4213.3876953125,832.8467407226562,2613.235107421875,994.3017578125,721.9226684570312,2369.07177734375,518.76611328125,752.7836303710938,1560.43701171875,612.3820190429688,361.2906799316406,8317.01171875,488.71240234375,843.3399658203125,106.2992172241211,3392.352294921875,1253.1195068359375,197.01333618164062,260.6629638671875
2022-02-16,4528.3876953125,793.7359008789062,3245.151123046875,903.7197875976562,117.41234588623047,4349.11669921875,840.420654296875,2596.39892578125,993.6634521484375,720.947509765625,2376.020263671875,514.3447265625,741.1433715820312,1555.993408203125,609.848876953125,364.66827392578125,8278.671875,481.16943359375,835.6932983398438,104.8953857421875,3388.17626953125,1256.9058837890625,194.44442749023438,260.91754150390625
2022-02-17,4508.53564453125,779.545166015625,3254.560302734375,898.9741821289062,116.83908081054688,4326.76318359375,837.4125366210938,2612.035888671875,989.6218872070312,716.5479125976562,2381.690185546875,517.5028686523438,727.8541259765625,1548.36279296875,610.0401611328125,362.1275939941406,8249.2529296875,477.6773376464844,829.6337280273438,104.8205795288086,3362.4970703125,1259.9957275390625,195.42431640625,261.38018798828125
2022-02-18,4416.53173828125,784.1259765625,3286.08984375,880.4754638671875,119.8845443725586,4240.2705078125,841.3358154296875,2589.49169921875,991.2811889648438,719.3303833007812,2365.14990234375,514.63623046875,726.4475708007812,1532.3388671875,604.9261474609375,363.9708251953125,8265.3125,479.86572265625,829.970458984375,104.807373046875,3371.11572265625,1251.6396484375,192.8024139404297,260.24658203125
2022-02-21,4372.18408203125,785.5699462890625,3238.456298828125,878.6837768554688,119.0720443725586,4147.6416015625,836.8771362304688,2589.251708984375,991.068359375,723.9678344726562,2364.540283203125,497.5335693359375,731.8312377929688,1553.6593017578125,595.6063232421875,364.0804443359375,8307.3681640625,476.6529541015625,811.6473388671875,104.0196533203125,3304.91796875,1234.4488525390625,187.47914123535156,264.1101379394531
2022-02-22,4519.7451171875,775.9103393554688,3257.63623046875,884.6401977539062,118.11176300048828,4115.01220703125,821.3497314453125,2614.67431640625,978.1350708007812,718.5455322265625,2379.920654296875,501.6148681640625,728.7756958007812,1556.9359130859375,594.554931640625,366.99969482421875,8317.109375,464.1278076171875,813.5230102539062,100.22183990478516,3186.7392578125,1229.5308837890625,185.43988037109375,261.0331726074219
2022-02-23,4554.068359375,773.9684448242188,3239.179931640625,886.0929565429688,117.07767486572266,4072.935546875,817.9326782226562,2596.590576171875,981.0704956054688,713.8843383789062,2327.328857421875,504.0442810058594,722.2765502929688,1564.56640625,587.5770263671875,375.837158203125,8390.4619140625,464.4071960449219,808.184814453125,100.24823760986328,3166.657958984375,1230.18359375,186.5522003173828,262.39813232421875
2022-02-24,4328.0341796875,727.2633666992188,3147.440673828125,867.5942993164062,110.79904174804688,3834.3505859375,796.8172607421875,2510.72998046875,934.7396850585938,675.119873046875,2170.250732421875,503.0239562988281,686.1917724609375,1506.4849853515625,544.22802734375,357.6540832519531,7919.087890625,440.1485290527344,787.0243530273438,94.52731323242188,3022.577880859375,1160.2877197265625,179.05731201171875,248.54025268554688
2022-02-25,4576.439453125,754.8980712890625,3174.130126953125,894.5674438476562,120.73401641845703,4030.809326171875,813.191650390625,2521.522216796875,961.2446899414062,692.5757446289062,2229.5087890625,518.8148193359375,708.1627807617188,1521.252197265625,572.1873779296875,369.97869873046875,8059.86328125,449.7402648925781,799.8167114257812,100.80712890625,3128.405029296875,1209.64111328125,192.0608673095703,256.9151306152344
2022-02-28,4743.70556640625,739.3131103515625,3193.989013671875,895.92333984375,125.2398452758789,4154.16796875,791.1514282226562,2484.492431640625,958.905029296875,678.3779907226562,2209.509521484375,557.538818359375,720.4334716796875,1540.10400390625,599.7644653320312,367.19891357421875,8019.4013671875,449.9730529785156,811.6953735351562,107.44338989257812,3158.12744140625,1227.3111572265625,201.4361114501953,257.16961669921875
2022-03-02,4801.4365234375,747.1304931640625,3050.99755859375,894.0347290039062,136.5044403076172,4052.772705078125,750.21533203125,2406.1142578125,949.205078125,653.6448364257812,2114.39111328125,583.1443481445312,693.4183959960938,1528.6134033203125,616.1576538085938,359.87591552734375,7537.1748046875,441.6384582519531,789.5731811523438,113.4811782836914,3150.974853515625,1213.68896484375,205.1438751220703,256.8919982910156
2022-03-03,4857.291015625,734.5829467773438,2982.96240234375,905.4631958007812,139.5698699951172,4052.335205078125,724.06689453125,2311.523681640625,969.7536010742188,652.0990600585938,2106.635009765625,589.1691284179688,677.3646240234375,1544.8170166015625,625.8120727539062,357.135986328125,7326.2763671875,435.259521484375,789.5731811523438,114.70897674560547,3149.419677734375,1241.803955078125,209.72557067871094,263.53179931640625
2022-03-04,4688.83984375,712.0270385742188,2933.202880859375,901.8796997070312,133.697509765625,3988.293212890625,745.4451293945312,2244.130126953125,968.68994140625,649.9586181640625,2014.1748046875,567.3048706054688,667.4219360351562,1547.01611328125,604.06591796875,349.1453552246094,6990.37255859375,430.1842956542969,797.9893188476562,112.40299987792969,3131.60400390625,1265.2620849609375,197.7813262939453,266.19232177734375
2022-03-07,4606.9599609375,664.7742309570312,2926.46240234375,911.5164184570312,139.3852081298828,3969.056396484375,733.9091186523438,2167.766845703125,982.0914916992188,630.1245727539062,1916.0496826171875,602.2390747070312,634.1502685546875,1561.8734130859375,609.0364379882812,341.1248779296875,6529.0771484375,410.02301025390625,791.2564086914062,113.70561981201172,3096.550048828125,1239.584228515625,205.19683837890625,264.5959777832031
2022-03-08,4664.14697265625,667.6124877929688,3001.05712890625,939.0221557617188,139.71759033203125,4056.035888671875,753.2138061523438,2164.313232421875,1000.045166015625,631.551513671875,1962.192626953125,573.2811279296875,645.06298828125,1596.30029296875,602.0585327148438,343.356689453125,6565.00634765625,410.02301025390625,822.371826171875,111.73409271240234,3198.779296875,1272.530029296875,201.99229431152344,271.81414794921875
2022-03-09,4652.986328125,671.3966674804688,3020.870361328125,950.6444091796875,137.87095642089844,4124.02197265625,765.2658081054688,2199.808837890625,1006.3419189453125,652.17041015625,1996.0487060546875,571.434814453125,647.4395751953125,1627.854736328125,599.4776611328125,346.5449523925781,6777.73779296875,420.6391296386719,835.1162719726562,110.48870086669922,3227.790771484375,1309.78466796875,203.5825958251953,270.9118957519531
2022-03-10,4711.01318359375,692.0603637695312,3096.279296875,955.97119140625,132.18324279785156,4189.134765625,757.8768310546875,2209.35400390625,1014.3825073242188,662.4203491210938,2022.40966796875,577.0223388671875,656.3152465820312,1639.12109375,622.036376953125,349.5837707519531,6956.130859375,436.4701232910156,836.3665771484375,115.18424987792969,3217.439453125,1292.898193359375,207.4211883544922,272.1842956542969
2022-03-11,4794.3740234375,687.9774169921875,3096.866943359375,1011.07958984375,134.25149536132812,4226.63427734375,774.0565795898438,2197.602294921875,1015.4887084960938,664.3704833984375,2031.516845703125,572.455078125,657.5762939453125,1635.6199951171875,640.1979370117188,351.30743408203125,6850.75390625,438.0066833496094,867.5783081054688,114.56815338134766,3198.068115234375,1294.16064453125,207.39376831054688,271.2357482910156
2022-03-14,4862.92138671875,707.0975952148438,3123.601806640625,1015.6316528320312,133.21739196777344,4279.62060546875,770.4935302734375,2219.47509765625,1023.487060546875,686.130859375,2040.8409423828125,574.1071166992188,675.2791137695312,1697.292236328125,635.5142211914062,356.4385681152344,7057.3603515625,451.7889709472656,858.2003784179688,114.15447998046875,3237.0322265625,1308.261474609375,206.07763671875,276.7650451660156
2022-03-15,4753.7314453125,695.2471313476562,3124.958740234375,1034.4207763671875,127.71434783935547,4272.26708984375,759.3079223632812,2211.5126953125,1001.364013671875,677.307861328125,2020.3619384765625,543.9343872070312,676.443115234375,1651.1502685546875,612.8599243164062,345.4788513183594,7157.04638671875,452.44085693359375,857.623291015625,108.58758544921875,3193.403564453125,1269.6141357421875,196.1521759033203,271.9298400878906
2022-03-16,4882.822265625,720.8401489257812,3229.6806640625,1022.556640625,130.66900634765625,4287.85107421875,767.864990234375,2262.021484375,1020.6365966796875,688.7943725585938,2064.892822265625,556.5185546875,686.7738037109375,1696.125244140625,626.3377685546875,350.8092346191406,7220.41748046875,458.8663635253906,855.2667236328125,111.36003112792969,3248.49365234375,1296.8587646484375,204.7341766357422,276.811279296875
2022-03-17,4780.349609375,736.1761474609375,3302.646484375,1015.4863891601562,130.41050720214844,4387.2978515625,787.0140380859375,2337.857421875,1018.4244995117188,703.9673461914062,2108.813720703125,560.5026245117188,698.5110473632812,1664.885009765625,654.8706665039062,362.6656799316406,7420.271484375,467.3871765136719,876.8118896484375,114.72217559814453,3263.466796875,1299.9923095703125,207.5308380126953,278.17626953125
2022-03-21,4708.74169921875,722.8817749023438,3247.09619140625,1017.2295532226562,134.65777587890625,4340.44775390625,779.7710571289062,2282.02392578125,993.87646484375,707.03515625,2084.10791015625,573.2811279296875,689.44140625,1663.49365234375,651.2383422851562,354.1170959472656,7432.376953125,456.86419677734375,878.9279174804688,114.67817687988281,3222.54833984375,1288.0675048828125,219.37562561035156,277.62103271484375
2022-03-22,4620.0458984375,728.3588256835938,3308.07470703125,1000.0868530273438,135.43336486816406,4332.9482421875,784.7164916992188,2283.60693359375,1000.981201171875,710.6737670898438,2112.08154296875,576.6821899414062,696.6680297851562,1694.3297119140625,665.7677001953125,360.2445373535156,7491.31005859375,459.7510070800781,879.2164916992188,114.59455871582031,3288.524169921875,1338.900634765625,221.569091796875,282.2712097167969
2022-03-23,4551.50048828125,723.7282104492188,3258.360107421875,982.5084228515625,135.2117919921875,4435.2197265625,803.5928955078125,2296.75,1004.64013671875,703.5867309570312,2086.809814453125,591.2584228515625,696.7650146484375,1680.8642578125,673.3192138671875,352.6524658203125,7373.8291015625,456.9107666015625,866.424072265625,117.14698028564453,3298.698486328125,1342.3388671875,224.0915985107422,282.8033142089844
2022-03-24,4571.599609375,719.2468872070312,3242.43701171875,996.6002807617188,138.4249267578125,4377.85009765625,842.766845703125,2273.293701171875,1014.3401489257812,686.178466796875,2102.059814453125,604.376953125,683.0877685546875,1693.7012939453125,683.5469360351562,341.5732116699219,7289.04541015625,453.6048889160156,874.1668090820312,118.86764526367188,3331.974609375,1365.3182373046875,225.4625244140625,282.5025634765625
2022-03-25,4625.5771484375,718.2510986328125,3306.175048828125,981.58837890625,137.4646759033203,4338.40234375,849.1822509765625,2241.827880859375,1003.4912109375,680.5897216796875,2072.64892578125,605.1057739257812,678.2861328125,1684.5899658203125,689.5211791992188,343.1872863769531,7152.5615234375,456.9573059082031,867.914794921875,117.84668731689453,3294.29931640625,1332.2418212890625,225.13356018066406,279.1710510253906
2022-03-28,4601.2802734375,732.939697265625,3336.392333984375,985.074951171875,141.26878356933594,4301.77880859375,834.3849487304688,2283.222900390625,990.3877563476562,681.493408203125,2072.2568359375,612.393798828125,689.0533447265625,1682.2108154296875,697.8850708007812,343.775146484375,7212.26708984375,463.28973388671875,871.3294067382812,117.84668731689453,3294.52197265625,1326.93212890625,226.6963653564453,277.71356201171875
2022-03-29,4556.9814453125,734.7322387695312,3337.61376953125,1006.14013671875,137.3908233642578,4443.06005859375,841.8031005859375,2379.63671875,993.5784912109375,690.5305786132812,1926.463623046875,613.4627685546875,693.8549194335938,1693.072998046875,720.635009765625,344.7315979003906,7175.4208984375,460.9616394042969,884.2662353515625,117.46822357177734,3292.433837890625,1325.1043701171875,225.02389526367188,278.7778015136719
2022-03-30,4558.01806640625,747.3296508789062,3324.043212890625,996.5518188476562,135.10096740722656,4420.658203125,847.8095703125,2385.4404296875,991.4513549804688,702.4927978515625,1979.6219482421875,582.8527221679688,708.9873657226562,1709.186767578125,685.8888549804688,351.32733154296875,7329.21875,460.3097229003906,885.4684448242188,115.12702941894531,3315.714111328125,1302.4296875,218.63536071777344,277.9912109375
2022-03-31,4460.533203125,757.9851684570312,3304.953369140625,985.9950561523438,135.2117919921875,4287.65625,836.3319702148438,2357.236083984375,990.21728515625,699.3536376953125,1999.229248046875,553.4088745117188,708.4052124023438,1711.7904052734375,700.3225708007812,349.484130859375,7293.240234375,459.611328125,879.8417358398438,115.05223083496094,3323.1787109375,1305.17138671875,221.18524169921875,273.8731689453125
2022-04-01,4451.44677734375,771.3294067382812,3383.57373046875,982.8958129882812,137.5016326904297,4265.8876953125,833.216796875,2380.307861328125,995.2376708984375,716.3101196289062,1952.171142578125,554.380615234375,714.1768798828125,1708.827880859375,699.8924560546875,354.02740478515625,7427.07177734375,473.2539367675781,874.0225830078125,115.92357635498047,3339.883544921875,1294.421630859375,222.52877807617188,278.4538879394531
2022-04-04,4508.78271484375,780.8396606445312,3405.060791015625,995.4381103515625,138.6834716796875,4380.7236328125,840.5570068359375,2406.929443359375,1010.0430908203125,788.0362548828125,2014.567138671875,570.900390625,724.216552734375,1690.3349609375,700.3704223632812,365.86383056640625,7499.17138671875,477.1651611328125,890.7105102539062,118.10633087158203,3350.1904296875,1304.4752197265625,231.11077880859375,280.212158203125
2022-04-05,4498.2138671875,779.8438110351562,3446.723388671875,989.2880249023438,138.79425048828125,4345.26904296875,843.0393676757812,2440.026611328125,1017.1903686523438,764.9440307617188,2032.431640625,570.2686767578125,719.5604248046875,1670.72021484375,701.0873413085938,359.11871337890625,7486.68115234375,474.3714294433594,893.64404296875,118.37036895751953,3389.686767578125,1296.118896484375,229.71240234375,279.5356750488281
2022-04-06,4456.23681640625,770.4830322265625,3439.576416015625,996.6002807617188,143.18931579589844,4272.900390625,832.6910400390625,2427.795166015625,995.9613037109375,737.6424560546875,2045.1982421875,564.826904296875,719.366455078125,1641.7691650390625,704.863037109375,354.57537841796875,7469.65673828125,478.6085205078125,892.68212890625,120.6455307006836,3336.862060546875,1270.2669677734375,237.22509765625,276.9229736328125
2022-04-07,4480.6826171875,788.8064575195312,3439.983154296875,1004.0578002929688,140.89947509765625,4332.85107421875,840.6056518554688,2435.18212890625,998.3435668945312,721.4232177734375,2048.4228515625,558.5105590820312,726.108154296875,1625.7451171875,695.925537109375,351.9949035644531,7369.63330078125,479.539794921875,895.4235229492188,118.77523803710938,3273.595703125,1278.275146484375,233.33164978027344,270.9976806640625
2022-04-08,4549.474609375,791.5947875976562,3447.3115234375,979.7481079101562,143.70635986328125,4388.8564453125,862.5972900390625,2451.299072265625,991.5786743164062,720.4243774414062,2058.749267578125,565.3128051757812,731.685791015625,1628.9769287109375,723.2157592773438,355.5916442871094,7290.00927734375,480.6106872558594,889.3157958984375,120.6455307006836,3274.9287109375,1261.04052734375,235.9638214111328,272.3041076660156
2022-04-11,4604.78662109375,782.7815551757812,3426.322021484375,993.2105102539062,145.0728759765625,4386.76220703125,852.891357421875,2442.089599609375,964.4782104492188,711.6250610351562,2035.17626953125,560.0653686523438,736.8268432617188,1585.8421630859375,733.5393676757812,355.3824462890625,7297.1953125,479.4932556152344,890.0853271484375,119.5145492553711,3284.481201171875,1261.431884765625,240.0492401123047,266.44879150390625
2022-04-12,4569.37646484375,795.1300659179688,3358.377197265625,994.9053955078125,137.3908233642578,4357.15185546875,851.3045043945312,2419.257080078125,962.4784545898438,710.3646850585938,2002.4974365234375,527.0260009765625,740.9493408203125,1564.2073974609375,722.5467529296875,359.0489196777344,7348.26806640625,477.58416748046875,886.1417846679688,116.20081329345703,3279.77197265625,1231.6632080078125,228.67051696777344,260.66357421875
2022-04-13,4686.07373046875,789.75244140625,3345.032470703125,984.5907592773438,137.83399963378906,4382.33056640625,837.0621337890625,2390.14111328125,957.3306884765625,696.78515625,1982.0181884765625,531.3016967773438,739.3974609375,1569.68359375,732.5355834960938,354.6152648925781,7204.69580078125,482.1006774902344,901.002197265625,116.13481140136719,3253.86962890625,1227.7027587890625,233.4962158203125,260.8968200683594
2022-04-18,4498.4609375,795.5283203125,3360.684326171875,995.4865112304688,139.93919372558594,4407.31396484375,834.2875366210938,2408.896484375,937.4627075195312,663.7283325195312,1991.6041259765625,529.9412231445312,735.080810546875,1455.540283203125,733.9694213867188,348.7966613769531,7305.0078125,474.46453857421875,892.1051025390625,117.8598861694336,3134.891845703125,1170.34130859375,232.5913543701172,251.28582763671875
2022-04-19,4757.0888671875,794.4827270507812,3308.707763671875,968.803955078125,146.07009887695312,4296.76318359375,819.6362915039062,2355.029541015625,910.6597900390625,638.400634765625,1972.301513671875,525.5198364257812,743.3259887695312,1402.2164306640625,713.4659423828125,340.24810791015625,7171.51513671875,476.60638427734375,886.8150024414062,116.75970458984375,3084.998779296875,1132.6080322265625,234.4558563232422,247.48341369628906
2022-04-20,4722.12451171875,791.3956298828125,3366.248291015625,980.1840209960938,147.0672607421875,4339.86328125,835.9328002929688,2433.6474609375,926.9540405273438,644.1559448242188,1982.4105224609375,529.6011352539062,732.8982543945312,1425.2874755859375,706.2490844726562,342.9980163574219,7394.90478515625,474.27825927734375,888.2577514648438,115.67273712158203,3160.43798828125,1139.5712890625,231.3575439453125,250.30606079101562
2022-04-21,4825.14111328125,798.466064453125,3349.6015625,967.1090087890625,152.8288116455078,4411.35595703125,841.1702880859375,2543.68310546875,935.2926635742188,653.6924438476562,2019.7081298828125,524.9853515625,739.4943237304688,1453.2061767578125,701.8042602539062,350.8789978027344,7599.87060546875,480.79693603515625,908.0716552734375,114.60775756835938,3224.28076171875,1142.617919921875,233.030029296875,251.5657958984375
2022-04-22,4754.47216796875,777.3541870117188,3295.453857421875,936.5524291992188,149.32015991210938,4375.755859375,816.3361206054688,2524.496337890625,937.7178955078125,644.7742309570312,1999.3165283203125,499.62286376953125,725.2351684570312,1423.267578125,691.4807739257812,344.28326416015625,7624.27392578125,466.1765441894531,889.5081176757812,112.44261169433594,3209.975830078125,1137.2213134765625,228.01243591308594,250.86593627929688
2022-04-25,4618.51513671875,777.453857421875,3332.049560546875,923.1386108398438,139.20053100585938,4295.4970703125,801.2857055664062,2488.6650390625,927.3370971679688,649.6019287109375,1994.3929443359375,481.499755859375,729.648681640625,1401.408447265625,684.1204833984375,344.5024719238281,7631.845703125,460.7288513183594,865.6546630859375,107.40819549560547,3152.796142578125,1105.7987060546875,220.49977111816406,246.97021484375
2022-04-26,4567.15478515625,771.777587890625,3521.272705078125,947.5935668945312,141.3795928955078,4402.1513671875,808.8984985351562,2541.57275390625,931.1235961914062,652.5985107421875,2097.789794921875,479.5076904296875,731.1522216796875,1419.2728271484375,689.3778076171875,347.2622985839844,7626.44384765625,470.7396240234375,883.0158081054688,108.57438659667969,3151.10791015625,1110.1942138671875,225.7093048095703,246.923583984375
2022-04-27,4467.29931640625,762.7154541015625,3533.53173828125,946.9640502929688,138.498779296875,4412.86572265625,793.80908203125,2547.472412109375,932.229736328125,652.8363037109375,2178.616455078125,478.39019775390625,714.6134033203125,1393.95751953125,688.8042602539062,347.0231628417969,7512.2900390625,463.0569152832031,871.5217895507812,109.72736358642578,3164.347900390625,1097.8341064453125,226.28514099121094,242.11805725097656
2022-04-28,4482.015625,776.5576171875,3469.06982421875,950.3053588867188,140.53013610839844,4445.982421875,802.5901489257812,2570.976318359375,945.1196899414062,652.2655639648438,2193.6923828125,474.79473876953125,724.7501220703125,1420.709228515625,696.92919921875,351.83544921875,7608.5029296875,472.60205078125,885.8532104492188,110.97277069091797,3184.873291015625,1106.58203125,225.73672485351562,243.79762268066406
2022-04-29,4399.54248046875,725.5704956054688,3374.209716796875,950.3053588867188,135.06405639648438,4388.3203125,804.498291015625,2523.39306640625,933.656982421875,658.5677490234375,2184.41162109375,469.0128479003906,721.0155639648438,1407.1986083984375,695.0653686523438,356.8370666503906,7444.19287109375,462.1722412109375,893.2113037109375,111.87051391601562,3151.4638671875,1095.875732421875,223.92710876464844,237.3825225830078
2022-05-02,4251.78369140625,724.32568359375,3278.21875,945.8502197265625,138.60960388183594,4392.4599609375,802.930908203125,2448.708740234375,922.9732666015625,667.65234375,2167.54931640625,470.71337890625,718.7844848632812,1383.3646240234375,699.6535034179688,353.569091796875,7364.0869140625,457.2366638183594,888.16162109375,113.99606323242188,3147.642333984375,1071.6776123046875,223.6529083251953,230.944091796875
2022-05-04,3963.919677734375,704.2594604492188,3163.72607421875,927.4000854492188,138.38803100585938,4231.26123046875,777.3178100585938,2382.22705078125,903.9842529296875,644.9644775390625,2099.75048828125,448.6061706542969,702.5366821289062,1378.4720458984375,680.1536254882812,353.81817626953125,7135.6337890625,446.6671447753906,866.5203247070312,111.01677703857422,3091.973876953125,1055.6617431640625,216.71600341796875,229.4277801513672
2022-05-05,3900.510009765625,699.4295654296875,3188.1533203125,918.5381469726562,137.280029296875,4252.34814453125,771.7591552734375,2334.595458984375,927.4283447265625,643.5137939453125,2180.054443359375,448.5575866699219,706.9502563476562,1422.998291015625,676.5213012695312,358.2020263671875,7145.0380859375,446.9930725097656,844.6384887695312,113.03231048583984,3121.87451171875,1099.662109375,222.19981384277344,233.81338500976562
2022-05-06,3780.2578125,670.60009765625,3166.3046875,905.3179321289062,138.4249267578125,4057.594482421875,765.3047485351562,2266.38671875,908.5260620117188,626.699951171875,2233.82275390625,431.2119445800781,697.6865234375,1385.025390625,659.9368896484375,353.75836181640625,7021.189453125,450.6714782714844,849.5919189453125,112.98389434814453,3050.078369140625,1123.511962890625,214.29165649414062,226.3251953125
2022-05-09,3720.00830078125,660.9403686523438,3228.73046875,908.756103515625,135.2117919921875,4121.14892578125,760.4663696289062,2248.974853515625,930.9320678710938,627.7700805664062,2172.298828125,431.55206298828125,689.0533447265625,1409.712158203125,648.4185180664062,352.2041015625,7099.3662109375,443.17498779296875,851.6116943359375,110.21585083007812,3061.185791015625,1097.7471923828125,208.1970672607422,225.41542053222656
2022-05-10,3641.535888671875,657.0067138671875,3250.71533203125,896.9887084960938,125.60919952392578,4184.703125,762.0629272460938,2317.32763671875,927.861083984375,637.8536987304688,2152.25537109375,411.0482177734375,689.974853515625,1394.136962890625,616.8268432617188,358.11236572265625,7249.4501953125,442.5231628417969,828.96044921875,102.52780151367188,3055.54296875,1081.33935546875,196.42408752441406,222.84938049316406
2022-05-11,3634.375,669.5543212890625,3268.628662109375,908.0781860351562,125.4614486694336,4182.21923828125,756.2316284179688,2292.0009765625,917.7826538085938,641.4447631835938,2152.73486328125,410.6109313964844,692.7879638671875,1370.572265625,620.3157958984375,360.6629943847656,7134.2353515625,443.7803039550781,822.179443359375,102.59822082519531,3031.77392578125,1065.802001953125,193.7781524658203,220.1666717529297
2022-05-12,3536.791015625,646.9487915039062,3243.43212890625,891.7587890625,123.39320373535156,4123.388671875,755.443115234375,2287.683837890625,916.48486328125,626.9856567382812,2092.517822265625,394.3828430175781,674.9395751953125,1354.458251953125,597.2313232421875,350.8889465332031,6996.49755859375,430.8361511230469,817.5626831054688,98.37352752685547,3028.797607421875,1055.6617431640625,186.8511199951172,221.05313110351562
2022-05-13,3504.1474609375,633.3057250976562,3295.092041015625,905.1725463867188,124.61200714111328,4169.85009765625,764.068359375,2333.732177734375,910.213134765625,621.35595703125,2134.303466796875,377.0371398925781,657.042724609375,1350.508544921875,573.955810546875,354.6053161621094,6850.17578125,414.07391357421875,848.8223876953125,96.5516357421875,3034.3505859375,1047.0008544921875,174.15655517578125,218.650390625
2022-05-16,3641.387939453125,636.293212890625,3361.815185546875,904.010498046875,126.8279800415039,4108.4873046875,757.0785522460938,2511.49755859375,903.6383056640625,627.9719848632812,2175.04345703125,379.9038391113281,662.5233154296875,1336.7735595703125,575.7241821289062,361.2408752441406,6990.66162109375,423.712158203125,851.8040771484375,97.12372589111328,3000.49658203125,1034.98876953125,170.73764038085938,218.3471221923828
2022-05-17,3766.232421875,652.2266845703125,3386.287841796875,908.465576171875,136.31976318359375,4191.52197265625,760.1159057617188,2596.638671875,936.8145141601562,632.2544555664062,2199.09521484375,416.295654296875,688.7138671875,1363.12109375,613.529052734375,366.71075439453125,7265.75146484375,435.1663818359375,857.7194213867188,104.62254333496094,3066.961669921875,1042.953125,190.86465454101562,227.04835510253906
2022-05-18,3689.0439453125,656.7080688476562,3429.986083984375,926.964111328125,137.05844116210938,4253.22509765625,760.4663696289062,2586.3740234375,928.85595703125,632.2063598632812,2212.603271484375,423.778076171875,686.143310546875,1354.8175048828125,603.20556640625,368.0059509277344,7298.3046875,426.50592041015625,864.8370971679688,103.87881469726562,3064.473388671875,1020.1915893554688,190.15113830566406,224.5289764404297
2022-05-19,3587.114013671875,647.4964599609375,3346.16357421875,908.465576171875,133.84524536132812,4090.077880859375,765.0711059570312,2542.7236328125,873.2299194335938,619.2869873046875,2192.124267578125,405.2177734375,669.6044921875,1281.1607666015625,573.7168579101562,355.3724670410156,7142.0478515625,416.72796630859375,850.8422241210938,98.76519012451172,2898.4453125,964.7449951171875,180.48899841308594,210.48570251464844
2022-05-20,3622.868408203125,670.3012084960938,3426.91015625,947.5935668945312,137.3538818359375,4192.93310546875,827.3075561523438,2597.694091796875,890.05615234375,635.5985107421875,2257.177490234375,416.97589111328125,688.27734375,1306.2965087890625,603.2533569335938,364.4889221191406,7317.64404296875,430.60333251953125,880.7073364257812,103.02948760986328,2926.03515625,984.373291015625,186.9403076171875,214.4281005859375
2022-05-23,3671.216552734375,672.5418090820312,3425.417236328125,939.5064086914062,136.1350860595703,3796.607421875,832.3406372070312,2629.831787109375,880.9293823242188,627.4427490234375,2287.2861328125,401.4765319824219,689.7323608398438,1318.191162109375,523.3899536132812,369.5004577636719,7617.47412109375,429.20648193359375,886.863037109375,90.0341796875,2951.58154296875,994.818359375,181.73765563964844,217.41403198242188
2022-05-24,3586.965576171875,661.288818359375,3422.8388671875,939.845458984375,134.6947021484375,3566.54541015625,846.3883056640625,2608.726318359375,857.9609985351562,634.6361694335938,2298.0048828125,389.4754638671875,686.9193725585938,1293.5938720703125,515.8863525390625,375.13970947265625,7526.03466796875,430.27740478515625,875.1768188476562,88.5731430053711,2921.592529296875,956.0405883789062,181.6484375,214.5913848876953
2022-05-25,3480.9365234375,662.2349243164062,3430.52880859375,941.249755859375,133.47592163085938,3427.89453125,838.6683349609375,2576.924072265625,842.9948120117188,639.375732421875,2261.142578125,385.6371154785156,691.9634399414062,1266.1690673828125,505.1326904296875,380.1114196777344,7511.1806640625,429.4735107421875,876.4270629882812,87.93504333496094,2833.613525390625,922.7899780273438,181.26197814941406,207.54641723632812
2022-05-26,3617.732421875,680.4090576171875,3489.83349609375,934.1795654296875,135.35952758789062,3359.08056640625,838.02587890625,2614.290771484375,848.4017333984375,657.6118774414062,2297.52587890625,396.3262939453125,706.6592407226562,1278.2879638671875,527.3568115234375,380.33062744140625,7528.30126953125,443.47088623046875,865.6065673828125,92.59098815917969,2886.66015625,938.849365234375,186.1376190185547,211.5121307373047
2022-05-27,3814.234619140625,685.43798828125,3467.8486328125,935.9229125976562,134.3253631591797,3423.365478515625,854.83837890625,2630.59912109375,868.4718627929688,669.8095703125,2370.16064453125,397.5895690917969,717.6204223632812,1311.8623046875,524.2025146484375,387.8130798339844,7661.36083984375,443.5181884765625,869.4058227539062,91.8428726196289,2917.387939453125,977.7142944335938,183.04574584960938,217.8572540283203
2022-05-30,3844.06298828125,690.7659301757812,3489.245361328125,955.72900390625,138.27720642089844,3473.8193359375,850.9053955078125,2646.2841796875,899.6155395507812,674.3807373046875,2414.38671875,404.97479248046875,726.0596313476562,1370.6170654296875,515.0737915039062,379.2446594238281,7729.794921875,448.8617858886719,854.401123046875,92.1905288696289,3019.322021484375,1013.1846313476562,186.2268524169922,222.1962127685547
2022-05-31,3930.33837890625,682.3510131835938,3495.940673828125,961.6853637695312,142.48757934570312,3497.97509765625,850.77880859375,2667.677734375,900.350830078125,668.3179931640625,2417.305908203125,410.6109313964844,730.2791137695312,1364.085205078125,526.9267578125,368.01593017578125,7683.93115234375,442.7142639160156,827.7581787109375,92.9122543334961,3009.571044921875,1027.3289794921875,190.80519104003906,223.03599548339844
2022-06-01,3791.7646484375,683.1973266601562,3365.66064453125,952.581298828125,144.81434631347656,3462.76416015625,840.917236328125,2658.99560546875,880.5833129882812,671.1568603515625,2403.1015625,399.0472106933594,730.085205078125,1341.3594970703125,544.3714599609375,371.6525573730469,7657.93603515625,442.9034118652344,807.2229614257812,93.60755920410156,3001.38623046875,998.0389404296875,187.92138671875,219.63015747070312
2022-06-02,3600.398193359375,688.674560546875,3337.251708984375,956.01953125,146.40245056152344,3432.764892578125,843.6722412109375,2612.803466796875,899.4423828125,666.4654541015625,2320.749755859375,398.318359375,727.2720947265625,1368.0770263671875,548.099365234375,370.1679992675781,7644.4326171875,444.369384765625,826.7482299804688,95.19181060791016,3062.036376953125,997.5166015625,191.3105926513672,221.21644592285156
2022-06-03,3544.643310546875,674.4837646484375,3322.7763671875,930.6929321289062,145.51609802246094,3387.911376953125,845.0059814453125,2576.060791015625,902.29736328125,664.1558227539062,2251.600341796875,395.25738525390625,721.9855346679688,1380.505859375,537.6325073242188,370.3673095703125,7431.89453125,439.30950927734375,832.08642578125,93.93761444091797,3077.37744140625,999.1705322265625,188.42681884765625,221.84629821777344
2022-06-06,3588.99072265625,669.405029296875,3453.327880859375,945.3175659179688,143.92794799804688,3408.70654296875,838.3374633789062,2545.218017578125,897.3662719726562,663.265625,2214.128173828125,397.5895690917969,724.362060546875,1388.0810546875,553.4522094726562,372.4894714355469,7437.19921875,438.5529479980469,826.9887084960938,94.88816833496094,3069.147705078125,995.9498901367188,190.68626403808594,220.77322387695312
2022-06-07,3564.890869140625,663.0813598632812,3468.798828125,942.1214599609375,145.92236328125,3410.26513671875,806.8345947265625,2540.2294921875,884.9088745117188,655.6392211914062,2240.35888671875,392.7794494628906,713.2069091796875,1366.8974609375,546.856689453125,370.26763916015625,7532.54541015625,438.2691650390625,815.8794555664062,94.04322814941406,3008.09521484375,983.8511962890625,187.23764038085938,218.183837890625
2022-06-08,3591.4599609375,655.8615112304688,3432.65478515625,932.6300048828125,145.99618530273438,3404.469482421875,817.5822143554688,2541.4287109375,891.22412109375,657.9487915039062,2253.517333984375,392.0992126464844,707.6292114257812,1360.8192138671875,550.72802734375,367.7469482421875,7612.65087890625,445.74072265625,814.917724609375,95.64949035644531,3045.173828125,978.541259765625,186.2565155029297,219.46685791015625
2022-06-09,3624.893310546875,658.5503540039062,3509.10400390625,941.3466186523438,146.80873107910156,3416.060302734375,841.676513671875,2605.560791015625,889.8831176757812,662.90478515625,2264.10595703125,388.4551696777344,710.7817993164062,1374.427490234375,546.9523315429688,371.6724853515625,7648.72509765625,441.62664794921875,826.0748901367188,91.9616928100586,3065.703857421875,991.075439453125,180.1024932861328,221.63633728027344
2022-06-10,3654.968505859375,657.9528198242188,3511.230224609375,936.3587646484375,146.62403869628906,3436.368408203125,847.2547607421875,2602.53857421875,878.3772583007812,650.1057739257812,2267.460693359375,374.8507385253906,698.4141235351562,1339.77197265625,547.2390747070312,357.04632568359375,7653.7890625,436.80322265625,813.4267578125,90.10018920898438,3005.58984375,966.0505981445312,179.09169006347656,215.0579376220703
2022-06-13,3606.967041015625,646.2516479492188,3511.45654296875,924.6881103515625,141.12106323242188,3383.869140625,830.8316650390625,2590.978515625,858.0042724609375,638.3171997070312,2264.71533203125,356.0960693359375,667.3734130859375,1292.32470703125,539.1141357421875,346.1962585449219,7621.47705078125,421.6708984375,797.8450317382812,87.30574035644531,2880.085693359375,915.65234375,172.2538604736328,208.12962341308594
2022-06-14,3660.598388671875,648.044189453125,3330.964111328125,934.324951171875,141.97052001953125,3434.03076171875,839.3693237304688,2612.035888671875,862.4163208007812,631.2921142578125,2228.812255859375,348.1763000488281,664.9484252929688,1306.885498046875,537.1067504882812,346.6645202636719,7534.7158203125,423.79888916015625,793.5648193359375,87.6753921508789,2871.98974609375,896.677001953125,173.1160125732422,208.03628540039062
2022-06-15,3676.895751953125,647.7952270507812,3345.756591796875,938.2957153320312,140.38241577148438,3488.0400390625,844.1297607421875,2609.493896484375,856.360595703125,629.102783203125,2270.3798828125,347.39892578125,666.6459350585938,1290.2381591796875,538.158203125,346.0567626953125,7575.0341796875,426.8726501464844,790.9197998046875,89.01119232177734,2868.187744140625,887.8856201171875,173.23492431640625,205.33029174804688
2022-06-16,3618.572021484375,632.2601318359375,3309.657958984375,911.3226928710938,132.88499450683594,3472.2607421875,834.7840576171875,2544.642333984375,834.7763671875,616.520263671875,2195.21728515625,326.60357666015625,658.1583251953125,1267.5577392578125,521.7649536132812,333.93133544921875,7555.88720703125,417.6513977050781,783.5135498046875,83.64482879638672,2810.6689453125,848.9336547851562,159.02415466308594,197.02561950683594
2022-06-17,3655.70947265625,632.558837890625,3283.194580078125,885.9476318359375,134.91629028320312,3391.466552734375,807.3700561523438,2498.88232421875,829.412841796875,620.5860595703125,2150.20751953125,324.2713928222656,666.2578735351562,1258.576416015625,530.1288452148438,333.49298095703125,7415.59375,417.0839538574219,763.1226196289062,84.10863494873047,2763.167724609375,840.01171875,156.94308471679688,189.04757690429688
2022-06-20,3764.80078125,625.6875,3271.433349609375,896.6981811523438,130.632080078125,3441.725830078125,808.363037109375,2516.581787109375,830.5374755859375,636.1759643554688,2137.266357421875,312.41607666015625,665.3849487304688,1282.9349365234375,526.0663452148438,334.60888671875,7389.3583984375,411.1256103515625,774.5684814453125,79.90644836425781,2784.18994140625,852.4589233398438,137.02413940429688,193.4564971923828
2022-06-21,3761.34375,633.8533935546875,3297.94140625,908.6592407226562,136.5044403076172,3505.961669921875,831.1139526367188,2592.897216796875,853.5057983398438,643.1047973632812,2177.919677734375,329.66455078125,675.2305908203125,1315.367919921875,550.7757568359375,335.0671691894531,7504.76611328125,426.30517578125,786.2548828125,82.0771255493164,2873.241943359375,870.5204467773438,140.35389709472656,198.35531616210938
2022-06-22,3741.145263671875,624.1937255859375,3289.25634765625,888.0299072265625,132.4787139892578,3506.059326171875,829.6050415039062,2554.475830078125,831.6187744140625,640.073486328125,2199.92333984375,307.5087890625,666.015380859375,1303.8917236328125,526.1142578125,332.7158203125,7506.84033203125,423.373291015625,778.415771484375,77.74507141113281,2883.08203125,853.0247192382812,132.05929565429688,191.87020874023438
2022-06-23,3803.123291015625,626.733154296875,3424.196044921875,903.9619140625,130.85366821289062,3571.026123046875,836.224853515625,2704.420166015625,840.2265625,642.43115234375,2330.3359375,308.62628173828125,678.1891479492188,1317.68115234375,534.2869262695312,335.5852966308594,7977.78125,426.9199523925781,793.4205932617188,78.04190826416016,2959.879150390625,862.6864624023438,130.48362731933594,195.50933837890625
2022-06-24,3791.171630859375,631.3638305664062,3450.025634765625,904.301025390625,130.41050720214844,3585.343994140625,839.0967407226562,2760.877197265625,836.2902221679688,651.4049682617188,2405.149169921875,313.1934814453125,692.0604248046875,1307.3843994140625,542.7463989257812,338.4347839355469,8066.712890625,429.6153869628906,793.1320190429688,79.11332702636719,2945.834228515625,854.0692749023438,131.67283630371094,195.36935424804688
2022-06-27,3747.81201171875,634.450927734375,3493.31640625,902.9934692382812,134.47311401367188,3577.989990234375,841.2189331054688,2732.48095703125,858.480224609375,652.583740234375,2401.271240234375,320.6273498535156,695.8434448242188,1337.77587890625,546.4266357421875,337.0697937011719,8149.22900390625,436.1884765625,803.7603149414062,80.50479125976562,2965.1572265625,876.7006225585938,135.44850158691406,198.23867797851562
2022-06-28,3790.135009765625,639.6791381835938,3518.4677734375,915.3419799804688,137.686279296875,3519.549072265625,851.74267578125,2747.3505859375,866.7850952148438,647.603759765625,2411.03125,333.84307861328125,689.0048828125,1342.8111572265625,552.8787231445312,332.5364990234375,8188.72802734375,439.07305908203125,796.9794311523438,81.52982330322266,2968.243408203125,888.4513549804688,139.6106414794922,199.33506774902344
2022-06-29,3667.314453125,622.9489135742188,3499.061767578125,917.811767578125,139.42214965820312,3490.231689453125,849.7468872070312,2769.223388671875,854.3277587890625,646.6654052734375,2398.56982421875,334.4261169433594,681.6812133789062,1327.479248046875,550.6324462890625,327.2857666015625,8207.2470703125,434.2023620605469,806.69384765625,81.78028869628906,2943.509033203125,888.7994995117188,137.9755096435547,196.30247497558594
2022-06-30,3638.177734375,634.1521606445312,3479.395751953125,888.3204956054688,137.09535217285156,3536.058837890625,855.4808959960938,2680.724853515625,841.9567260742188,648.6141357421875,2370.07373046875,329.0815124511719,685.997802734375,1326.2545166015625,539.592041015625,331.00213623046875,8170.4501953125,440.63360595703125,798.9029541015625,80.43057250976562,2922.576171875,870.4334106445312,132.59446716308594,194.1096649169922
2022-07-01,3690.18017578125,641.2724609375,3402.422119140625,919.4097900390625,135.35952758789062,3543.023193359375,853.9426879882812,2669.644287109375,843.7733764648438,651.3807983398438,2408.50439453125,331.5108947753906,682.7967529296875,1342.1307373046875,553.3088989257812,332.3272705078125,8104.7158203125,441.53204345703125,797.6045532226562,80.96859741210938,2965.514892578125,879.7470703125,127.21336364746094,196.8856658935547
2022-07-04,3723.71240234375,651.629150390625,3454.191650390625,901.3470458984375,134.47311401367188,3544.970947265625,847.8193359375,2682.69091796875,851.7755737304688,652.2951049804688,2405.584716796875,330.8792724609375,698.5110473632812,1349.9326171875,543.4547729492188,332.9549255371094,8144.02001953125,447.7741394042969,797.7488403320312,79.27103424072266,2893.90673828125,870.3898315429688,128.78904724121094,196.09254455566406
2022-07-05,3770.43017578125,645.8035888671875,3457.007568359375,907.884521484375,134.76858520507812,3516.23779296875,855.5587768554688,2691.51708984375,849.6561279296875,650.8274536132812,2385.367431640625,335.4950256347656,697.880615234375,1339.0008544921875,544.5879516601562,331.39068603515625,8052.7265625,446.54461669921875,803.904541015625,79.7905044555664,2877.1337890625,873.2188720703125,129.05662536621094,192.9666290283203
2022-07-06,3835.717041015625,655.2142944335938,3541.772705078125,915.8262329101562,134.21458435058594,3550.08447265625,854.7410278320312,2789.705322265625,853.5057983398438,659.80126953125,2467.762939453125,331.3165283203125,704.1856689453125,1353.2440185546875,546.460205078125,339.6502990722656,8324.1015625,453.921630859375,805.7320556640625,79.60498046875,2916.8955078125,879.0507202148438,127.51068115234375,194.1096649169922
2022-07-07,3867.076171875,656.4110717773438,3562.846435546875,905.8021850585938,137.3908233642578,3561.38330078125,844.314697265625,2824.481201171875,856.3174438476562,671.6139526367188,2474.428955078125,351.4316711425781,719.7545776367188,1359.639892578125,566.2177124023438,346.4253845214844,8301.291015625,460.35284423828125,817.03369140625,83.48712921142578,2941.138427734375,888.494873046875,135.3890380859375,196.32579040527344
2022-07-08,3887.718994140625,667.3820190429688,3590.538330078125,905.995849609375,140.19775390625,3575.89599609375,857.8951416015625,2812.393798828125,850.8672485351562,672.2394409179688,2483.013427734375,347.4474792480469,733.0437622070312,1373.928466796875,557.9403076171875,347.6708068847656,8175.46533203125,462.05523681640625,824.9689331054688,82.17916107177734,2921.100341796875,893.4998168945312,133.18902587890625,195.53265380859375
2022-07-11,3884.854736328125,678.0536499023438,3612.644775390625,917.71484375,142.81997680664062,3637.064208984375,882.3605346679688,2922.957275390625,816.2633666992188,676.5940551757812,2499.396728515625,346.13568115234375,746.4299926757812,1336.460693359375,568.8782958984375,346.9733581542969,8206.04296875,461.7242736816406,824.5360107421875,84.66986846923828,2785.442138671875,877.0051879882812,136.42958068847656,191.8468780517578
2022-07-12,3881.3486328125,674.413330078125,3611.987548828125,906.2864379882812,143.22621154785156,3591.626220703125,878.9691772460938,2833.9306640625,802.6380004882812,669.6892700195312,2505.844970703125,337.098388671875,737.1177978515625,1305.116455078125,566.0699462890625,342.52972412109375,8121.20947265625,458.6504821777344,819.1016235351562,83.68193054199219,2759.410888671875,868.126708984375,137.20254516601562,190.89044189453125
2022-07-13,3820.7041015625,678.1036376953125,3624.096923828125,923.332275390625,142.89381408691406,3680.6025390625,882.4782104492188,2846.738037109375,793.9437255859375,653.3536376953125,2477.827880859375,339.0419006347656,730.6187133789062,1310.4234619140625,580.0134887695312,347.1327819824219,8140.982421875,460.11639404296875,827.325439453125,83.9370346069336,2718.306884765625,861.7725830078125,137.91604614257812,189.74740600585938
2022-07-14,3850.087646484375,666.4844360351562,3626.396484375,921.2015991210938,141.82276916503906,3636.77197265625,896.9456787109375,2834.9384765625,781.1835327148438,650.0817260742188,2433.7763671875,339.23626708984375,729.8427124023438,1296.2711181640625,575.4805908203125,352.7122802734375,8264.0107421875,453.35418701171875,846.3216552734375,84.22924041748047,2689.60546875,849.3689575195312,135.50794982910156,187.29800415039062
2022-07-15,3883.323974609375,660.4503784179688,3673.47265625,935.63232421875,142.85690307617188,3630.87890625,891.1821899414062,2910.6298828125,764.0114135742188,655.3745727539062,2440.09423828125,340.645263671875,728.6787109375,1297.6319580078125,567.9915771484375,356.2293395996094,8466.85546875,453.11773681640625,844.8789672851562,81.98435974121094,2685.883544921875,847.6279907226562,135.4781951904297,183.75218200683594
2022-07-18,3898.53466796875,682.69140625,3739.839111328125,936.8914184570312,144.48196411132812,3641.30078125,875.518798828125,2913.028076171875,778.8477783203125,648.3976440429688,2455.693115234375,356.7276916503906,748.8550415039062,1351.6563720703125,577.4022216796875,367.7768249511719,8396.2021484375,463.7103271484375,849.1109619140625,83.8860092163086,2747.679931640625,877.3968505859375,141.1863250732422,188.8376007080078
2022-07-19,3970.7353515625,698.7488403320312,3756.6884765625,930.4024658203125,146.4394073486328,3655.71630859375,871.9510498046875,2952.552978515625,778.3228759765625,648.6381225585938,2441.0966796875,357.5536804199219,757.2457275390625,1346.4398193359375,576.3182373046875,365.6446533203125,8406.859375,470.9454650878906,841.8971557617188,85.2913818359375,2757.32177734375,877.1357421875,141.95928955078125,189.25750732421875
2022-07-20,4059.677001953125,703.8353881835938,3756.7353515625,950.5958251953125,146.1439666748047,3644.417724609375,874.0780029296875,2921.1826171875,802.5552978515625,656.8179931640625,2463.362060546875,358.91412353515625,759.6222534179688,1374.6995849609375,581.7379150390625,364.2099304199219,8438.8837890625,481.0179138183594,834.3948364257812,86.12625122070312,2838.537353515625,910.0380859375,150.55117797851562,192.26678466796875
2022-07-21,4098.9873046875,713.6593627929688,3808.3642578125,938.0051879882812,146.69793701171875,3695.894287109375,856.8953857421875,2955.910400390625,808.7228393554688,654.7490234375,2481.706298828125,365.3276062011719,762.4353637695312,1390.666748046875,578.9788208007812,358.78985595703125,8485.1328125,484.2807922363281,836.4627685546875,86.66891479492188,2849.74853515625,925.4966430664062,151.50254821777344,193.15322875976562
2022-07-22,4074.5419921875,728.8192138671875,3805.970458984375,941.4918212890625,145.58995056152344,3698.085693359375,857.3659057617188,3019.610595703125,805.0484619140625,670.026123046875,2502.44677734375,370.47784423828125,776.0640869140625,1366.53466796875,573.9531860351562,364.0804443359375,8517.8798828125,485.84130859375,841.127685546875,86.83125305175781,2844.09814453125,921.8672485351562,153.61334228515625,191.68359375
2022-07-25,4138.3466796875,725.42822265625,3774.664794921875,929.5791625976562,148.39683532714844,3676.21923828125,848.9461059570312,2961.186767578125,814.146728515625,671.9988403320312,2473.906494140625,376.1139831542969,776.8886108398438,1364.085205078125,576.958740234375,357.7935485839844,8315.9521484375,489.7189636230469,835.2123413085938,89.11786651611328,2840.28564453125,911.6063842773438,153.40524291992188,193.52647399902344
2022-07-26,4059.6279296875,704.58349609375,3684.971923828125,925.6083374023438,149.43096923828125,3591.18798828125,825.7059936523438,2900.36474609375,799.1434936523438,670.6276245117188,2440.70458984375,371.1094970703125,772.426513671875,1316.501953125,589.030029296875,351.0284423828125,8223.595703125,486.314208984375,834.5391845703125,88.07891845703125,2794.677978515625,895.5653686523438,155.27052307128906,189.04757690429688
2022-07-27,4074.83837890625,717.0504150390625,3645.781005859375,943.3804931640625,150.2804412841797,3688.053466796875,840.2225341796875,2933.078369140625,812.2219848632812,675.7520141601562,2455.529541015625,377.6687927246094,776.5006713867188,1334.5555419921875,593.9078369140625,349.5339660644531,8351.15625,499.5549621582031,859.8836669921875,88.99728393554688,2860.107666015625,903.0032958984375,156.55694580078125,189.72406005859375
2022-07-28,4138.939453125,723.9821166992188,3621.750244140625,936.9883422851562,149.83724975585938,3749.611083984375,835.12548828125,2929.81640625,827.662353515625,681.7424926757812,2453.897216796875,381.3128356933594,790.1778564453125,1376.6048583984375,607.70361328125,364.35943603515625,8411.8759765625,503.574462890625,860.7011108398438,93.08814239501953,2924.37109375,930.201416015625,157.90768432617188,194.0863494873047
2022-07-29,4160.4716796875,722.8350830078125,3674.505126953125,946.625,156.04197692871094,3732.078857421875,801.8580932617188,2967.662353515625,829.6746215820312,690.0907592773438,2486.857421875,403.3228454589844,794.0579833984375,1405.90771484375,620.4154052734375,360.74273681640625,8462.513671875,499.6968078613281,907.2060546875,99.8134994506836,2961.5029296875,939.7454833984375,163.5679168701172,197.67881774902344
2022-08-01,4235.3388671875,728.8690795898438,3729.747802734375,972.920166015625,157.14999389648438,3696.576171875,805.7985229492188,2962.817626953125,832.955078125,695.8407592773438,2506.934326171875,412.0199890136719,798.7140502929688,1407.1326904296875,629.8754272460938,369.7893981933594,8684.216796875,504.8039855957031,883.6409301757812,100.41646575927734,2958.722900390625,940.5967407226562,164.2754364013672,200.1515350341797
2022-08-02,4272.67333984375,728.52001953125,3751.244140625,972.5811157226562,158.99664306640625,3725.504638671875,800.8877563476562,2994.044189453125,831.9927368164062,688.190185546875,2445.734130859375,406.57818603515625,793.2335205078125,1400.373779296875,639.23681640625,375.53826904296875,8847.8515625,512.7011108398438,882.2462768554688,99.25691986083984,2952.4443359375,925.3622436523438,162.47447204589844,200.43145751953125
2022-08-03,4257.01806640625,728.5699462890625,3758.0498046875,979.990234375,156.66986083984375,3721.559814453125,803.0245971679688,3010.5927734375,837.3728637695312,689.8020629882812,2472.60546875,402.5454406738281,800.0720825195312,1420.785888671875,643.2769775390625,368.86279296875,8698.72265625,511.5188903808594,862.7691040039062,99.30329895019531,2995.227294921875,943.3300170898438,160.09457397460938,201.71450805664062
2022-08-04,4341.71337890625,719.6934204101562,3765.7939453125,1011.6122436523438,153.0134735107422,3787.110595703125,813.14990234375,3017.884033203125,838.1602783203125,688.9841918945312,2477.106201171875,409.7849426269531,795.6585083007812,1451.44970703125,654.6585083007812,365.7641906738281,8705.7607421875,504.3311462402344,883.4486694335938,99.90625762939453,3009.084228515625,946.3768920898438,160.9629364013672,203.1841583251953
2022-08-05,4320.28125,726.5751953125,3767.1083984375,1001.6365356445312,153.97372436523438,3810.53564453125,814.8945922851562,2963.968994140625,837.8541259765625,686.6504516601562,2445.072509765625,399.1929626464844,813.0703735351562,1466.645751953125,657.4176635742188,365.4354553222656,8583.9130859375,502.2503662109375,880.9959716796875,99.58158874511719,3018.14306640625,948.3035278320312,162.89254760742188,205.28363037109375
2022-08-08,4372.8759765625,743.5801391601562,3776.072509765625,1001.9772338867188,159.107421875,3835.27587890625,827.9310302734375,2990.014892578125,845.1150512695312,703.4912719726562,2416.260009765625,409.49346923828125,816.7297973632812,1469.1405029296875,659.437744140625,367.54766845703125,8662.3134765625,492.177978515625,875.6577758789062,99.44244384765625,3026.573974609375,946.8696899414062,165.14378356933594,203.34744262695312
2022-08-10,4461.5703125,737.0474243164062,3787.52490234375,1010.5415649414062,162.39447021484375,3846.184814453125,831.8419189453125,3026.278076171875,832.86767578125,705.5363159179688,2449.264404296875,427.6650695800781,828.24462890625,1453.76318359375,660.3246459960938,364.3295593261719,8621.2919921875,486.787109375,884.6028442382812,101.29771423339844,3008.456298828125,945.6151123046875,164.88650512695312,200.68807983398438
2022-08-11,4375.14697265625,756.844970703125,3786.2578125,1010.5902099609375,163.70501708984375,3874.89306640625,834.782470703125,3047.287109375,841.8782348632812,714.8709716796875,2457.95654296875,425.1153564453125,838.9301147460938,1469.639404296875,663.7735595703125,369.56341552734375,8557.359375,496.2920837402344,885.9013061523438,101.2049560546875,3069.6708984375,965.3753662109375,165.01515197753906,204.5604705810547
2022-08-12,4259.68505859375,758.54052734375,3790.48193359375,999.6415405273438,165.98907470703125,3657.15380859375,835.2725219726562,3100.1123046875,836.6731567382812,714.6063232421875,2437.306640625,427.8121643066406,853.2750244140625,1446.1878662109375,668.3064575195312,367.1109313964844,8446.044921875,501.9194030761719,878.5914306640625,104.49805450439453,3050.8798828125,955.2039794921875,168.81007385253906,203.4640655517578
2022-08-16,4295.88427734375,762.6296997070312,3840.373779296875,1006.8433227539062,166.9251708984375,3662.84619140625,842.5259399414062,3223.62841796875,838.2477416992188,722.7861938476562,2485.9306640625,420.60430908203125,858.0078735351562,1448.3199462890625,664.0198974609375,368.1377868652344,8741.68359375,497.4269714355469,879.6974487304688,104.82272338867188,3042.9423828125,965.7785034179688,168.8422088623047,203.93063354492188
2022-08-17,4252.77099609375,770.0599365234375,3818.549072265625,998.2789306640625,165.83932495117188,3678.942138671875,846.0741577148438,3281.13720703125,857.8436279296875,726.5151977539062,2571.045654296875,430.4599609375,861.9111938476562,1457.210693359375,662.7880859375,366.8118896484375,8684.060546875,499.5076904296875,885.6607666015625,104.35891723632812,3050.47705078125,989.7952270507812,171.2864227294922,206.70660400390625
2022-08-18,4225.68408203125,763.0286254882812,3811.743408203125,1004.55615234375,166.06396484375,3674.2314453125,828.2740478515625,3294.4638671875,851.6323852539062,727.3812255859375,2566.412841796875,429.5773620605469,863.7164916992188,1436.0726318359375,663.5764770507812,379.7321472167969,8687.314453125,503.4798889160156,881.7654418945312,104.40528869628906,3032.673095703125,990.3778076171875,170.7718505859375,202.97418212890625
2022-08-19,4095.644775390625,755.49853515625,3824.79150390625,1002.512451171875,162.61911010742188,3627.709716796875,824.1376953125,3306.728759765625,848.6142578125,718.407470703125,2505.03662109375,419.0843200683594,849.3716430664062,1448.90966796875,654.8555297851562,374.2490234375,8523.4755859375,492.1306457519531,869.7993774414062,102.0862045288086,3036.709228515625,989.4817504882812,168.5206298828125,201.76116943359375
2022-08-22,3986.2548828125,739.889892578125,3793.861083984375,995.1646728515625,163.4803466796875,3514.30078125,820.7952270507812,3247.96435546875,839.34130859375,707.4850463867188,2453.764892578125,410.4054870605469,831.66015625,1429.449951171875,633.5706787109375,365.2865905761719,8376.9169921875,483.57147216796875,849.7274169921875,97.44803619384766,3008.7255859375,966.6746215820312,165.20811462402344,195.9525604248047
2022-08-23,4031.863037109375,745.076171875,3815.310791015625,1012.7799072265625,166.88775634765625,3466.8466796875,828.2838745117188,3345.985107421875,828.3624267578125,705.2957763671875,2473.929443359375,419.6236267089844,843.0287475585938,1399.28515625,643.3262329101562,370.01202392578125,8466.7255859375,493.5966796875,857.3027954101562,99.8134994506836,2945.98681640625,955.2039794921875,168.6814422607422,194.3896026611328
2022-08-24,4170.32080078125,748.1680297851562,3816.531005859375,1009.5682983398438,167.48683166503906,3431.857177734375,826.8919677734375,3332.416748046875,830.3306274414062,708.68798828125,2476.532958984375,420.5552978515625,852.2015991210938,1394.8397216796875,641.9959106445312,372.374755859375,8450.705078125,491.13763427734375,850.1617431640625,98.8394775390625,2919.752197265625,959.7294311523438,171.54371643066406,194.1563262939453
2022-08-25,4128.77294921875,741.3859252929688,3813.90234375,998.2789306640625,168.42294311523438,3470.3310546875,830.7833862304688,3362.11279296875,825.650390625,704.838623046875,2470.75244140625,424.3798522949219,851.2745361328125,1377.28515625,639.23681640625,372.60406494140625,8481.677734375,492.177978515625,846.5912475585938,98.56119537353516,2886.43212890625,959.415771484375,170.73971557617188,193.71310424804688
2022-08-26,4174.77783203125,742.931884765625,3805.876708984375,993.4614868164062,172.20480346679688,3521.02392578125,827.9212036132812,3240.093994140625,827.268798828125,704.9588623046875,2494.535400390625,431.5386657714844,849.8107299804688,1380.3697509765625,657.2698364257812,379.24365234375,8466.8232421875,495.3935546875,849.3414916992188,99.58158874511719,2890.01953125,972.8134155273438,173.40899658203125,194.66954040527344
2022-08-29,4210.6787109375,726.774658203125,3783.019287109375,990.0552368164062,172.69155883789062,3516.0673828125,825.3433227539062,3178.7705078125,802.6427612304688,692.5928955078125,2494.80029296875,421.87921142578125,835.1731567382812,1326.118408203125,640.1235961914062,368.86553955078125,8577.1171875,486.928955078125,848.4729614257812,97.26250457763672,2809.611572265625,928.005859375,171.12562561035156,188.65101623535156
2022-08-30,4281.39404296875,749.514404296875,3834.460205078125,1010.6387939453125,175.8368682861328,3559.64453125,832.1849975585938,3243.61865234375,821.4076538085938,715.0633544921875,2504.197998046875,430.5089416503906,865.8633422851562,1354.42333984375,657.1713256835938,381.9154357910156,8817.947265625,502.4395446777344,861.7899169921875,100.46284484863281,2880.1083984375,964.3446655273438,173.82708740234375,192.9432830810547
2022-09-01,4236.08251953125,742.183837890625,3826.4345703125,995.6026000976562,172.46688842773438,3532.5068359375,823.7651977539062,3294.6572265625,810.1224365234375,708.3511352539062,2538.570556640625,413.7887878417969,853.2261352539062,1328.3411865234375,651.9485473632812,379.40313720703125,8761.8798828125,504.37835693359375,841.3319702148438,98.70034790039062,2808.84912109375,943.5540161132812,169.29246520996094,191.49697875976562
2022-09-02,4270.9453125,748.2178344726562,3783.817138671875,988.4007568359375,171.71800231933594,3531.47607421875,821.3833618164062,3304.79736328125,808.7228393554688,714.7747192382812,2493.123291015625,406.8751220703125,851.3233642578125,1318.18017578125,651.7515869140625,382.59332275390625,8660.03125,507.593994140625,839.112548828125,97.86546325683594,2807.68359375,946.690673828125,165.46536254882812,190.21395874023438
2022-09-05,4241.43115234375,754.102294921875,3714.118408203125,998.181640625,173.4404754638672,3526.17626953125,826.1470336914062,3283.9375,818.8267822265625,719.369873046875,2508.037353515625,420.9965515136719,861.1305541992188,1325.7100830078125,672.0018310546875,386.39166259765625,8689.5947265625,509.6747131347656,853.6356811523438,99.16415405273438,2810.3740234375,954.4423217773438,167.4915008544922,189.18753051757812
2022-09-06,4373.1044921875,748.0183715820312,3688.53857421875,1012.9745483398438,174.26419067382812,3519.06103515625,831.0382080078125,3293.449951171875,820.4014282226562,716.6272583007812,2529.65771484375,422.61468505859375,862.301513671875,1320.08544921875,674.5638427734375,381.96527099609375,8630.078125,508.6343078613281,856.6754150390625,100.74112701416016,2804.67919921875,953.2323608398438,169.71058654785156,188.69764709472656
2022-09-07,4334.4794921875,753.4041748046875,3609.92236328125,1023.33935546875,178.86981201171875,3524.40966796875,833.0181274414062,3267.6650390625,815.065185546875,713.2349853515625,2519.24462890625,424.47796630859375,855.0315551757812,1322.3988037109375,674.613037109375,380.4798278808594,8529.251953125,503.9527587890625,862.4654541015625,99.8134994506836,2824.904541015625,946.19775390625,168.48846435546875,190.09730529785156
2022-09-08,4372.4111328125,777.689697265625,3610.814208984375,1027.7674560546875,177.072509765625,3502.277587890625,837.3995361328125,3308.322021484375,814.4964599609375,720.5968017578125,2521.494873046875,412.4158020019531,877.0855102539062,1338.9556884765625,675.3521728515625,384.82647705078125,8534.8349609375,515.1128540039062,862.9962768554688,98.19013214111328,2842.887451171875,976.4425659179688,168.6814422607422,192.59335327148438
2022-09-09,4417.52490234375,782.7762451171875,3612.691650390625,1029.957275390625,177.9337158203125,3536.236572265625,834.1551513671875,3354.09716796875,829.7620239257812,721.0780029296875,2504.860107421875,417.76043701171875,879.476318359375,1371.38818359375,676.9288330078125,384.0887145996094,8685.6630859375,523.3410034179688,858.8466796875,98.05098724365234,2885.938720703125,1009.64501953125,171.51153564453125,194.6228790283203
2022-09-12,4438.57080078125,798.8836669921875,3633.0615234375,1036.2344970703125,173.3655548095703,3609.846923828125,835.3411254882812,3417.641845703125,835.9293823242188,718.6480712890625,2522.0244140625,422.810791015625,885.2825927734375,1393.6605224609375,676.9288330078125,383.62017822265625,8667.84765625,524.8070068359375,856.627197265625,99.95264434814453,2908.630615234375,1030.65966796875,173.8914337158203,196.8856658935547
2022-09-13,4446.98876953125,803.421630859375,3629.494384765625,1030.541259765625,173.21578979492188,3599.6396484375,833.723876953125,3401.27294921875,835.79833984375,728.054931640625,2532.702392578125,428.20440673828125,888.0149536132812,1401.598388671875,680.968994140625,383.50054931640625,8666.73046875,527.7388916015625,858.991455078125,99.95264434814453,2896.432861328125,1028.2847900390625,178.52252197265625,197.1889190673828
2022-09-14,4385.08837890625,800.92822265625,3614.240478515625,1031.56298828125,173.70254516601562,3600.572021484375,826.12744140625,3420.39404296875,815.3275756835938,735.5371704101562,2516.37646484375,433.4509582519531,895.919189453125,1338.5018310546875,682.7427368164062,389.7413635253906,8706.2470703125,540.7431640625,852.8155517578125,101.25133514404297,2798.714111328125,998.9359741210938,196.56451416015625,194.226318359375
2022-09-15,4300.16259765625,787.9126586914062,3537.0322265625,1005.6268310546875,175.42494201660156,3538.64111328125,817.2763671875,3498.08642578125,804.7423095703125,731.7117919921875,2462.369384765625,416.19134521484375,895.4313354492188,1299.8544921875,679.5894165039062,385.6439208984375,8941.7373046875,541.1215209960938,843.6962280273438,99.25691986083984,2784.31884765625,970.528076171875,202.09613037109375,193.6431121826172
2022-09-16,4238.658203125,787.2145385742188,3463.390869140625,1015.5536499023438,173.02853393554688,3507.4794921875,799.3096313476562,3427.347412109375,784.62158203125,718.26318359375,2369.620849609375,404.5215148925781,887.1366577148438,1249.2774658203125,675.8448486328125,384.8763122558594,8922.2236328125,531.332763671875,837.6650390625,98.05098724365234,2698.529541015625,925.8998413085938,187.01287841796875,187.3912811279297
2022-09-19,4266.8349609375,795.9912719726562,3480.94482421875,1008.5464477539062,172.1673126220703,3552.47998046875,803.5833129882812,3467.183349609375,785.4088134765625,723.0026245117188,2386.564208984375,404.1783142089844,877.475830078125,1261.298095703125,670.0309448242188,384.716796875,9010.767578125,541.216064453125,844.2269287109375,95.63914489746094,2716.5576171875,931.5455932617188,181.15966796875,187.53128051757812
2022-09-20,4515.57373046875,810.6025390625,3537.595458984375,1063.0467529296875,172.12991333007812,3564.257568359375,826.4901123046875,3584.32568359375,799.5808715820312,731.7117919921875,2445.822509765625,413.2984313964844,894.601806640625,1259.71044921875,678.9489135742188,386.7605285644531,9030.1865234375,542.91845703125,880.0283813476562,98.14376068115234,2726.871826171875,946.466552734375,180.16270446777344,188.90760803222656
2022-09-21,4560.5869140625,804.4190063476562,3501.9248046875,1041.733154296875,173.40296936035156,3507.4794921875,814.0908203125,3555.836669921875,788.1646118164062,730.5809936523438,2450.322998046875,403.393798828125,893.1381225585938,1249.458740234375,674.8594360351562,382.5235595703125,8978.7783203125,538.8043823242188,873.6111450195312,96.89144897460938,2691.802978515625,950.0511474609375,178.74765014648438,186.9713897705078
2022-09-22,4564.6474609375,787.1148071289062,3500.328857421875,1033.4608154296875,170.0330352783203,3513.760986328125,819.9033203125,3620.25048828125,785.277587890625,715.0152587890625,2450.587646484375,404.1292724609375,881.5744018554688,1241.021728515625,669.439697265625,377.38934326171875,9128.2470703125,536.5345458984375,876.2166748046875,96.10295867919922,2697.36328125,939.521484375,180.51646423339844,185.6650390625
2022-09-23,4376.02685546875,766.5692138671875,3472.16796875,1039.494873046875,166.88775634765625,3575.10302734375,811.4345092773438,3562.017333984375,783.7029418945312,695.8407592773438,2437.439453125,388.68389892578125,860.9354248046875,1238.7537841796875,659.24072265625,371.3977966308594,9071.5478515625,520.7401123046875,888.858154296875,96.75230407714844,2674.626953125,927.6026611328125,179.80892944335938,183.9854736328125
2022-09-26,4241.580078125,740.6378784179688,3355.39306640625,1037.1103515625,161.3834686279297,3601.994873046875,809.2095336914062,3395.0439453125,793.1947631835938,686.4579467773438,2401.5224609375,366.17779541015625,840.2474975585938,1252.180419921875,636.7240600585938,364.6784362792969,8577.8447265625,513.8360595703125,869.1721801757812,92.62432861328125,2685.70361328125,925.631103515625,170.0,184.1953887939453
2022-09-27,4202.2119140625,735.5513916015625,3324.79150390625,1069.275146484375,160.18528747558594,3612.006103515625,819.7464599609375,3448.158447265625,803.7362670898438,680.299072265625,2328.18896484375,366.3739318847656,831.952880859375,1264.2464599609375,627.70751953125,358.7566223144531,8518.716796875,507.40484619140625,865.7464599609375,90.58353424072266,2706.377197265625,916.31103515625,168.64926147460938,185.87501525878906
2022-09-28,4227.96240234375,714.5570678710938,3328.546142578125,1067.7667236328125,157.86375427246094,3634.727294921875,837.017333984375,3503.92919921875,805.5296020507812,668.6066284179688,2286.801025390625,353.7724609375,828.9766235351562,1265.2896728515625,607.5064697265625,357.4207458496094,8472.7939453125,496.38665771484375,885.7218017578125,88.31082916259766,2722.701416015625,922.7633666992188,165.17593383789062,185.7117156982422
2022-09-29,4349.533203125,717.1002807617188,3263.587890625,1085.9659423828125,160.18528747558594,3625.20654296875,854.8566284179688,3499.873291015625,807.498046875,665.1422119140625,2238.220458984375,364.02032470703125,823.511962890625,1268.8731689453125,609.2310180664062,351.97747802734375,8373.859375,493.4547424316406,898.1221313476562,89.8414306640625,2688.304931640625,902.510498046875,167.0090789794922,183.2622833251953
2022-09-30,4341.3125,731.2628173828125,3311.5087890625,1085.090087890625,158.94964599609375,3636.54296875,849.9556884765625,3545.744873046875,815.6337890625,683.9077758789062,2249.604248046875,382.9960632324219,841.1746215820312,1282.300048828125,622.4354858398438,362.72442626953125,8571.2431640625,501.8247985839844,915.4437255859375,92.11412811279297,2694.80712890625,903.8546752929688,173.69845581054688,183.93881225585938
2022-10-03,4323.28759765625,720.8403930664062,3299.869140625,1100.4669189453125,160.9716033935547,3657.7919921875,866.4129028320312,3344.63330078125,813.7968139648438,679.9862670898438,2228.733642578125,373.581787109375,827.8543090820312,1264.427978515625,614.4537353515625,355.68609619140625,8298.2744140625,491.563232421875,911.4390258789062,91.23287200927734,2677.227783203125,901.0767211914062,172.60501098632812,184.05545043945312
2022-10-04,4362.111328125,740.83740234375,3360.180419921875,1113.9947509765625,167.18728637695312,3710.054931640625,865.2955322265625,3433.1416015625,827.5750122070312,699.13671875,2313.671875,386.42840576171875,846.6881103515625,1296.770263671875,633.8170166015625,363.33258056640625,8437.5986328125,503.8109436035156,911.4871826171875,93.83025360107422,2772.479736328125,921.5088500976562,179.55165100097656,189.18753051757812
2022-10-06,4348.34423828125,753.1048583984375,3374.307861328125,1104.0677490234375,174.86331176757812,3663.82763671875,862.0805053710938,3410.302490234375,843.8028564453125,691.4380493164062,2335.116455078125,404.6686096191406,864.05810546875,1320.1307373046875,664.6112060546875,362.6646423339844,8449.7353515625,508.16143798828125,920.5100708007812,96.05658721923828,2782.165771484375,924.1972045898438,188.0741729736328,191.35699462890625
2022-10-07,4351.91015625,753.7033081054688,3382.662353515625,1100.2236328125,172.01756286621094,3666.526611328125,857.9834594726562,3378.626708984375,837.8103637695312,688.4547729492188,2316.451904296875,403.1485900878906,861.2280883789062,1316.5472412109375,656.3336791992188,363.9606628417969,8523.619140625,501.446533203125,921.7162475585938,95.82467651367188,2748.936279296875,917.5209350585938,187.75253295898438,190.4005584716797
2022-10-10,4298.923828125,774.7974243164062,3395.2412109375,1088.885498046875,172.12991333007812,3618.287353515625,858.64013671875,3410.5439453125,842.66552734375,680.8524169921875,2268.4013671875,399.6182556152344,860.447509765625,1326.9349365234375,656.284423828125,360.5411682128906,8604.49609375,501.9666748046875,912.9346923828125,95.7319107055664,2797.05517578125,922.4497680664062,191.06507873535156,191.89352416992188
2022-10-11,4234.498046875,783.4744262695312,3312.447509765625,1080.3699951171875,168.83482360839844,3437.304443359375,839.5755615234375,3291.1806640625,821.1012573242188,673.9476928710938,2248.677490234375,388.3896789550781,849.5668334960938,1291.689697265625,633.3735961914062,356.483642578125,8431.4345703125,498.79840087890625,911.6802368164062,93.08814239501953,2753.106689453125,900.4940185546875,183.98977661132812,188.67430114746094
2022-10-12,4245.8876953125,806.5632934570312,3402.328125,1078.7640380859375,173.8148956298828,3462.429931640625,831.42041015625,3339.65966796875,832.8239135742188,678.350341796875,2250.3544921875,392.45941162109375,847.3711547851562,1296.1348876953125,641.6017456054688,360.9299621582031,8433.8115234375,504.85125732421875,922.1022338867188,93.273681640625,2781.089599609375,910.3966674804688,184.9867401123047,190.33059692382812
2022-10-13,4225.08984375,799.8809814453125,3383.8359375,1074.0927734375,175.64964294433594,3458.553466796875,834.0669555664062,3352.214111328125,859.15576171875,670.555419921875,2247.177734375,393.7832946777344,832.9774780273438,1288.1514892578125,638.891845703125,359.1952819824219,8397.83984375,493.1710205078125,934.5025024414062,92.85623931884766,2783.377197265625,907.7528686523438,188.46009826660156,176.87051391601562
2022-10-14,4255.89111328125,798.3849487304688,3351.638427734375,1079.2021484375,176.99758911132812,3506.596435546875,845.0744018554688,3358.008544921875,877.0458374023438,692.400390625,2237.8671875,389.4684143066406,849.2252807617188,1337.45849609375,630.9100952148438,365.67535400390625,8366.529296875,498.6092224121094,942.1258544921875,92.85623931884766,2779.654296875,913.936279296875,185.14756774902344,176.0307159423828
2022-10-17,4249.6513671875,811.9989013671875,3406.552490234375,1078.47216796875,178.23326110839844,3512.239501953125,849.8577270507812,3394.222900390625,870.0908203125,696.033203125,2253.575439453125,380.7895812988281,863.8141479492188,1351.7017822265625,622.2384643554688,370.4905700683594,8469.9287109375,514.1670532226562,945.6964721679688,92.3460464477539,2798.178955078125,916.9832153320312,180.1305389404297,175.00430297851562
2022-10-18,4324.080078125,814.1930541992188,3389.9375,1095.6981201171875,181.0041046142578,3506.056640625,854.0430908203125,3488.670654296875,882.8632202148438,694.7340087890625,2260.899658203125,385.84002685546875,875.2314453125,1364.17578125,627.461181640625,370.79962158203125,8551.0478515625,531.947509765625,944.1040649414062,93.36643981933594,2827.80908203125,913.533203125,179.90542602539062,176.9638214111328
2022-10-19,4346.61181640625,827.6574096679688,3431.756591796875,1091.9512939453125,178.38304138183594,3541.19287109375,846.2702026367188,3488.477294921875,879.7266235351562,701.8553466796875,2242.544677734375,382.75091552734375,870.5473022460938,1347.6192626953125,616.7693481445312,372.72369384765625,8465.6083984375,523.3883666992188,942.7048950195312,92.80986022949219,2807.26123046875,913.3539428710938,178.3295440673828,176.38063049316406
2022-10-20,4280.99853515625,823.66796875,3465.550048828125,1106.35498046875,180.47987365722656,3584.23046875,852.57275390625,3525.995849609375,898.9443359375,697.1159057617188,2264.032958984375,387.55615234375,867.1807250976562,1361.6358642578125,619.2329711914062,371.5672302246094,8454.0068359375,525.2799072265625,946.0341186523438,93.59835052490234,2839.13916015625,933.4723510742188,181.93154907226562,177.990234375
2022-10-21,4346.90869140625,898.02099609375,3443.725341796875,1104.3597412109375,178.75747680664062,3505.221923828125,848.9950561523438,3505.087890625,907.6033325195312,692.2079467773438,2267.827392578125,386.1341857910156,885.2338256835938,1361.2728271484375,612.9755859375,379.36328125,8450.0263671875,530.434326171875,943.4769287109375,92.94900512695312,2821.244140625,933.0243530273438,180.16270446777344,178.48011779785156
2022-10-24,4367.80615234375,907.047119140625,3473.0126953125,1116.1844482421875,180.10543823242188,3545.511474609375,858.1500244140625,3516.38671875,911.490966796875,703.0101318359375,2278.46142578125,387.8993835449219,903.9212036132812,1377.0128173828125,612.9755859375,377.9974670410156,8510.3671875,539.5609741210938,952.4513549804688,93.87663269042969,2843.095947265625,939.29736328125,181.22396850585938,179.48321533203125
2022-10-25,4361.7646484375,900.4644775390625,3430.114013671875,1124.9432373046875,179.693603515625,3530.494873046875,870.8629760742188,3583.4560546875,906.9848022460938,698.1262817382812,2281.726806640625,390.6942443847656,902.7012939453125,1384.678955078125,634.9501953125,368.1876525878906,8742.9462890625,547.1744384765625,956.8421020507812,93.87663269042969,2843.45556640625,970.080078125,180.098388671875,179.45989990234375
2022-10-27,4389.2978515625,912.7320556640625,3400.26318359375,1134.675537109375,180.40501403808594,3553.9521484375,880.4393920898438,3583.4560546875,911.8886108398438,699.8104248046875,2303.92041015625,404.4234313964844,902.0670776367188,1397.6563720703125,669.68603515625,371.8563537597656,8778.8212890625,548.2147216796875,976.2385864257812,96.65953826904297,2839.22900390625,964.12060546875,185.46917724609375,178.52676391601562
2022-10-28,4523.14990234375,900.6640014648438,3445.696533203125,1124.2620849609375,183.0260772705078,3481.76513671875,874.313232421875,3617.35302734375,910.0772705078125,701.87939453125,2338.42529296875,397.1175842285156,885.9168701171875,1387.843017578125,660.6202392578125,375.694580078125,9216.306640625,539.79736328125,955.3463745117188,94.24768829345703,2844.489501953125,940.0142211914062,183.2179412841797,178.80670166015625
2022-10-31,4474.12548828125,903.606201171875,3446.77587890625,1136.1353759765625,184.18682861328125,3542.02734375,869.1672973632812,3718.46435546875,919.9290161132812,720.1637573242188,2362.252197265625,397.80401611328125,886.7463989257812,1410.2210693359375,664.118408203125,379.2237243652344,9250.337890625,542.6820068359375,981.3048706054688,94.20130920410156,2871.376220703125,952.9636840820312,180.61293029785156,180.34634399414062
2022-11-01,4468.03466796875,869.4466552734375,3503.89599609375,1141.974609375,183.96217346191406,3765.360595703125,889.0845947265625,3668.1982421875,936.6286010742188,728.1270751953125,2358.987060546875,406.3847961425781,886.6487426757812,1442.641357421875,676.3374633789062,380.6692199707031,9179.462890625,545.6139526367188,1000.315185546875,93.87663269042969,2931.220458984375,959.6847534179688,184.53652954101562,183.07566833496094
2022-11-02,4341.01611328125,861.2683715820312,3507.74462890625,1128.20361328125,184.0745086669922,3711.379638671875,893.0739135742188,3601.3701171875,923.5075073242188,728.5841064453125,2333.218505859375,413.15130615234375,882.8429565429688,1424.573974609375,674.2189331054688,380.81878662109375,8960.81640625,542.7293090820312,1015.1278076171875,93.92301940917969,2915.033935546875,969.6320190429688,191.1937255859375,183.79881286621094
2022-11-03,4352.8017578125,861.7670288085938,3542.195068359375,1131.9505615234375,184.3740692138672,3711.379638671875,899.7882080078125,3549.269775390625,923.4633178710938,725.3843994140625,2335.336669921875,402.4131164550781,886.6975708007812,1403.8927001953125,670.2772827148438,378.86480712890625,8970.234375,553.1801147460938,1007.6491088867188,94.61874389648438,2883.606201171875,943.5091552734375,194.82785034179688,181.25611877441406
2022-11-04,4320.712890625,865.8062744140625,3539.9423828125,1115.40576171875,184.26173400878906,3676.88134765625,887.0850219726562,3541.205810546875,923.6400756835938,720.38037109375,2284.638427734375,422.2223815917969,883.428466796875,1388.531005859375,691.5128784179688,378.8249206542969,8960.9130859375,561.7392578125,1003.4996948242188,97.16974639892578,2893.182861328125,944.2261352539062,207.0809783935547,182.21255493164062
2022-11-07,4321.90087890625,870.6435546875,3538.768798828125,1100.61279296875,186.88282775878906,3351.278564453125,879.3121948242188,3626.4306640625,925.2305297851562,725.9859008789062,2313.01025390625,429.0379943847656,895.333740234375,1382.5235595703125,699.642578125,375.3655700683594,9061.6923828125,580.8438110351562,992.3538818359375,98.97862243652344,2907.83984375,944.091796875,197.1755828857422,182.65576171875
2022-11-09,4319.326171875,871.3915405273438,3510.325927734375,1099.153076171875,191.56332397460938,3237.624267578125,889.0062255859375,3604.991943359375,930.7969360351562,725.7694091796875,2339.881591796875,409.0325622558594,888.5028686523438,1385.9627685546875,696.2428588867188,377.5189208984375,8984.2138671875,582.1677856445312,978.0720825195312,98.42205047607422,2891.96923828125,937.8920288085938,197.85093688964844,182.39918518066406
2022-11-10,4244.30419921875,841.4707641601562,3496.292724609375,1092.2432861328125,189.915771484375,3225.8466796875,891.8585205078125,3573.992431640625,929.913330078125,733.6605224609375,2393.71240234375,407.0712585449219,888.6980590820312,1377.4793701171875,690.8230590820312,381.2574157714844,8832.51171875,572.8993530273438,975.2735595703125,97.12335205078125,2882.616943359375,930.9628295898438,197.56149291992188,181.44273376464844
2022-11-11,4378.94775390625,848.4523315429688,3499.1552734375,1091.367431640625,189.6536407470703,3210.78125,889.8981323242188,3399.003173828125,963.665771484375,775.2334594726562,2354.884033203125,421.53594970703125,884.6483154296875,1439.981689453125,708.51123046875,378.65545654296875,8823.0947265625,568.6906127929688,978.0720825195312,99.76712036132812,2981.802001953125,965.2438354492188,200.9383544921875,186.4815216064453
2022-11-14,4512.94921875,848.75146484375,3497.606689453125,1099.2503662109375,185.12295532226562,3215.001220703125,855.4348754882812,3396.05810546875,971.0437622070312,777.1100463867188,2372.44482421875,446.7388610839844,873.3285522460938,1453.922119140625,708.9053955078125,383.38092041015625,8886.0078125,560.4152221679688,981.3048706054688,100.8338851928711,2999.382080078125,971.3067626953125,202.44985961914062,185.01187133789062
2022-11-15,4567.66943359375,856.38134765625,3533.418212890625,1088.788330078125,185.0830841064453,3264.958251953125,869.1672973632812,3387.704345703125,975.3731079101562,779.0106201171875,2409.81787109375,448.0627136230469,889.6738891601562,1461.9010009765625,711.8123779296875,381.30731201171875,8895.572265625,568.2650146484375,980.4845581054688,100.69475555419922,2996.774169921875,972.7655639648438,204.9584197998047,185.29180908203125
2022-11-16,4436.24267578125,853.139892578125,3517.74169921875,1091.172607421875,187.27554321289062,3228.84033203125,878.4398193359375,3382.972412109375,976.5216674804688,785.6988525390625,2417.495361328125,438.74652099609375,891.5279541015625,1469.971923828125,697.9180297851562,391.9744873046875,8869.115234375,567.2246704101562,982.9934692382812,98.8394775390625,3017.231689453125,972.6743774414062,200.64891052246094,185.8050079345703
2022-11-17,4358.05029296875,855.9324951171875,3467.708740234375,1089.5181884765625,185.28240966796875,3229.036376953125,866.7364501953125,3323.8701171875,965.3447265625,778.6016845703125,2421.510498046875,431.93096923828125,897.5781860351562,1455.8480224609375,698.262939453125,388.9139099121094,8724.9365234375,566.5626220703125,977.8789672851562,98.19013214111328,3011.521728515625,965.107177734375,197.657958984375,185.10516357421875
2022-11-18,4356.912109375,856.929931640625,3410.26025390625,1072.876220703125,183.01022338867188,3226.435791015625,864.3349609375,3274.038818359375,974.7103881835938,776.5567016601562,2403.11083984375,430.1167297363281,898.1149291992188,1461.350830078125,697.8688354492188,390.7083740234375,8590.5634765625,570.0147094726562,974.26025390625,97.86546325683594,3006.530517578125,967.2040405273438,199.65191650390625,183.75218200683594
2022-11-21,4376.4228515625,867.7511596679688,3397.634765625,1074.87109375,182.93051147460938,3205.431884765625,852.7295532226562,3262.788330078125,967.9512329101562,768.59326171875,2362.78173828125,422.2223815917969,899.1395263671875,1438.2391357421875,686.3887329101562,387.6278381347656,8607.21484375,565.6641845703125,968.0360717773438,96.70592498779297,2952.6220703125,950.5648803710938,198.04393005371094,181.3260955810547
2022-11-22,4426.88330078125,867.7511596679688,3397.259521484375,1074.5306396484375,182.65145874023438,3244.347412109375,855.2094116210938,3259.360107421875,974.9313354492188,767.4625244140625,2369.841552734375,422.3204650878906,901.3839721679688,1453.6927490234375,697.9180297851562,386.7605285644531,8615.515625,566.6099853515625,974.7427978515625,97.58717346191406,2980.90283203125,957.9044799804688,199.45895385742188,181.39608764648438
2022-11-23,4560.9833984375,872.388916015625,3386.69873046875,1078.326171875,183.8473358154297,3238.802001953125,863.6683959960938,3265.00927734375,974.9313354492188,769.4594116210938,2346.367919921875,424.96826171875,905.0433349609375,1451.9501953125,710.03857421875,389.4721984863281,8674.498046875,574.6962890625,982.0285034179688,97.81908416748047,2974.923095703125,951.8870849609375,198.0117645263672,181.37274169921875
2022-11-24,4768.81884765625,876.2286987304688,3398.244873046875,1066.0150146484375,182.17311096191406,3244.15087890625,865.2759399414062,3261.5810546875,998.0808715820312,781.9697875976562,2358.943115234375,429.87158203125,916.16796875,1494.7342529296875,715.35986328125,387.77740478515625,8706.1494140625,576.3040771484375,998.86767578125,97.86546325683594,3039.5322265625,974.9080810546875,199.9735107421875,185.8050079345703
2022-11-25,4743.46484375,885.4044189453125,3417.11279296875,1075.7471923828125,184.48512268066406,3280.71044921875,866.109130859375,3297.071533203125,996.8438110351562,778.361083984375,2389.87353515625,432.1270446777344,907.824462890625,1500.099365234375,715.6062622070312,384.49749755859375,8757.0244140625,574.4598999023438,997.661376953125,98.51480865478516,3048.075439453125,984.8002319335938,203.60763549804688,187.92782592773438
2022-11-28,4676.513671875,889.3440551757812,3451.32861328125,1072.2435302734375,183.24940490722656,3313.001220703125,862.9529418945312,3323.435791015625,988.5384521484375,769.9887084960938,2456.3681640625,422.810791015625,914.7529907226562,1488.864501953125,705.210205078125,384.4476623535156,8723.9169921875,575.5947265625,998.5299072265625,97.30888366699219,3053.11083984375,982.110595703125,199.74838256835938,189.25750732421875
2022-11-29,4673.8896484375,890.1917114257812,3435.74609375,1091.1240234375,181.13665771484375,3310.2041015625,873.0193481445312,3299.0029296875,997.50634765625,768.8339233398438,2495.85888671875,427.5179748535156,923.8770751953125,1494.04638671875,721.8635864257812,383.92919921875,8650.9052734375,575.5474243164062,1013.1012573242188,98.42205047607422,3054.999267578125,979.6946411132812,205.7466583251953,189.02423095703125
2022-11-30,4681.01953125,898.8687133789062,3520.79248046875,1109.1285400390625,181.1765594482422,3341.611083984375,879.6453857421875,3365.058349609375,990.305419921875,773.9342041015625,2516.729248046875,441.982666015625,929.8785400390625,1499.45751953125,732.5552978515625,388.2160339355469,8712.994140625,569.7782592773438,1009.4345092773438,99.8598861694336,3049.109619140625,981.9284057617188,207.45069885253906,189.84071350097656
2022-12-01,4729.8466796875,901.4618530273438,3480.33447265625,1094.773681640625,180.2596893310547,3345.88037109375,877.1361694335938,3319.62109375,1004.0892333984375,779.2511596679688,2534.29052734375,454.4370422363281,917.4853515625,1519.771728515625,735.4130249023438,385.673828125,8697.4599609375,575.1218872070312,1009.8203735351562,102.73554992675781,3125.408935546875,1004.265625,211.4722137451172,193.01327514648438
2022-12-02,4824.6767578125,902.7584838867188,3435.042236328125,1084.506103515625,180.65830993652344,3318.595703125,884.2033081054688,3217.64111328125,1003.3384399414062,773.2847290039062,2488.9755859375,452.1815185546875,908.1172485351562,1502.162841796875,732.2103881835938,384.9760437011719,8559.2998046875,574.6016235351562,1003.59619140625,103.89509582519531,3092.587158203125,1016.3460693359375,213.92611694335938,192.40673828125
2022-12-05,4732.47119140625,896.8241577148438,3435.55810546875,1085.479248046875,184.3655548095703,3306.425537109375,878.1261596679688,3229.760498046875,999.1854858398438,776.0994873046875,2495.329345703125,471.89276123046875,911.0447998046875,1503.859619140625,745.5626831054688,386.5013427734375,8536.193359375,583.822998046875,1003.0171508789062,107.46647644042969,3080.67236328125,1002.6701049804688,217.60684204101562,192.3834228515625
2022-12-06,4742.07861328125,902.259765625,3468.319091796875,1079.8831787109375,184.68441772460938,3293.715087890625,857.5031127929688,3186.5927734375,990.4380493164062,775.2334594726562,2469.8701171875,460.9093933105469,900.359375,1479.23486328125,735.8564453125,385.86328125,8463.6669921875,575.92578125,997.3719482421875,104.7763442993164,3044.20849609375,992.686767578125,214.33509826660156,191.9168701171875
2022-12-07,4682.009765625,912.2333374023438,3411.85595703125,1075.6986083984375,183.16966247558594,3276.392333984375,855.013427734375,3148.10888671875,977.1402587890625,774.8966064453125,2435.232666015625,455.3196105957031,899.8714599609375,1472.447998046875,727.3818969726562,381.11785888671875,8407.1611328125,574.1287841796875,982.125,103.1529769897461,3039.937744140625,982.8857421875,213.27853393554688,189.56076049804688
2022-12-08,4659.330078125,936.8681030273438,3413.26416015625,1077.8394775390625,183.68789672851562,3226.53369140625,853.9744873046875,3208.418212890625,973.1201171875,779.2511596679688,2434.04150390625,462.5274658203125,909.3859252929688,1485.884033203125,733.83642578125,378.2367248535156,8430.025390625,578.4793701171875,946.4683227539062,103.75594329833984,3012.91552734375,979.3300170898438,213.92611694335938,188.3477325439453
2022-12-09,4640.11669921875,931.2330322265625,3395.2412109375,1078.2288818359375,182.4521484375,3213.382080078125,863.9526977539062,3243.08740234375,907.8682861328125,784.8087158203125,2428.12890625,453.8976745605469,907.4342041015625,1439.2481689453125,729.5990600585938,376.45220947265625,8362.6943359375,583.0663452148438,958.0966186523438,102.45726013183594,2960.93994140625,943.909423828125,210.5179901123047,183.84547424316406
2022-12-12,4696.76708984375,936.1699829101562,3376.279296875,1067.42626953125,185.28240966796875,3276.932373046875,872.8037109375,3206.631591796875,908.66357421875,790.9194946289062,2445.734130859375,453.0151062011719,907.824462890625,1418.9793701171875,730.04248046875,372.0058898925781,8407.744140625,579.8034057617188,952.8373413085938,103.6167984008789,2955.27490234375,940.9918823242188,210.5520477294922,184.9185791015625
2022-12-13,4633.9267578125,942.1041870117188,3413.827392578125,1080.17529296875,184.604736328125,3293.371826171875,873.9603881835938,3199.43701171875,923.0657348632812,793.1088256835938,2435.144775390625,449.23956298828125,910.4104614257812,1441.8619384765625,733.3928833007812,372.5542297363281,8369.830078125,583.3027954101562,959.8336181640625,103.1529769897461,2996.32421875,953.4368896484375,213.4489288330078,185.5717315673828
2022-12-14,4621.34814453125,939.9100341796875,3428.189697265625,1082.9002685546875,185.0830841064453,3330.962158203125,883.0564575195312,3253.9033203125,933.2267456054688,799.8211669921875,2424.466552734375,460.222900390625,899.4810180664062,1448.5111083984375,746.8930053710938,373.4913635253906,8390.12109375,591.5782470703125,965.2376098632812,104.86911010742188,3026.22412109375,971.0787963867188,215.4256134033203,186.6448211669922
2022-12-15,4598.3212890625,935.6712646484375,3397.447265625,1072.2923583984375,181.93392944335938,3303.08837890625,876.0775756835938,3190.262451171875,920.9893188476562,785.1695556640625,2445.205078125,452.08343505859375,886.8439331054688,1412.8348388671875,732.5060424804688,371.49749755859375,8334.34375,582.546142578125,967.1192016601562,102.92108154296875,2972.045654296875,932.4672241210938,211.94935607910156,184.3820343017578
2022-12-16,4521.31787109375,932.6292724609375,3332.01953125,1060.224365234375,179.10366821289062,3265.252685546875,844.7410888671875,3178.625732421875,909.7680053710938,788.9467163085938,2404.611083984375,447.9156494140625,880.208251953125,1396.0511474609375,732.6046142578125,366.9813537597656,8238.8544921875,570.6294555664062,958.8685913085938,103.01384735107422,2913.73046875,930.6893920898438,209.80226135253906,181.8393096923828
2022-12-19,4566.18408203125,943.699951171875,3407.25634765625,1067.2802734375,181.21636962890625,3283.8515625,861.7864990234375,3272.735107421875,912.948974609375,791.4006958007812,2453.80908203125,451.2498779296875,884.5507202148438,1382.431884765625,738.51708984375,370.4905700683594,8353.4697265625,571.6698608398438,953.3681640625,103.7095718383789,2879.3798828125,936.0684814453125,214.2668914794922,181.51272583007812
2022-12-20,4552.51611328125,947.2406005859375,3392.096435546875,1061.9276123046875,180.2596893310547,3289.446044921875,856.6307983398438,3199.87158203125,909.8120727539062,785.939453125,2446.705078125,448.2098693847656,887.72216796875,1382.38623046875,734.9203491210938,368.287353515625,8276.2822265625,571.6698608398438,953.7540893554688,102.92108154296875,2917.05712890625,928.0909423828125,212.73324584960938,181.466064453125
2022-12-21,4720.43798828125,929.8367309570312,3389.702880859375,1097.79052734375,178.46583557128906,3453.547607421875,864.0409545898438,3161.04931640625,919.2222290039062,778.3369140625,2433.37939453125,448.30792236328125,870.6937866210938,1384.4495849609375,732.2596435546875,361.8072814941406,8107.396484375,561.2191162109375,970.400390625,101.48324584960938,2939.178955078125,935.4760131835938,206.6668701171875,181.72267150878906
2022-12-22,4735.78857421875,917.120361328125,3380.1279296875,1092.3892822265625,177.54901123046875,3431.120849609375,852.6119384765625,3096.15283203125,918.1177368164062,775.66650390625,2407.1259765625,446.6898193359375,869.1324462890625,1395.913818359375,726.7905883789062,364.0902404785156,8091.81201171875,561.2191162109375,975.2735595703125,99.8598861694336,2931.220458984375,926.17626953125,205.88296508789062,181.37274169921875
2022-12-23,4655.02197265625,904.20458984375,3324.69775390625,1089.1776123046875,171.4499969482422,3433.6240234375,845.005859375,3006.920166015625,910.607421875,768.7377319335938,2326.95361328125,421.24176025390625,857.6663208007812,1373.031494140625,717.2321166992188,363.2727966308594,7904.671875,542.8711547851562,966.4920654296875,94.85065460205078,2903.029541015625,907.8506469726562,194.397705078125,176.1940155029297
2022-12-26,4639.076171875,926.2462768554688,3334.4599609375,1067.13427734375,175.99436950683594,3365.264404296875,832.8809204101562,3052.888427734375,911.5792236328125,784.0387573242188,2370.591552734375,434.382568359375,871.620849609375,1377.8922119140625,721.5186767578125,361.597900390625,8016.51953125,564.7183837890625,965.0445556640625,97.40164184570312,2925.105224609375,912.6371459960938,201.8273468017578,177.523681640625
2022-12-27,4599.212890625,929.7369995117188,3370.834716796875,1066.5015869140625,176.39297485351562,3412.66943359375,833.3219604492188,3092.048828125,915.68798828125,784.8327026367188,2384.75537109375,461.8900451660156,878.890869140625,1389.310302734375,753.7909545898438,363.06341552734375,8063.75390625,569.2581176757812,965.1410522460938,103.10660552978516,2931.040771484375,920.4324951171875,209.70004272460938,180.3696746826172
2022-12-28,4544.5927734375,922.2568359375,3366.986328125,1056.720703125,177.94764709472656,3382.4892578125,833.6944580078125,3101.464599609375,914.8927001953125,784.207275390625,2379.68115234375,456.93768310546875,877.2318725585938,1385.0001220703125,750.58837890625,362.9039001464844,8175.98876953125,568.4542236328125,960.17138671875,102.03982543945312,2928.882568359375,926.5409545898438,207.82559204101562,180.9295196533203
2022-12-29,4481.00927734375,932.0807495117188,3350.042724609375,1058.4239501953125,176.71188354492188,3348.97216796875,835.2333374023438,3168.726806640625,922.8449096679688,789.7406616210938,2402.2724609375,460.8113098144531,886.1119995117188,1391.7867431640625,758.1760864257812,362.63470458984375,8190.310546875,578.6212158203125,965.527099609375,103.6631851196289,2939.3583984375,923.7601928710938,209.32513427734375,182.30587768554688
2022-12-30,4434.60791015625,931.2828369140625,3394.396240234375,1047.134521484375,179.4225616455078,3349.95361328125,830.7147216796875,3117.109130859375,918.2944946289062,783.4132690429688,2416.965576171875,464.194580078125,869.3275756835938,1383.2115478515625,756.845703125,364.32952880859375,8150.3095703125,580.4181518554688,966.3473510742188,104.49805450439453,2928.5224609375,926.6778564453125,210.2112579345703,183.2389678955078
2023-01-02,4411.58154296875,939.112060546875,3354.876953125,1042.2684326171875,179.1833953857422,3310.15478515625,830.2246704101562,3118.171630859375,918.427001953125,783.6778564453125,2396.712646484375,477.62957763671875,880.6473388671875,1397.7020263671875,763.9899291992188,363.8908386230469,8158.755859375,578.9995727539062,962.101318359375,110.62044525146484,2932.7939453125,920.3868408203125,215.45973205566406,183.37892150878906
2023-01-03,4447.78076171875,959.7574462890625,3380.92578125,1047.0858154296875,178.66517639160156,3330.1279296875,830.8715209960938,3103.299072265625,920.105712890625,788.8023681640625,2400.683837890625,470.6178894042969,879.5739135742188,1396.372314453125,756.6979370117188,365.4460754394531,8138.8037109375,579.188720703125,973.7777709960938,109.87833404541016,2977.66552734375,933.424560546875,217.81129455566406,185.24513244628906
2023-01-04,4390.7333984375,954.9202880859375,3335.0703125,1038.3270263671875,173.12423706054688,3371.889404296875,833.841552734375,3105.03759765625,915.9088745117188,774.7041015625,2390.888427734375,452.57379150390625,877.3782348632812,1370.922119140625,725.5588989257812,363.03350830078125,8177.6884765625,572.379150390625,968.9527587890625,107.37371826171875,2980.633056640625,930.2335205078125,210.14309692382812,181.81597900390625
2023-01-05,4386.5244140625,947.0410766601562,3399.18359375,1059.202392578125,173.92149353027344,3397.7021484375,842.467041015625,3146.032470703125,922.5355224609375,769.72412109375,2441.939453125,456.69256591796875,857.9102783203125,1352.9461669921875,739.7489013671875,362.9437561035156,8214.873046875,572.2845458984375,980.6292724609375,108.11583709716797,2977.440673828125,922.3470458984375,212.2220458984375,180.50962829589844
2023-01-06,4345.32470703125,937.4166870117188,3418.990234375,1047.5238037109375,170.8122100830078,3371.251220703125,837.4191284179688,3139.176025390625,912.5513305664062,767.1739501953125,2420.23095703125,453.7015380859375,849.0789184570312,1328.4588623046875,717.724853515625,356.2642822265625,8139.09521484375,568.075927734375,973.391845703125,107.28096008300781,2887.922607421875,899.0980834960938,211.0632781982422,178.22352600097656
2023-01-09,4365.37939453125,956.2168579101562,3398.80810546875,1058.3265380859375,171.3702850341797,3395.3955078125,849.6224365234375,3150.716064453125,943.1671142578125,768.6654052734375,2428.879150390625,461.6448669433594,852.2503662109375,1361.4296875,731.5206298828125,361.2689208984375,8133.2216796875,574.7435913085938,981.2564697265625,109.04346466064453,2985.398681640625,925.6293334960938,215.05076599121094,182.7957305908203
2023-01-10,4423.763671875,949.63427734375,3355.111572265625,1049.810791015625,172.80535888671875,3436.9609375,840.7420043945312,3058.972900390625,939.9859619140625,754.6154174804688,2393.3154296875,468.3133544921875,840.5402221679688,1347.947998046875,734.3291015625,358.0089111328125,8051.8115234375,562.8742065429688,976.4315185546875,110.24938201904297,2955.2294921875,914.1416015625,215.4256134033203,183.37892150878906
2023-01-11,4318.732421875,947.2406005859375,3321.177490234375,1019.5437622070312,170.134521484375,3348.23583984375,835.4882202148438,3029.71142578125,931.9898071289062,765.48974609375,2377.166259765625,481.4541931152344,845.3706665039062,1349.3236083984375,743.1978149414062,359.26507568359375,8043.3642578125,564.340087890625,992.0162963867188,110.24938201904297,2993.26708984375,917.514892578125,216.8570098876953,183.75218200683594
2023-01-12,4317.8896484375,933.078125,3351.450439453125,1032.73095703125,170.53317260742188,3244.052978515625,845.0352172851562,2996.876708984375,946.8780517578125,769.5797729492188,2377.607177734375,476.2566833496094,839.857177734375,1357.8988037109375,752.3128051757812,354.80877685546875,8125.64892578125,562.6377563476562,996.6964111328125,109.55366516113281,2998.34765625,913.1387329101562,215.80052185058594,184.05545043945312
2023-01-13,4293.92236328125,931.6818237304688,3384.30517578125,1039.154052734375,171.4898681640625,3289.593017578125,846.9563598632812,3053.6611328125,952.3119506835938,770.1812133789062,2407.78759765625,479.0515441894531,852.3479614257812,1379.0384521484375,757.2891845703125,354.96826171875,8207.3994140625,567.5556640625,995.4901733398438,111.73360443115234,3034.4970703125,914.597412109375,217.57272338867188,183.7755126953125
2023-01-16,4253.4150390625,910.7373046875,3363.512939453125,1031.222412109375,170.41357421875,3271.43603515625,848.06396484375,3031.44970703125,966.360595703125,762.7952880859375,2434.394775390625,473.70697021484375,844.3460693359375,1399.0780029296875,748.1248168945312,355.8655090332031,8136.23046875,570.2984619140625,999.2054443359375,111.26978302001953,3066.2255859375,943.1343994140625,216.14134216308594,185.9683074951172
2023-01-17,4281.34521484375,915.2752685546875,3385.85400390625,1040.4678955078125,169.89535522460938,3285.372802734375,853.10205078125,3070.94775390625,981.6907348632812,774.1507568359375,2441.675048828125,478.4631652832031,844.2484741210938,1411.9176025390625,746.4496459960938,358.42767333984375,8232.5927734375,560.79345703125,996.5516357421875,110.71321105957031,3107.0126953125,953.7105102539062,216.720703125,184.9185791015625
2023-01-18,4298.13134765625,921.55859375,3388.623291015625,1034.920654296875,172.88507080078125,3325.711181640625,855.5721435546875,3068.678466796875,985.3133544921875,787.8159790039062,2444.410400390625,493.2220764160156,848.493408203125,1417.32861328125,755.9588623046875,358.7167663574219,8246.8642578125,559.3748779296875,1003.6926879882812,113.58887481689453,3117.68115234375,955.8074340820312,220.94676208496094,188.1144561767578
2023-01-19,4276.68994140625,926.2462768554688,3356.75439453125,1036.331787109375,178.5455780029297,3319.33154296875,849.2695922851562,3058.15185546875,990.8854370117188,791.087890625,2444.0576171875,489.2503967285156,845.224365234375,1411.3673095703125,748.96240234375,352.37628173828125,8254.2451171875,557.861572265625,1004.1270141601562,114.6092758178711,3102.138671875,960.320556640625,225.47950744628906,188.20777893066406
2023-01-20,4244.10546875,928.0913696289062,3353.750244140625,1025.237060546875,180.97723388671875,3281.201416015625,852.8766479492188,3042.507080078125,987.6759033203125,799.1954956054688,2423.672607421875,480.4735412597656,849.3228759765625,1399.123779296875,730.6337890625,351.4989318847656,8194.193359375,560.0841064453125,994.283935546875,114.05268859863281,3092.942138671875,954.1207885742188,225.5476531982422,188.09112548828125
2023-01-23,4293.8232421875,930.2357177734375,3401.436767578125,1034.093505859375,183.44869995117188,3322.963134765625,850.377197265625,3093.545654296875,999.623046875,805.041748046875,2448.51416015625,484.6413269042969,850.6402587890625,1419.7132568359375,723.2432250976562,355.65618896484375,8172.15380859375,567.8867797851562,1012.570556640625,113.17144012451172,3140.580810546875,971.2612915039062,224.35484313964844,189.88735961914062
2023-01-24,4263.66552734375,907.7951049804688,3460.52783203125,1033.7042236328125,181.45556640625,3293.862548828125,833.6944580078125,3115.9501953125,1014.4673461914062,815.8199462890625,2446.131591796875,475.2760009765625,849.7131958007812,1423.2901611328125,711.5167236328125,350.9705505371094,8445.65625,562.1175537109375,1004.271728515625,111.68721771240234,3160.26220703125,976.09326171875,224.69569396972656,190.16798400878906
2023-01-25,4183.79052734375,889.9922485351562,3489.533935546875,1007.5245361328125,180.299560546875,3273.8896484375,823.539794921875,3103.685791015625,1001.0048828125,793.2772216796875,2457.692138671875,479.63995361328125,834.6364135742188,1415.1275634765625,714.078857421875,348.8869934082031,8528.474609375,537.8585815429688,1003.6443481445312,112.24380493164062,3154.23779296875,958.3602294921875,222.37814331054688,187.80606079101562
2023-01-27,4203.400390625,871.4413452148438,3695.438232421875,1019.203125,177.30984497070312,3324.6806640625,845.7017211914062,3061.097412109375,994.6300048828125,777.4708862304688,2414.583251953125,469.73529052734375,797.4569702148438,1393.254150390625,710.8269653320312,341.56951904296875,8483.23046875,510.6677551269531,1006.8771362304688,111.91913604736328,3137.0400390625,939.16845703125,217.94760131835938,186.16912841796875
2023-01-30,4197.01220703125,869.54638671875,3605.697998046875,1006.6973266601562,180.06036376953125,3304.020751953125,848.60302734375,3082.053466796875,1011.7035522460938,776.6769409179688,2384.71142578125,463.2139587402344,803.6046752929688,1411.275634765625,691.4636840820312,344.19146728515625,8560.416015625,509.01263427734375,1014.8865966796875,110.15662384033203,3157.824462890625,944.6387329101562,219.41310119628906,188.1334686279297
2023-01-31,4215.037109375,869.2970581054688,3584.2021484375,990.6879272460938,179.2631378173828,3253.86767578125,847.6915283203125,3151.489013671875,1000.5143432617188,771.5524291992188,2438.498291015625,459.3403015136719,811.8018188476562,1406.64404296875,705.9984741210938,345.1385498046875,8636.4384765625,523.4829711914062,998.2886962890625,111.03787231445312,3088.895263671875,925.4014282226562,226.57012939453125,186.5432891845703
2023-02-01,4221.72216796875,854.9849853515625,3577.677978515625,1004.4102783203125,175.91465759277344,3294.64794921875,853.0530395507812,3189.87646484375,1009.3407592773438,783.1245727539062,2406.72900390625,458.80096435546875,827.4640502929688,1422.55615234375,719.0552368164062,347.8701477050781,8513.6669921875,498.75103759765625,979.374755859375,113.21782684326172,3134.55712890625,933.3790283203125,223.57098388671875,188.20362854003906
2023-02-02,4190.87158203125,866.1554565429688,3558.340576171875,997.841064453125,173.52284240722656,3206.462646484375,856.6994018554688,3107.017578125,1024.943359375,771.4803466796875,2348.220947265625,456.3983459472656,837.1736450195312,1452.50048828125,716.7887573242188,351.2696533203125,8612.0205078125,499.4603271484375,972.3302612304688,111.26978302001953,3182.426025390625,926.90576171875,222.92344665527344,191.50094604492188
2023-02-03,4210.77880859375,880.2680053710938,3616.3994140625,994.9213256835938,174.51943969726562,2830.9033203125,854.3959350585938,3203.010009765625,1021.8674926757812,798.1610107421875,2342.308349609375,450.7595520019531,842.9310913085938,1466.8536376953125,721.1737670898438,354.96826171875,8682.0703125,514.687255859375,992.1610107421875,111.6408462524414,3202.566650390625,922.0280151367188,222.74624633789062,190.7760009765625
2023-02-06,4279.2158203125,880.3179321289062,3613.160888671875,1002.2205810546875,175.07752990722656,2726.523681640625,852.6707763671875,3148.929443359375,1021.4661865234375,794.7688598632812,2378.26904296875,438.6974792480469,833.0751342773438,1439.7523193359375,700.6771850585938,348.3287048339844,8648.76953125,515.822265625,987.5289306640625,108.95069885253906,3182.011962890625,916.6031494140625,217.0411834716797,189.25595092773438
2023-02-07,4274.16455078125,876.7772827148438,3641.650634765625,1003.680419921875,175.15725708007812,2699.876708984375,870.4513549804688,3162.44970703125,1005.9082641601562,795.9476318359375,2340.852294921875,421.24176025390625,832.1480712890625,1432.9197998046875,703.6826782226562,353.9913024902344,8507.455078125,517.429931640625,971.1723022460938,103.3848876953125,3193.599609375,913.959228515625,218.38766479492188,187.3149871826172
2023-02-08,4349.087890625,869.4466552734375,3642.448486328125,1011.2714233398438,176.01483154296875,2747.183837890625,879.7728881835938,3117.3505859375,1020.8421630859375,795.8513793945312,2307.362548828125,428.0573425292969,838.3446044921875,1458.691162109375,721.2723388671875,352.01739501953125,8577.6015625,519.9362182617188,984.880859375,103.3848876953125,3237.329833984375,921.8001098632812,222.6044921875,190.23812866210938
2023-02-09,4347.15673828125,865.4074096679688,3610.016357421875,994.142822265625,175.23892211914062,2770.837158203125,879.7140502929688,3126.186767578125,1022.045654296875,794.1914672851562,2258.428955078125,435.9516296386719,840.0036010742188,1482.9949951171875,713.1919555664062,353.09405517578125,8545.0771484375,520.9293212890625,978.8529663085938,103.19937133789062,3256.412841796875,926.3130493164062,219.7696990966797,190.9630889892578
2023-02-10,4373.84716796875,864.9585571289062,3596.780517578125,1005.5294189453125,172.7477569580078,2759.15771484375,882.0861206054688,3102.237060546875,994.6747436523438,797.3430786132812,2279.69677734375,424.7721252441406,833.221435546875,1475.245361328125,708.4620361328125,353.3233947753906,8554.9306640625,523.0573120117188,978.6585083007812,100.92666625976562,3253.37841796875,927.5439453125,220.19493103027344,189.7938232421875
2023-02-13,4316.80029296875,856.830078125,3645.452392578125,994.5807495117188,174.01376342773438,2721.812744140625,887.006591796875,3141.15576171875,992.3120727539062,797.9445190429688,2260.502685546875,419.42755126953125,830.0988159179688,1437.5513916015625,707.5750732421875,353.67230224609375,8553.0869140625,508.3505859375,987.0684814453125,100.88027954101562,3202.657958984375,914.0047607421875,218.81297302246094,187.3617706298828
2023-02-14,4227.86279296875,868.4493408203125,3638.505859375,1000.809326171875,172.95196533203125,2739.9208984375,889.6923217773438,3066.84326171875,1003.412109375,805.3303833007812,2243.69189453125,426.3901672363281,844.3948364257812,1461.213134765625,713.2904663085938,352.9844055175781,8519.1064453125,511.5188903808594,978.804443359375,101.34410095214844,3218.936767578125,922.7117309570312,222.6754150390625,189.4664306640625
2023-02-15,4444.8095703125,866.005859375,3666.009765625,1003.1937255859375,173.89125061035156,2770.248291015625,886.0558471679688,3197.650146484375,1010.0542602539062,803.6945190429688,2269.724853515625,425.5566711425781,849.7620239257812,1464.6983642578125,716.5424194335938,356.0050964355469,8587.9423828125,512.843017578125,967.7694091796875,102.318115234375,3237.835693359375,976.8226928710938,221.824951171875,190.54214477539062
2023-02-16,4598.56884765625,862.4652099609375,3667.136474609375,1007.767822265625,175.97402954101562,2823.296875,885.947998046875,3176.3564453125,1005.8192138671875,800.783447265625,2256.22265625,426.2921447753906,848.4446411132812,1469.0548095703125,717.3307495117188,356.49359130859375,8548.86328125,510.80963134765625,967.5264892578125,103.89509582519531,3272.231201171875,1030.4779052734375,223.13607788085938,191.71139526367188
2023-02-17,4570.392578125,852.6412353515625,3655.59033203125,998.2789306640625,177.64842224121094,2777.364013671875,884.1934814453125,3172.396728515625,989.2359619140625,796.7657470703125,2295.928955078125,421.1927185058594,841.8088989257812,1452.54638671875,717.7741088867188,350.7712097167969,8551.4365234375,502.2031555175781,957.1720581054688,104.12699890136719,3219.902587890625,1029.520263671875,222.53367614746094,190.02764892578125
2023-02-20,4566.33154296875,844.5127563476562,3664.508056640625,938.1827392578125,178.3018341064453,2846.85205078125,877.2244262695312,3177.708251953125,994.7191772460938,789.2835083007812,2288.594482421875,425.8508605957031,831.5137939453125,1460.4794921875,712.7977905273438,346.3946533203125,8440.6572265625,496.67041015625,957.0747680664062,104.21976470947266,3207.1650390625,1043.1962890625,220.3012237548828,190.37844848632812
2023-02-21,4458.82373046875,841.8199462890625,3601.896728515625,940.0805053710938,174.8305206298828,2864.5185546875,879.449462890625,3161.918701171875,985.3578491210938,792.24267578125,2282.3466796875,423.154052734375,833.56298828125,1448.602783203125,709.5951538085938,344.9790344238281,8417.548828125,495.0625915527344,944.630126953125,104.96186828613281,3173.780517578125,1034.306884765625,218.3168182373047,188.36732482910156
2023-02-22,4406.38232421875,831.1481323242188,3605.275634765625,936.7715454101562,173.0336456298828,2866.432373046875,877.5968627929688,3138.306640625,974.1240234375,776.700927734375,2263.240478515625,421.3888854980469,818.9742431640625,1432.36962890625,689.7391357421875,339.06719970703125,8406.9658203125,488.3475646972656,941.664794921875,103.10660552978516,3128.30322265625,1026.3294677734375,214.9150848388672,184.8127899169922
2023-02-23,4405.34228515625,842.1190795898438,3597.01513671875,934.581787109375,175.52476501464844,2819.959716796875,872.2842407226562,3130.822509765625,975.6842651367188,771.4321899414062,2259.663818359375,428.00830078125,819.462158203125,1422.189453125,691.0693969726562,340.38311767578125,8443.1806640625,492.7454528808594,945.5051879882812,103.94147491455078,3139.569580078125,1029.15576171875,214.6670379638672,184.2515411376953
2023-02-24,4433.70654296875,849.1505126953125,3613.958740234375,936.0416259765625,177.2808380126953,2861.181396484375,880.4197998046875,3095.71875,976.130126953125,764.5514526367188,2250.74462890625,407.21832275390625,819.413330078125,1422.1435546875,675.0072631835938,338.4192199707031,8408.470703125,492.7926940917969,943.5606689453125,101.80791473388672,3127.291748046875,1020.220947265625,208.678466796875,183.94754028320312
2023-02-27,4403.0615234375,852.0927124023438,3416.737548828125,924.7522583007812,177.19918823242188,2805.5322265625,866.6776733398438,3023.723876953125,966.412109375,766.4521484375,2207.1904296875,403.8350524902344,835.7099609375,1384.220458984375,670.5728759765625,344.1316223144531,8380.99609375,499.0821228027344,938.2619018554688,98.42205047607422,3064.202392578125,1015.61669921875,203.6466522216797,182.56781005859375
2023-02-28,4365.2763671875,841.8697509765625,3436.77880859375,882.1253662109375,175.93316650390625,2773.241943359375,846.21142578125,2999.43603515625,960.7506103515625,769.6759643554688,2190.48388671875,391.4787902832031,834.1973266601562,1364.2728271484375,657.4669189453125,344.78961181640625,8373.373046875,494.4478454589844,930.04638671875,96.42762756347656,3046.72900390625,1003.1258544921875,190.18121337890625,181.02439880371094
2023-03-01,4377.32470703125,862.8641357421875,3502.91015625,875.5074462890625,178.66937255859375,2792.57666015625,851.6220703125,3031.208251953125,981.7024536132812,768.9302368164062,2201.349853515625,405.0608825683594,835.6123046875,1372.0684814453125,666.8283081054688,347.9100036621094,8509.1064453125,507.593994140625,932.6715087890625,97.86546325683594,3113.726318359375,1027.4234619140625,197.4455108642578,182.8484344482422
2023-03-02,4365.82275390625,843.2161865234375,3487.515625,862.7096557617188,182.0181427001953,2808.1328125,860.7180786132812,3018.364013671875,986.0265502929688,762.38623046875,2230.55224609375,402.8544006347656,833.3678588867188,1350.149169921875,665.2516479492188,343.28424072265625,8299.97265625,504.8039855957031,938.5050048828125,97.07698059082031,3054.637451171875,1011.8330688476562,194.82327270507812,181.49209594726562
2023-03-03,4371.87109375,850.3971557617188,3503.23876953125,855.1185302734375,182.09982299804688,2797.58203125,870.0004272460938,3020.102294921875,997.6614990234375,777.5189819335938,2228.922607421875,408.83642578125,847.56640625,1356.70654296875,672.3466186523438,349.12628173828125,8350.9453125,530.7653198242188,940.0606079101562,99.25691986083984,3073.6748046875,989.3590087890625,204.99319458007812,182.6145782470703
2023-03-06,4384.56591796875,857.2291259765625,3494.83740234375,857.3082885742188,183.6925506591797,2794.049072265625,870.2454833984375,3057.6689453125,1004.526611328125,783.0042724609375,2245.357177734375,406.48284912109375,846.78564453125,1382.5235595703125,664.4140625,349.12628173828125,8380.267578125,531.2382202148438,938.456298828125,98.0046157836914,3100.9892578125,993.8262939453125,203.36317443847656,184.15802001953125
2023-03-08,4339.8876953125,858.6751708984375,3577.583984375,853.7559814453125,183.65171813964844,2781.976806640625,867.7068481445312,3094.5595703125,999.1326293945312,784.568115234375,2243.86279296875,399.8634033203125,851.0305786132812,1368.9959716796875,665.5473022460938,346.9728698730469,8440.900390625,534.1701049804688,930.9214477539062,98.79310607910156,3118.048828125,983.1135864257812,202.01661682128906,183.62014770507812
2023-03-09,4381.6396484375,865.5071411132812,3579.7431640625,858.1354370117188,183.61083984375,2758.126953125,858.8263549804688,3038.83740234375,995.5663452148438,784.6402587890625,2212.849853515625,400.942138671875,835.2708129882812,1357.71533203125,670.2772827148438,342.28729248046875,8293.37109375,528.5901489257812,926.2547607421875,100.37007904052734,3068.80078125,966.4290161132812,202.33554077148438,182.4508819580078
2023-03-10,4281.57373046875,849.649169921875,3587.628173828125,857.6002197265625,183.2433319091797,2735.847900390625,861.6884765625,3009.286376953125,995.2544555664062,764.4071655273438,2209.68017578125,397.80401611328125,822.2920532226562,1349.5987548828125,669.4889526367188,338.8179931640625,8351.236328125,517.6664428710938,929.025634765625,100.27731323242188,3063.4208984375,967.5687866210938,198.3313751220703,181.98318481445312
2023-03-13,4309.0947265625,830.1507568359375,3546.841552734375,851.37158203125,180.34376525878906,2715.727783203125,856.7581787109375,2929.4208984375,979.4736328125,754.7357177734375,2161.462646484375,394.4697570800781,808.3863525390625,1316.16943359375,665.744384765625,333.7535705566406,8270.5068359375,501.2573547363281,927.6158447265625,99.07139587402344,3018.31103515625,1033.71435546875,197.5872039794922,180.27606201171875
2023-03-14,4264.0693359375,830.6494750976562,3522.85791015625,848.6952514648438,180.54794311523438,2705.9619140625,852.6707763671875,2913.486572265625,966.5012817382812,752.7147216796875,2149.14794921875,394.9111022949219,810.2892456054688,1302.32080078125,662.2461547851562,328.6392822265625,8264.439453125,496.9068603515625,930.6297607421875,98.70034790039062,2956.692626953125,1016.847412109375,198.01243591308594,177.46986389160156
2023-03-15,4293.0283203125,821.8727416992188,3501.361328125,854.437255859375,179.60865783691406,2724.36474609375,861.4827270507812,2903.829345703125,962.578369140625,741.9125366210938,2154.5810546875,398.2943420410156,805.94677734375,1301.9998779296875,669.7352905273438,332.1684265136719,8228.3212890625,489.4825439453125,924.9908447265625,100.78752136230469,2941.93212890625,1016.0269165039062,198.72113037109375,175.73936462402344
2023-03-16,4283.3583984375,828.3555297851562,3567.25830078125,859.7899780273438,180.3845977783203,2749.6865234375,859.3753051757812,2931.400634765625,956.1146850585938,746.7242431640625,2146.884521484375,377.50439453125,803.9951171875,1287.738525390625,652.7369995117188,331.68988037109375,8191.91259765625,496.0556335449219,940.5467529296875,97.44803619384766,2929.1484375,1019.0809936523438,194.92953491210938,174.38302612304688
2023-03-17,4310.58154296875,835.1875,3580.587890625,850.6417236328125,181.0380096435547,2739.773681640625,869.6475830078125,2872.636474609375,988.2554931640625,756.70849609375,2132.57763671875,389.0271301269531,816.0466918945312,1302.962890625,666.53271484375,337.5817565917969,8074.8212890625,501.0682067871094,931.1160278320312,99.25691986083984,2923.906982421875,1027.6514892578125,201.6268310546875,176.09010314941406
2023-03-20,4277.35888671875,835.3370361328125,3571.76416015625,843.4885864257812,177.2808380126953,2748.312255859375,870.2944946289062,2850.811279296875,972.56396484375,751.4637451171875,2118.270751953125,378.2889404296875,816.2418823242188,1287.3258056640625,658.403076171875,338.88775634765625,7980.4013671875,491.0430603027344,934.518798828125,96.93783569335938,2890.79833984375,1011.1036987304688,198.36679077148438,171.71710205078125
2023-03-21,4238.68115234375,853.33935546875,3666.29150390625,839.2550659179688,177.2808380126953,2716.610595703125,866.3541259765625,2834.200927734375,966.3675537109375,759.9803466796875,2127.05419921875,381.0347900390625,831.8065185546875,1275.4490966796875,656.0380859375,340.3233337402344,7988.9462890625,493.54931640625,929.6575317382812,97.16974639892578,2856.586669921875,998.9320678710938,201.05992126464844,171.3663330078125
2023-03-22,4249.689453125,847.4050903320312,3683.4228515625,840.2769775390625,174.74884033203125,2738.939453125,877.2537841796875,2845.548095703125,964.1832885742188,758.22412109375,2130.811767578125,385.1535339355469,839.4180908203125,1274.1192626953125,652.589111328125,339.984375,8012.248046875,493.26556396484375,945.067626953125,97.21612548828125,2879.302490234375,1002.5333251953125,202.22923278808594,171.3663330078125
2023-03-23,4237.7392578125,846.5573120117188,3626.162109375,845.82421875,174.2587890625,2751.158935546875,871.7647705078125,2827.34423828125,950.3192749023438,752.1373901367188,2139.233154296875,391.08648681640625,834.7828369140625,1260.6375732421875,658.0581665039062,334.90997314453125,8110.1142578125,484.9428405761719,950.5122680664062,97.30888366699219,2873.646240234375,1002.3965454101562,192.23648071289062,169.0745849609375
2023-03-24,4247.9541015625,837.680908203125,3593.260498046875,853.7559814453125,170.256591796875,2754.986328125,875.1366577148438,2809.86474609375,937.7037353515625,750.9345092773438,2094.72802734375,380.88763427734375,831.8065185546875,1266.23193359375,648.2040405273438,337.392333984375,8003.0244140625,477.94415283203125,945.8453979492188,94.71150970458984,2869.830078125,1004.6759033203125,191.1734161376953,169.19151306152344
2023-03-27,4282.41650390625,831.1481323242188,3574.157958984375,865.4832763671875,170.2157745361328,2776.775146484375,879.3513793945312,2786.63916015625,937.4808349609375,754.2064208984375,2090.4267578125,382.40771484375,828.1959228515625,1273.843994140625,649.2387084960938,339.9943542480469,8037.4423828125,482.48382568359375,956.1512451171875,94.89703369140625,2871.4853515625,1005.6332397460938,193.29953002929688,168.9576416015625
2023-03-28,4297.78857421875,830.2505493164062,3559.185791015625,865.6779174804688,170.62413024902344,2754.446533203125,887.4183349609375,2754.625244140625,928.2086181640625,760.3412475585938,2036.911865234375,385.3006286621094,834.0997314453125,1263.4345703125,650.3719482421875,338.73822021484375,7969.916015625,480.5450134277344,956.8803100585938,95.08255767822266,2865.599609375,975.81982421875,194.36257934570312,166.5957794189453
2023-03-29,4326.94580078125,840.3737182617188,3641.510009765625,863.9260864257812,173.9320831298828,2767.99072265625,895.4557495117188,2833.138427734375,951.7457885742188,763.9981689453125,2086.397216796875,391.3316955566406,830.4403076171875,1268.8916015625,668.9962158203125,343.1546325683594,8053.8994140625,488.4894714355469,964.3665771484375,96.10295867919922,2886.751953125,985.6663208007812,199.67787170410156,167.9287109375
2023-03-31,4275.275390625,856.231689453125,3646.625732421875,876.38330078125,174.50381469726562,2771.033447265625,906.2279663085938,2847.769287109375,967.571044921875,774.4635620117188,2125.5146484375,397.5098571777344,856.05615234375,1309.612060546875,678.0619506835938,345.5074157714844,8050.84130859375,495.3462829589844,955.8109130859375,96.93783569335938,2948.36962890625,1004.584716796875,194.5043487548828,170.82847595214844
2023-04-03,4199.3583984375,862.3154907226562,3748.9443359375,867.57568359375,179.81285095214844,2821.431884765625,912.84423828125,2901.318359375,979.0722045898438,774.9447631835938,2201.349853515625,394.76397705078125,862.4479370117188,1293.92919921875,672.2481079101562,348.0695495605469,8255.603515625,498.18359375,951.873291015625,96.56678009033203,2942.943359375,1005.8155517578125,200.1385498046875,172.0912628173828
2023-04-05,4166.23486328125,858.2264404296875,3776.542236328125,871.7605590820312,181.73228454589844,2836.25244140625,918.0,2833.18701171875,990.7073364257812,795.7311401367188,2202.34619140625,395.4994812011719,863.228515625,1305.5767822265625,676.53466796875,349.3056945800781,8201.232421875,494.6369934082031,969.4708862304688,97.26250457763672,2979.546875,1006.0889892578125,202.8670654296875,172.93313598632812
2023-04-06,4167.22705078125,849.6990356445312,3786.351806640625,869.4248657226562,181.078857421875,2867.31591796875,921.2542114257812,2860.178466796875,973.4554443359375,801.7938232421875,2197.139404296875,397.4117736816406,853.8605346679688,1304.0633544921875,672.7407836914062,350.342529296875,8268.80859375,499.0347900390625,984.0059204101562,96.7986831665039,2961.98095703125,996.2880859375,208.55421447753906,171.48326110839844
2023-04-10,4201.98681640625,845.111083984375,3812.635498046875,877.6971435546875,181.36473083496094,2855.734375,933.0653686523438,2868.62890625,983.4852905273438,797.9926147460938,2228.107177734375,403.49188232421875,847.4688110351562,1309.291015625,678.4561767578125,350.78118896484375,8286.76953125,497.7580261230469,980.6029663085938,97.35527038574219,3001.250732421875,1009.5079956054688,206.03506469726562,174.59347534179688
2023-04-11,4236.00341796875,851.04541015625,3921.3369140625,882.8552856445312,182.6715850830078,2873.1064453125,933.7907104492188,2949.508056640625,969.1314697265625,800.326416015625,2236.43798828125,409.4738464355469,860.5938720703125,1289.6187744140625,703.1900024414062,368.1676940917969,8407.5498046875,503.24346923828125,981.2350463867188,99.76712036132812,2955.635009765625,1001.3024291992188,208.210693359375,173.16697692871094
2023-04-12,4284.49951171875,848.8013916015625,4023.280517578125,893.3660278320312,185.97950744628906,3152.579833984375,956.8544921875,3021.1162109375,975.8180541992188,810.7195434570312,2243.18359375,409.5719299316406,868.64453125,1309.93310546875,707.7721557617188,367.67919921875,8370.1689453125,499.5549621582031,988.4782104492188,99.8134994506836,2981.24755859375,1011.924072265625,210.38629150390625,174.0556182861328
2023-04-13,4361.95361328125,862.0662231445312,4025.486328125,891.2249145507812,184.1825714111328,3124.951416015625,951.3458251953125,3102.912841796875,955.6240844726562,814.352294921875,2215.79248046875,413.8868103027344,877.2806396484375,1274.0733642578125,710.13720703125,372.7535705566406,8418.4716796875,504.0473937988281,975.6446533203125,99.72073364257812,2932.689453125,990.9088745117188,210.46263122558594,172.2549591064453
2023-04-17,4350.44970703125,862.2656860351562,3993.570556640625,882.1739501953125,187.53138732910156,3104.046142578125,951.2282104492188,3118.316162109375,929.1891479492188,801.938232421875,2232.906494140625,420.408203125,879.525146484375,1154.0213623046875,710.6791381835938,377.86785888671875,8422.2099609375,514.4981689453125,970.9779052734375,99.39605712890625,2887.3037109375,939.0316162109375,212.98179626464844,169.0044403076172
2023-04-18,4302.79638671875,861.06884765625,3951.234619140625,899.497314453125,189.6549835205078,3209.99609375,963.010009765625,3151.68212890625,948.491455078125,798.5459594726562,2209.136962890625,423.20306396484375,875.1826171875,1154.984375,708.8561401367188,376.5020751953125,8478.5224609375,516.2477416992188,976.908447265625,99.8134994506836,2879.2568359375,934.700927734375,213.4398193359375,172.06790161132812
2023-04-19,4284.59814453125,871.09228515625,4004.318603515625,887.47802734375,188.18479919433594,3280.661865234375,962.4120483398438,3176.839111328125,926.0686645507812,801.4811401367188,2214.796630859375,424.674072265625,870.3522338867188,1130.084228515625,711.8123779296875,375.82415771484375,8427.35546875,510.998779296875,967.86669921875,100.27731323242188,2841.412353515625,924.3984985351562,214.92835998535156,168.7471923828125
2023-04-20,4312.4658203125,866.45458984375,4049.892578125,879.7896118164062,187.4905242919922,3143.746826171875,952.3848266601562,3135.65087890625,924.9990234375,804.46435546875,2217.151123046875,421.53594970703125,872.7918701171875,1122.013671875,705.35791015625,375.6446838378906,8461.0458984375,515.2547607421875,960.3318481445312,100.1845474243164,2855.391357421875,931.6010131835938,213.4398193359375,169.70599365234375
2023-04-21,4325.259765625,861.9166259765625,4044.21337890625,890.543701171875,187.89894104003906,3171.767578125,954.4529418945312,3090.986572265625,935.207275390625,805.7635498046875,2226.93017578125,414.1810302734375,864.2532348632812,1125.63623046875,700.2831420898438,377.5688171386719,8309.3916015625,513.6942749023438,961.984619140625,98.46842956542969,2906.938720703125,910.5858764648438,211.2642059326172,172.13803100585938
2023-04-24,4362.69775390625,879.9688110351562,4066.5546875,878.81640625,189.12408447265625,3133.686767578125,942.1712646484375,3073.699951171875,939.75439453125,812.2833251953125,2264.68896484375,419.52557373046875,882.8917846679688,1124.6734619140625,709.841552734375,378.2865905761719,8219.77734375,524.5232543945312,951.9705200195312,98.79310607910156,2919.76806640625,917.2869873046875,210.11912536621094,176.76829528808594
2023-04-25,4380.0029296875,876.0292358398438,4076.363525390625,885.288330078125,188.06227111816406,3166.663818359375,947.5034790039062,3107.64501953125,939.21923828125,800.7353515625,2261.700927734375,421.4869079589844,891.3816528320312,1123.389404296875,714.4237060546875,376.701416015625,8222.4482421875,531.332763671875,945.5051879882812,99.30329895019531,2920.871826171875,908.9902954101562,212.75279235839844,175.6925811767578
2023-04-26,4373.9541015625,885.3046875,4035.4833984375,886.699462890625,187.65390014648438,3160.333740234375,949.8167724609375,3137.003173828125,950.0072631835938,804.416259765625,2268.40185546875,416.5836181640625,892.8453369140625,1125.8197021484375,712.8963623046875,374.5680236816406,8259.341796875,535.6360473632812,944.289794921875,99.11776733398438,2941.2421875,908.3521118164062,210.84434509277344,175.17811584472656
2023-04-27,4380.99462890625,879.0712890625,4137.9892578125,889.4730834960938,189.28741455078125,3178.441650390625,964.2156372070312,3151.68212890625,955.0892944335938,808.843017578125,2271.57080078125,422.46759033203125,896.1631469726562,1142.9698486328125,721.4201049804688,380.54962158203125,8294.3427734375,534.122802734375,951.5330200195312,99.8598861694336,2931.862060546875,914.597412109375,210.7680206298828,175.10794067382812
2023-04-28,4476.400390625,857.7277221679688,4160.2841796875,883.7310791015625,190.3900909423828,3207.345947265625,966.4307861328125,3187.94482421875,964.927978515625,812.0187377929688,2316.801025390625,427.6650695800781,895.4801025390625,1148.931396484375,714.7193603515625,386.4215393066406,8339.5859375,546.9379272460938,960.234619140625,100.13817596435547,2960.6474609375,933.3333129882812,213.24896240234375,180.06561279296875
2023-05-02,4453.689453125,868.349609375,4222.28515625,893.1226806640625,192.84042358398438,3193.4091796875,970.4594116210938,3241.10791015625,968.056640625,811.8502807617188,2260.02587890625,437.52069091796875,899.8225708007812,1171.5843505859375,727.1355590820312,383.05194091796875,8521.435546875,544.1006469726562,946.039794921875,102.318115234375,2960.785400390625,960.4572143554688,214.5848846435547,181.63241577148438
2023-05-03,4478.1357421875,857.578125,4175.208984375,895.9937133789062,193.4938201904297,3208.18017578125,970.822021484375,3233.5751953125,960.2579345703125,814.689208984375,2266.13818359375,433.7451477050781,900.5545043945312,1163.97216796875,721.7650756835938,385.00592041015625,8541.2900390625,539.5609741210938,936.8522338867188,101.76152801513672,2924.45849609375,947.8297729492188,212.40924072265625,180.11236572265625
2023-05-04,4515.57421875,863.6620483398438,4184.45556640625,908.49951171875,193.94305419921875,3221.724609375,973.9096069335938,3224.835205078125,967.37646484375,831.3616333007812,2276.8681640625,436.88323974609375,899.4323120117188,1168.0074462890625,727.9238891601562,388.32568359375,8544.494140625,548.5457763671875,946.9634399414062,103.01384735107422,2961.98095703125,953.163330078125,212.33291625976562,179.4575958251953
2023-05-05,4564.46630859375,863.0137939453125,4189.52490234375,900.0325317382812,193.90220642089844,3229.82177734375,968.9107055664062,3240.093994140625,957.1749267578125,782.2103271484375,2306.523193359375,425.8508605957031,904.5554809570312,1154.755126953125,722.6519165039062,384.5572814941406,8688.236328125,545.235595703125,943.5120849609375,100.78752136230469,2971.177978515625,944.9122924804688,209.6992950439453,177.4464569091797
2023-05-08,4586.8798828125,876.1290283203125,4270.39404296875,908.3048706054688,190.18588256835938,3225.405029296875,961.970947265625,3276.59814453125,975.4921875,791.2562866210938,2332.873046875,436.44195556640625,915.2409057617188,1160.71630859375,722.1099243164062,390.56878662109375,8812.1220703125,551.9505004882812,935.1506958007812,101.62238311767578,2989.47900390625,951.2487182617188,213.05813598632812,177.8907928466797
2023-05-09,4555.09423828125,885.903076171875,4251.244140625,914.0469360351562,193.04458618164062,3320.50927734375,967.0973510742188,3265.97509765625,978.4393310546875,791.2803955078125,2346.63671875,431.8328552246094,911.8255004882812,1165.393798828125,714.0294799804688,389.6615905761719,8846.3955078125,542.3982543945312,930.872802734375,101.62238311767578,3019.506591796875,955.3060302734375,216.60781860351562,178.8028106689453
2023-05-10,4563.2763671875,887.5487670898438,4276.68310546875,919.107666015625,193.20797729492188,3361.7802734375,954.1687622070312,3299.630615234375,977.8046264648438,794.937255859375,2341.656494140625,428.00830078125,913.435546875,1158.56103515625,713.7831420898438,390.5389099121094,8901.3486328125,541.1688232421875,927.32421875,101.34410095214844,3022.771240234375,953.8015747070312,218.24908447265625,179.48098754882812
2023-05-11,4557.326171875,893.582763671875,4269.12646484375,918.3290405273438,192.88124084472656,3267.51025390625,888.437744140625,3288.5732421875,986.6912841796875,795.466552734375,2341.113037109375,412.71002197265625,916.509521484375,1152.003662109375,700.2337646484375,390.3893737792969,8991.400390625,542.3510131835938,934.3728637695312,100.69475555419922,3018.494873046875,951.8870849609375,214.85206604003906,179.9019012451172
2023-05-12,4567.193359375,908.2439575195312,4260.6787109375,912.34375,191.98280334472656,3253.622314453125,875.518798828125,3502.046142578125,993.4016723632812,802.4916381835938,2359.63037109375,396.92144775390625,921.0958862304688,1142.007080078125,692.3998413085938,390.917724609375,9024.8955078125,546.796142578125,929.463134765625,99.02500915527344,3011.275390625,953.9840087890625,210.00462341308594,179.24713134765625
2023-05-15,4587.6240234375,913.3803100585938,4284.755859375,898.0861206054688,194.14724731445312,3215.786376953125,885.801025390625,3533.093994140625,997.2554321289062,806.3409423828125,2437.5029296875,402.7563781738281,922.9012451171875,1154.0672607421875,695.2574462890625,393.3901672363281,8939.3583984375,550.3427124023438,926.54638671875,99.90625762939453,2993.572021484375,970.4861450195312,211.56956481933594,180.4163818359375
2023-05-16,4517.458984375,915.3750610351562,4260.162109375,897.4048461914062,196.8017578125,3218.681884765625,885.1148681640625,3508.6611328125,989.0487670898438,801.7174682617188,2432.16064453125,404.4725036621094,923.4867553710938,1159.524169921875,692.498291015625,388.2160339355469,8807.365234375,554.5040893554688,914.8309326171875,99.62797546386719,2996.42236328125,963.8761596679688,213.6306915283203,180.97763061523438
2023-05-17,4445.111328125,912.3829345703125,4251.71337890625,899.205322265625,197.33265686035156,3207.4443359375,878.537841796875,3504.363525390625,974.4042358398438,797.4102172851562,2465.61865234375,399.81439208984375,916.6558227539062,1143.5660400390625,684.9598999023438,380.6593017578125,8854.0185546875,554.5040893554688,909.9696044921875,98.32928466796875,2950.94482421875,961.0953979492188,213.32533264160156,178.8028106689453
2023-05-18,4405.29296875,912.2832641601562,4241.66943359375,890.0083618164062,195.6990966796875,3095.06591796875,867.0892944335938,3453.566650390625,979.25537109375,800.5980224609375,2476.666015625,398.6375732421875,923.6331176757812,1142.74072265625,681.9544067382812,384.298095703125,8789.8408203125,543.060302734375,903.8446044921875,97.58717346191406,2942.805419921875,956.1263427734375,212.63827514648438,178.943115234375
2023-05-19,4410.39990234375,921.6085205078125,4208.39208984375,891.7114868164062,195.94415283203125,3040.888671875,860.9827880859375,3448.49658203125,993.2654418945312,801.5227661132812,2456.609130859375,398.88275146484375,931.2446899414062,1163.742919921875,683.7280883789062,387.13934326171875,8840.958984375,543.9588012695312,900.1499633789062,97.07698059082031,2963.958251953125,977.5064697265625,215.2337188720703,180.62684631347656
2023-05-22,4567.2431640625,915.1256713867188,4245.9873046875,900.178466796875,194.9640350341797,3204.499755859375,873.8623657226562,3423.9189453125,1015.4821166992188,798.6755981445312,2437.729248046875,399.81439208984375,927.3900756835938,1185.662353515625,694.3212890625,386.8502502441406,8890.18359375,545.850341796875,911.4281616210938,97.40164184570312,3033.715087890625,1006.9551391601562,219.47047424316406,185.09341430664062
2023-05-23,4512.79638671875,913.7293701171875,4222.37890625,905.4826049804688,195.45407104492188,3323.061279296875,874.4308471679688,3478.144287109375,1004.147216796875,796.8018798828125,2454.300048828125,402.36407470703125,930.366455078125,1192.3114013671875,693.82861328125,383.1217041015625,8932.951171875,550.0590209960938,905.7403564453125,97.95822143554688,3032.197998046875,994.2366943359375,220.119384765625,185.98204040527344
2023-05-24,4498.96240234375,915.2752685546875,4240.68359375,912.8790283203125,196.84262084960938,3320.46044921875,885.9381713867188,3487.125244140625,1008.3184204101562,786.3868408203125,2479.88037109375,399.0298156738281,917.9244995117188,1191.0274658203125,685.8467407226562,380.8985595703125,9000.962890625,551.0993041992188,925.719970703125,97.58717346191406,3037.99169921875,1001.7582397460938,222.40948486328125,186.9408416748047
2023-05-25,4530.400390625,918.6163940429688,4359.33544921875,920.1295166015625,196.06666564941406,3371.987548828125,882.9388427734375,3526.333984375,1011.9912109375,783.3693237304688,2474.537841796875,396.43109130859375,917.1437377929688,1196.255126953125,686.4873657226562,384.8065185546875,9011.7392578125,549.7279663085938,918.7684326171875,97.26250457763672,3028.93310546875,1001.1656494140625,225.8065185546875,184.32171630859375
2023-05-26,4571.8056640625,924.5008544921875,4333.00537109375,925.8714599609375,197.25100708007812,3448.8857421875,888.2318115234375,3563.852294921875,1033.02880859375,786.3868408203125,2485.720703125,405.55120849609375,927.7316284179688,1208.2694091796875,691.4636840820312,387.8172607421875,9126.40234375,554.220458984375,942.977294921875,98.70034790039062,3061.4892578125,1016.3460693359375,227.21878051757812,187.8762664794922
2023-05-29,4602.10302734375,927.34326171875,4335.39892578125,930.6402587890625,201.00814819335938,3413.40576171875,893.1915893554688,3584.228759765625,1021.240234375,795.9744873046875,2514.469970703125,411.7784118652344,925.2432861328125,1205.4722900390625,691.9563598632812,389.4422912597656,9061.88671875,562.7322998046875,941.567626953125,100.60198974609375,3053.626708984375,1015.7079467773438,229.2798614501953,186.98760986328125
2023-05-30,4561.14453125,934.97314453125,4310.42919921875,934.1438598632812,199.5379638671875,3393.92333984375,885.8696899414062,3552.263671875,1029.9908447265625,796.5828857421875,2516.507568359375,405.1099548339844,926.999755859375,1214.13916015625,694.3212890625,393.7290954589844,9110.2861328125,560.651611328125,932.9632568359375,99.30329895019531,3049.809814453125,1001.4393310546875,232.33042907714844,188.25039672851562
2023-05-31,4583.75634765625,912.4328002929688,4287.1962890625,927.5259399414062,197.04678344726562,3379.79052734375,882.370361328125,3546.082763671875,1038.37890625,783.9777221679688,2499.076904296875,398.0491943359375,926.2190551757812,1209.0491943359375,686.1423950195312,401.634765625,9095.091796875,559.0607299804688,948.2760009765625,98.14376068115234,3025.25439453125,1017.0752563476562,226.39198303222656,188.7882537841797
2023-06-01,4774.46630859375,917.27001953125,4358.96044921875,938.91259765625,188.1439666748047,3460.07421875,892.3681640625,3588.67138671875,1035.477294921875,780.6439208984375,2535.7490234375,398.490478515625,913.484375,1210.1495361328125,683.7280883789062,384.82647705078125,9056.837890625,561.8568115234375,960.2831420898438,98.28289794921875,3056.98291015625,1021.8619384765625,226.2292938232422,190.4252166748047
2023-06-02,4926.25146484375,923.653076171875,4382.8974609375,939.983154296875,188.5931854248047,3446.5302734375,903.8167724609375,3572.591796875,1031.0791015625,781.8606567382812,2619.28125,412.6119384765625,915.48486328125,1207.361328125,696.2921752929688,386.5611267089844,9209.3173828125,566.1472778320312,971.852783203125,100.1845474243164,3040.060791015625,1023.9589233398438,227.8562774658203,189.3962860107422
2023-06-05,4909.29296875,948.3377075195312,4421.33740234375,948.6934814453125,187.61305236816406,3398.143798828125,902.464111328125,3547.33837890625,1032.212890625,780.838623046875,2599.315185546875,411.5823059082031,923.8770751953125,1212.473388671875,701.76123046875,383.7996520996094,9303.251953125,566.1472778320312,980.7489624023438,101.48324584960938,3024.701904296875,1011.4227294921875,226.39198303222656,189.04550170898438
2023-06-06,4899.27734375,965.641845703125,4436.5439453125,946.01708984375,186.06117248535156,3472.3427734375,908.9529418945312,3578.0966796875,1023.4166259765625,778.4052124023438,2630.283203125,407.5125427246094,919.33935546875,1188.772216796875,702.4509887695312,390.60870361328125,9452.8671875,564.3635864257812,985.65869140625,101.11219024658203,2972.64892578125,990.3617553710938,225.6598358154297,187.05776977539062
2023-06-07,4984.9130859375,974.1692504882812,4487.703125,934.7278442382812,188.42984008789062,3476.465087890625,916.2258911132812,3599.632080078125,1023.8248291015625,782.4446411132812,2678.45556640625,414.4261779785156,917.4853515625,1198.020263671875,719.1043701171875,386.6907653808594,9425.0029296875,568.0755615234375,986.4364013671875,103.4312744140625,3011.8271484375,998.9776000976562,226.5140380859375,188.3907012939453
2023-06-08,4885.93798828125,959.5579833984375,4506.38330078125,939.5452270507812,186.3061981201172,3434.8505859375,911.452392578125,3532.031494140625,1021.7392578125,782.9312744140625,2684.613037109375,410.16033935546875,915.2409057617188,1192.3040771484375,737.8765258789062,376.1431579589844,9377.525390625,567.400634765625,959.6026000976562,103.10660552978516,2976.4658203125,976.7316284179688,225.78187561035156,186.8706817626953
2023-06-09,4885.98828125,972.174560546875,4452.642578125,943.2921142578125,185.9386749267578,3365.21533203125,914.8634033203125,3458.540283203125,1006.3235473632812,783.8560791015625,2625.30322265625,407.0221862792969,915.38720703125,1176.642822265625,737.5809326171875,373.2520751953125,9347.62109375,557.9520263671875,956.6373291015625,101.0194320678711,2951.496337890625,969.2098388671875,225.131103515625,185.81834411621094
2023-06-12,4884.0537109375,971.6260375976562,4477.28369140625,934.2412109375,187.0413055419922,3374.73583984375,916.5983276367188,3467.521484375,1033.4368896484375,779.0865478515625,2653.4638671875,408.73834228515625,913.3380126953125,1200.8084716796875,736.3983764648438,374.73748779296875,9272.5244140625,557.9038696289062,958.095703125,101.57601165771484,2986.076171875,979.876953125,226.02590942382812,185.02325439453125
2023-06-13,4910.1357421875,983.2451782226562,4464.423828125,955.2140502929688,187.00048828125,3423.072998046875,921.763916015625,3469.500732421875,1025.8651123046875,780.4005126953125,2673.429931640625,413.2493896484375,920.7543334960938,1212.7987060546875,745.612060546875,370.0519104003906,9240.53125,555.7344970703125,960.6720581054688,103.10660552978516,2983.133544921875,984.1163940429688,226.14796447753906,184.99986267089844
2023-06-14,4967.60693359375,975.1167602539062,4440.25244140625,952.4890747070312,187.00048828125,3421.35546875,921.1758422851562,3449.607421875,1029.9908447265625,779.548828125,2654.55029296875,416.8287658691406,917.094970703125,1208.66259765625,761.57568359375,371.78656005859375,9255.095703125,555.8790893554688,959.3109741210938,105.5648422241211,2989.893310546875,982.4752197265625,228.58839416503906,185.42080688476562
2023-06-15,5175.6240234375,974.5681762695312,4432.1318359375,971.466796875,186.71461486816406,3514.693603515625,941.6517944335938,3413.53759765625,1037.0186767578125,769.961181640625,2574.36865234375,414.8674621582031,904.2138671875,1196.02197265625,759.3585205078125,365.5757141113281,9315.630859375,546.189453125,960.9637451171875,105.5184555053711,2979.9326171875,986.03125,228.83241271972656,181.9130401611328
2023-06-16,5157.078125,978.9566040039062,4357.41162109375,979.1065673828125,186.67376708984375,3513.270263671875,963.5294799804688,3417.593505859375,1041.190185546875,780.0355224609375,2564.408447265625,418.69207763671875,911.6303100585938,1200.52978515625,764.7782592773438,370.3410339355469,9324.2236328125,550.7691040039062,964.4638671875,105.98226928710938,2941.57568359375,982.110595703125,227.81558227539062,178.3350830078125
2023-06-19,5102.48291015625,963.0986328125,4315.54541015625,984.1672973632812,185.53025817871094,3518.32470703125,956.4623413085938,3376.7919921875,1031.532470703125,780.7169799804688,2519.6318359375,417.9075012207031,900.8472290039062,1202.7139892578125,760.3932495117188,363.7911682128906,9254.6103515625,548.4551391601562,973.9917602539062,105.84312438964844,2974.466552734375,997.0630493164062,228.2223358154297,177.7972412109375
2023-06-20,5119.392578125,972.2742919921875,4376.232421875,984.0699462890625,185.61195373535156,3500.118408203125,960.8143310546875,3439.99853515625,1059.734375,782.3473510742188,2536.02099609375,420.65338134765625,903.1892700195312,1211.450927734375,761.8713989257812,367.6692199707031,9215.87109375,547.0571899414062,964.4152221679688,105.98226928710938,2990.4951171875,1009.5991821289062,229.93063354492188,178.89634704589844
2023-06-21,5076.451171875,963.4476928710938,4365.10888671875,981.8802490234375,186.59207153320312,3444.51806640625,962.617919921875,3448.06201171875,1061.3662109375,796.023193359375,2556.711669921875,412.8080749511719,902.3598022460938,1207.6865234375,747.681396484375,367.978271484375,9166.1123046875,546.0447387695312,964.3665771484375,105.65760040283203,3018.75390625,1021.041259765625,228.79176330566406,180.29945373535156
2023-06-22,5024.13671875,964.0460815429688,4329.39111328125,971.5640258789062,185.36691284179688,3478.1826171875,960.4713745117188,3436.618408203125,1054.9735107421875,799.9166870117188,2558.06982421875,411.92547607421875,903.3844604492188,1191.142333984375,741.3746948242188,366.0940856933594,9129.4130859375,542.7667236328125,962.81103515625,106.4239273071289,3000.501220703125,1020.2664794921875,228.3036651611328,178.8028106689453
2023-06-23,5003.755859375,955.8677978515625,4339.248046875,962.9025268554688,184.50927734375,3398.78173828125,978.9869995117188,3417.88330078125,1056.560302734375,799.8680419921875,2514.017333984375,400.5989074707031,901.1887817382812,1175.7598876953125,735.6100463867188,364.5887145996094,9055.8662109375,534.716064453125,963.9291381835938,104.987060546875,2979.979736328125,1017.0297241210938,224.68368530273438,177.70372009277344
2023-06-26,4995.32666015625,958.0120239257812,4324.509765625,994.5321044921875,183.20248413085938,3468.85888671875,988.337890625,3429.906494140625,1058.6915283203125,795.9988403320312,2581.794189453125,406.6789855957031,905.0433349609375,1180.732421875,737.8765258789062,363.4721374511719,9194.6083984375,537.0781860351562,967.3319091796875,105.22653198242188,2955.24169921875,1013.7476806640625,227.61219787597656,178.1480255126953
2023-06-27,5100.30126953125,970.6785278320312,4334.9765625,982.2208251953125,183.896728515625,3516.9013671875,985.2012939453125,3414.551513671875,1060.958251953125,807.2169799804688,2575.319580078125,409.66998291015625,913.484375,1188.91162109375,751.376708984375,367.8088073730469,9185.67578125,545.8037719726562,973.9917602539062,106.08866119384766,2962.37548828125,1020.8590698242188,227.40884399414062,178.943115234375
2023-06-28,5084.533203125,975.615478515625,4427.2041015625,982.8534545898438,185.61195373535156,3534.813232421875,1001.3253784179688,3423.339599609375,1061.18505859375,815.7583618164062,2561.419921875,412.0726013183594,914.8017578125,1202.1099853515625,771.9718017578125,366.9813537597656,9263.0087890625,549.37109375,993.4366455078125,106.85498809814453,2979.14501953125,1010.2830200195312,227.73423767089844,178.52218627929688
2023-06-30,5056.07080078125,984.8409423828125,4538.69921875,987.7681884765625,188.6748809814453,3517.1962890625,1011.47021484375,3457.38134765625,1077.235595703125,828.047119140625,2635.082275390625,412.8080749511719,912.0205688476562,1241.286376953125,773.351318359375,368.17767333984375,9504.1796875,552.3117065429688,1022.4093017578125,107.28604888916016,3059.566650390625,1031.0247802734375,226.10726928710938,182.00656127929688
2023-07-03,5026.61572265625,979.505126953125,4460.43505859375,974.9703369140625,189.20574951171875,3521.072998046875,999.4531860351562,3506.391845703125,1071.477294921875,837.002197265625,2624.804931640625,417.41717529296875,919.7785034179688,1239.61328125,782.4171752929688,367.6593017578125,9391.5068359375,564.4600219726562,1004.0339965820312,108.33975219726562,3031.817138671875,1022.4545288085938,226.2292938232422,183.15245056152344
2023-07-04,5067.7236328125,968.13525390625,4474.7041015625,984.7511596679688,189.3282928466797,3484.31689453125,1017.1161499023438,3285.193115234375,1079.6383056640625,841.0902709960938,2743.469970703125,417.56427001953125,921.8766479492188,1250.2554931640625,785.0285034179688,371.1983642578125,9366.6513671875,568.123779296875,1019.687255859375,107.6692123413086,3065.681396484375,1046.6607666015625,225.78187561035156,185.18695068359375
2023-07-05,5035.68994140625,963.9462890625,4730.73193359375,983.7293090820312,189.00157165527344,3678.50048828125,1015.14599609375,3196.298583984375,1083.447021484375,814.3712158203125,2859.7353515625,413.3474426269531,934.8553466796875,1252.25390625,780.3477783203125,371.8264465332031,9701.5146484375,569.4253540039062,1015.7009887695312,108.19606018066406,3075.965576171875,1071.2774658203125,225.7005157470703,184.2281494140625
2023-07-06,5239.39306640625,978.358154296875,4757.4814453125,993.8994750976562,191.61524963378906,3667.606689453125,1025.6240234375,3111.74951171875,1070.61572265625,815.1986694335938,2872.322265625,418.1526794433594,936.2215576171875,1249.09375,783.9445190429688,374.3088073730469,9572.4833984375,571.2572631835938,1013.5620727539062,107.90869140625,3078.698486328125,1075.15234375,227.77491760253906,185.3038787841797
2023-07-07,5103.72314453125,975.1134643554688,4676.50830078125,993.3155517578125,191.12518310546875,3600.669921875,1015.95947265625,3075.63134765625,1049.7139892578125,808.093017578125,2850.6806640625,414.5242614746094,923.5355224609375,1236.360107421875,776.89892578125,369.56341552734375,9563.5986328125,572.3178100585938,1006.9507446289062,106.90287780761719,3084.582275390625,1053.9547119140625,228.2223358154297,185.1401824951172
2023-07-10,5115.72314453125,962.4840087890625,4738.37451171875,989.4713745117188,190.92100524902344,3572.501708984375,1010.55859375,3065.10498046875,1019.698974609375,806.1705932617188,2828.496337890625,419.57464599609375,925.4872436523438,1235.3843994140625,798.7749633789062,372.2351989746094,9452.96484375,571.3536376953125,1015.9927368164062,110.44715881347656,3031.4931640625,1045.8858642578125,229.6052703857422,182.38075256347656
2023-07-11,5213.5576171875,951.6516723632812,4757.4326171875,1000.2741088867188,191.12518310546875,3573.97412109375,1020.614990234375,3141.5419921875,1010.9935913085938,802.2527465820312,2809.39013671875,416.4365234375,922.12060546875,1253.4622802734375,789.0773315429688,372.1753845214844,9612.046875,567.4488525390625,1042.486328125,110.303466796875,3031.909912109375,1058.92333984375,225.78187561035156,183.36289978027344
2023-07-12,5208.64892578125,948.456787109375,4719.51025390625,994.8240356445312,191.45187377929688,3566.17138671875,1025.1885986328125,3178.818603515625,1007.0490112304688,794.7334594726562,2787.884521484375,416.6326599121094,921.5838623046875,1239.2415771484375,797.2907104492188,374.4683532714844,9549.568359375,568.123779296875,1048.8057861328125,109.87240600585938,3020.328369140625,1057.0545654296875,225.8632354736328,183.26937866210938
2023-07-13,5139.17724609375,958.59033203125,4707.90087890625,993.3641967773438,187.77639770507812,3553.8046875,1015.9918212890625,3145.501220703125,1005.4619750976562,798.699951171875,2782.677978515625,426.7825012207031,932.61083984375,1268.7982177734375,793.7777709960938,372.7934875488281,9366.7978515625,564.65283203125,1045.791748046875,110.0160903930664,3095.052001953125,1071.50537109375,226.1885986328125,184.4152374267578
2023-07-14,5129.0615234375,955.495361328125,4701.2744140625,1003.2910766601562,188.7156982421875,3609.0615234375,1006.0342407226562,3232.3681640625,1043.683837890625,800.354736328125,2839.9052734375,438.3052062988281,936.8557739257812,1325.3553466796875,796.4495239257812,372.6539001464844,9324.17578125,563.4476928710938,1043.1668701171875,112.21929168701172,3256.356689453125,1120.1915283203125,231.7202911376953,189.4430389404297
2023-07-17,5176.16943359375,963.28271484375,4675.685546875,1004.994140625,188.0214385986328,3595.026611328125,1033.239501953125,3235.072265625,1046.2227783203125,817.0966796875,2799.4296875,438.45233154296875,945.2968139648438,1322.567138671875,789.8195190429688,378.2467346191406,9407.576171875,579.5488891601562,1047.6876220703125,112.79403686523438,3235.09326171875,1132.727783203125,230.90679931640625,194.213623046875
2023-07-18,5119.9384765625,962.0846557617188,4702.24169921875,1003.1937255859375,186.42874145507812,3559.4482421875,1025.583740234375,3234.4443359375,1058.4193115234375,816.4153442382812,2821.885986328125,435.902587890625,951.8836669921875,1371.1309814453125,782.6451416015625,377.0105285644531,9384.37109375,571.1126098632812,1037.5279541015625,111.69243621826172,3239.865234375,1137.4232177734375,228.9544677734375,195.12564086914062
2023-07-19,5132.830078125,962.7335815429688,4666.4951171875,1008.059814453125,186.71461486816406,3570.636962890625,1031.5799560546875,3215.9990234375,1060.096923828125,820.1141357421875,2804.00244140625,430.7051086425781,949.9320068359375,1370.8988037109375,783.6347045898438,380.1508483886719,9327.9609375,579.8864135742188,1051.819580078125,111.78822326660156,3215.03466796875,1134.82470703125,230.74411010742188,195.47642517089844
2023-07-20,5152.51708984375,976.3115234375,4710.07763671875,1028.254150390625,187.65390014648438,3598.60888671875,1054.8834228515625,3203.396728515625,1057.1243896484375,821.8905639648438,2795.400390625,433.0096435546875,971.546875,1347.2442626953125,790.7100219726562,390.17999267578125,9488.1123046875,588.1780395507812,1067.1812744140625,112.0277099609375,3217.125244140625,1142.346435546875,229.56460571289062,195.3361053466797
2023-07-21,5161.88818359375,969.72216796875,4704.27294921875,1029.1370849609375,187.0413055419922,3619.9560546875,1044.78759765625,3201.851318359375,1020.2191772460938,815.5636596679688,2808.89208984375,426.09600830078125,972.9130859375,1237.6614990234375,778.2415771484375,392.8318786621094,9485.732421875,593.0469360351562,1066.695068359375,111.69243621826172,3128.877685546875,1118.16064453125,226.35130310058594,189.27935791015625
2023-07-24,5137.98681640625,969.921875,4723.669921875,1029.1370849609375,188.63400268554688,3617.698486328125,1065.2359619140625,3194.463623046875,1017.8868408203125,816.8533325195312,2837.8681640625,424.5760192871094,968.0338745117188,1242.3087158203125,767.5543212890625,378.2865905761719,9412.6728515625,595.5055541992188,1069.85498046875,110.63874053955078,3153.447509765625,1087.0513916015625,220.69760131835938,188.97532653808594
2023-07-25,5169.12890625,960.9364624023438,4690.97119140625,1034.82763671875,187.81723022460938,3650.479736328125,1071.89404296875,3212.184326171875,1016.6521606445312,825.7109985351562,2843.52734375,440.805908203125,970.6686401367188,1240.4498291015625,792.1943969726562,373.9499206542969,9474.615234375,587.744140625,1064.6534423828125,114.23090362548828,3157.53466796875,1082.0458984375,225.2530975341797,187.26821899414062
2023-07-26,5113.14501953125,975.2132568359375,4711.7705078125,1048.31787109375,188.2664794921875,3612.25146484375,1081.822021484375,3238.693359375,1019.8076171875,822.8395385742188,2848.416748046875,440.3155517578125,972.3764038085938,1253.694580078125,797.0432739257812,377.89776611328125,9472.4306640625,593.09521484375,1081.1328125,114.90143585205078,3147.456298828125,1069.6019287109375,226.92074584960938,188.36732482910156
2023-07-27,5172.4013671875,958.3407592773438,4692.95458984375,1149.3232421875,187.0821533203125,3672.562744140625,1088.0157470703125,3213.825927734375,1021.9569091796875,814.2982177734375,2872.45361328125,442.6690979003906,966.326171875,1257.6912841796875,785.4653930664062,373.6009826660156,9469.7607421875,594.4449462890625,1103.44580078125,114.75775909423828,3155.4443359375,1029.0894775390625,225.4564971923828,187.05776977539062
2023-07-28,5302.7646484375,948.4069213867188,4733.10205078125,1155.5533447265625,185.4894256591797,3669.765625,1103.031005859375,3240.1904296875,1009.3352661132812,799.8680419921875,2905.005859375,442.7672119140625,972.1324462890625,1245.9337158203125,795.7568969726562,374.2190856933594,9388.884765625,593.962890625,1110.8609619140625,115.52408599853516,3116.89453125,1020.809326171875,226.79872131347656,186.49652099609375
2023-07-31,5130.69873046875,952.3505249023438,4770.73486328125,1152.8062744140625,187.2455291748047,3616.0302734375,1114.38134765625,3250.137451171875,1021.3624267578125,803.615478515625,2933.575439453125,453.65252685546875,974.181640625,1260.061279296875,808.225341796875,370.1715393066406,9534.9560546875,597.9641723632812,1115.593017578125,117.96675872802734,3178.249755859375,1043.685302734375,224.52099609375,189.4430389404297
2023-08-01,4990.8134765625,958.3407592773438,4763.52783203125,1156.093017578125,196.31170654296875,3572.060302734375,1119.6368408203125,3298.8095703125,1041.301513671875,808.993408203125,2840.5419921875,455.1235046386719,970.5222778320312,1268.89111328125,812.33203125,368.86553955078125,9433.9833984375,589.9134521484375,1115.6417236328125,118.0146484375,3206.674560546875,1069.882568359375,225.2530975341797,190.33168029785156
2023-08-02,4955.45849609375,943.7145385742188,4674.67041015625,1146.23291015625,191.57440185546875,3622.21337890625,1118.332763671875,3218.4619140625,1034.35009765625,798.407958984375,2741.052978515625,445.70916748046875,963.1058959960938,1261.130126953125,795.8557739257812,363.6216735839844,9372.865234375,576.993896484375,1107.64111328125,113.94352722167969,3196.084228515625,1071.8941650390625,221.38906860351562,188.3907012939453
2023-08-03,4955.01220703125,934.0302734375,4669.05859375,1143.8291015625,187.89894104003906,3657.251953125,1118.1451416015625,3263.8505859375,1029.4112548828125,792.6407470703125,2703.464111328125,444.5323791503906,941.6862182617188,1268.0545654296875,796.0537719726562,363.5319519042969,9353.1669921875,569.3289794921875,1113.251220703125,113.22509765625,3158.27783203125,1069.227783203125,206.66505432128906,186.9174346923828
2023-08-04,4939.14453125,950.7031860351562,4558.4833984375,1186.89990234375,190.92100524902344,3675.997802734375,1116.1793212890625,3244.39111328125,1046.6519775390625,804.1021728515625,2696.41357421875,448.16082763671875,947.0533447265625,1281.1134033203125,797.5380859375,366.8744812011719,9281.3310546875,552.74560546875,1111.251220703125,113.99142456054688,3198.779052734375,1099.541748046875,200.97067260742188,191.22030639648438
2023-08-07,4972.96240234375,945.861083984375,4517.9482421875,1200.537353515625,190.2675323486328,3838.087890625,1112.4552001953125,3240.818359375,1052.55126953125,803.6398315429688,2704.97509765625,455.8589782714844,952.078857421875,1294.72998046875,804.56396484375,365.4875793457031,9333.6640625,547.539306640625,1132.5699462890625,113.84773254394531,3236.400146484375,1107.4478759765625,193.56800842285156,192.2960205078125
2023-08-08,4981.83935546875,951.3521728515625,4498.64794921875,1242.52880859375,188.06227111816406,3775.12646484375,1117.8388671875,3256.414794921875,1043.9080810546875,802.9828491210938,2808.31005859375,445.9543151855469,956.2262573242188,1292.1275634765625,792.9365844726562,364.7791748046875,9352.0400390625,552.552734375,1120.71533203125,113.17720031738281,3223.90576171875,1127.797607421875,195.27630615234375,194.7280731201172
2023-08-09,4940.185546875,948.456787109375,4514.513671875,1242.136474609375,191.73776245117188,3668.440673828125,1159.93115234375,3295.622802734375,1046.4691162109375,803.2747802734375,2801.717041015625,459.8306884765625,957.0133056640625,1296.0313720703125,814.8554077148438,365.4775695800781,9274.17578125,553.1795043945312,1124.764404296875,115.14091491699219,3216.382080078125,1148.942626953125,198.53024291992188,195.40625
2023-08-10,4881.82177734375,938.2235107421875,4485.53955078125,1235.1705322265625,191.86026000976562,3676.09619140625,1156.0093994140625,3297.650634765625,1037.4599609375,796.1448364257812,2779.923583984375,459.8306884765625,948.552001953125,1291.1051025390625,822.8214111328125,359.3613586425781,9209.9833984375,553.0831298828125,1122.3253173828125,114.94933319091797,3197.431640625,1156.2403564453125,198.3675537109375,195.80380249023438
2023-08-11,4865.6064453125,935.6776123046875,4449.21240234375,1226.585693359375,191.86026000976562,3640.131591796875,1150.44775390625,3273.025146484375,1071.438232421875,787.846923828125,2745.40234375,453.5054016113281,937.4833984375,1275.0718994140625,812.0846557617188,357.4855651855469,9170.046875,553.565185546875,1104.8118896484375,115.23670959472656,3203.655029296875,1141.878662109375,193.7713623046875,193.18466186523438
2023-08-14,4781.01220703125,938.4231567382812,4466.2880859375,1212.2615966796875,191.0435028076172,3690.986572265625,1150.5169677734375,3259.843505859375,1071.0267333984375,784.0021362304688,2756.802490234375,444.96734619140625,944.0753784179688,1295.2412109375,791.1058959960938,358.0143737792969,9135.55078125,540.6937866210938,1106.6654052734375,113.17720031738281,3204.630859375,1141.2236328125,190.35475158691406,194.16683959960938
2023-08-16,4901.06201171875,931.5343017578125,4450.71240234375,1220.0615234375,190.3492431640625,3672.732177734375,1157.3330078125,3248.615478515625,1076.6517333984375,781.714599609375,2730.33935546875,439.4397888183594,941.0745239257812,1318.4310302734375,786.9992065429688,356.43792724609375,9231.49609375,545.0806274414062,1115.8369140625,111.06979370117188,3212.57275390625,1148.80224609375,192.3884735107422,195.80380249023438
2023-08-17,4852.318359375,935.0286254882812,4506.09765625,1217.5595703125,189.73667907714844,3615.990234375,1161.837646484375,3220.54443359375,1076.239990234375,777.3831787109375,2738.85546875,441.8087463378906,936.3027954101562,1311.971435546875,781.5071411132812,352.3471374511719,9188.12890625,551.6368408203125,1116.958984375,111.16558837890625,3191.533203125,1152.451171875,190.35475158691406,195.28933715820312
2023-08-18,4817.14599609375,941.5181274414062,4465.17529296875,1213.0465087890625,189.03024291992188,3616.138427734375,1160.61279296875,3270.486328125,1073.49609375,774.1953125,2680.251708984375,433.81353759765625,935.3189086914062,1290.826416015625,778.884765625,349.37384033203125,9267.2666015625,552.408203125,1107.2998046875,110.92611694335938,3127.762939453125,1132.8499755859375,189.82598876953125,192.55328369140625
2023-08-21,4900.9033203125,951.0525512695312,4460.62890625,1210.49560546875,191.2326202392578,3626.37890625,1167.8043212890625,3286.0595703125,1078.572509765625,773.5869750976562,2684.326171875,443.58544921875,939.7955322265625,1306.2552490234375,786.4549560546875,351.279541015625,9250.3603515625,551.2030029296875,1109.7391357421875,111.97981262207031,3159.856689453125,1140.3817138671875,190.63946533203125,193.90960693359375
2023-08-22,4887.9873046875,955.495361328125,4477.6064453125,1197.9373779296875,191.77281188964844,3614.50634765625,1170.70849609375,3264.4326171875,1078.8009033203125,770.2774658203125,2707.447265625,444.5231628417969,936.6471557617188,1304.7215576171875,786.9002685546875,351.82830810546875,9302.4013671875,548.11767578125,1109.8853759765625,112.60245513916016,3141.7431640625,1135.09521484375,191.16822814941406,195.07887268066406
2023-08-23,4913.77001953125,977.6593017578125,4508.90283203125,1207.4051513671875,191.89747619628906,3664.866455078125,1176.2010498046875,3278.68798828125,1081.544921875,772.1755981445312,2702.868896484375,455.2821350097656,951.2576293945312,1308.6251220703125,789.5721435546875,355.210693359375,9409.2744140625,556.2166137695312,1096.3720703125,113.94352722167969,3156.698974609375,1123.6807861328125,193.60867309570312,194.213623046875
2023-08-24,4888.28515625,979.755859375,4479.2998046875,1197.44677734375,190.5261993408203,3625.3896484375,1167.0733642578125,3262.723876953125,1071.255126953125,768.622802734375,2680.892578125,450.5935974121094,953.3237915039062,1323.171142578125,779.6764526367188,355.3902893066406,9382.5673828125,556.2647705078125,1091.103515625,113.27298736572266,3146.945068359375,1121.9031982421875,193.2426300048828,193.02098083496094
2023-08-25,4834.185546875,981.5029907226562,4434.701171875,1186.5565185546875,189.23802185058594,3597.933837890625,1141.8040771484375,3262.235595703125,1055.432373046875,759.9597778320312,2665.46337890625,444.17767333984375,954.7504272460938,1319.9180908203125,765.0804443359375,354.9712219238281,9315.92578125,549.5157470703125,1079.395263671875,111.97981262207031,3140.95361328125,1112.921142578125,189.78530883789062,191.6178741455078
2023-08-28,4873.87841796875,988.591552734375,4450.5673828125,1205.688232421875,190.69241333007812,3594.71826171875,1141.142333984375,3269.265869140625,1048.5726318359375,767.868408203125,2684.555419921875,440.5255432128906,954.8980102539062,1315.7821044921875,764.9320068359375,357.2660827636719,9406.0888671875,552.3117065429688,1089.8349609375,112.65035247802734,3135.612060546875,1108.4769287109375,193.7713623046875,190.84616088867188
2023-08-29,4847.001953125,979.1069946289062,4512.57861328125,1206.5220947265625,191.1079559326172,3618.3154296875,1130.848876953125,3276.1005859375,1058.72509765625,773.976318359375,2736.19970703125,450.1493835449219,952.1431274414062,1317.64111328125,774.4812622070312,355.8193054199219,9429.1689453125,554.2400512695312,1084.5665283203125,114.51828002929688,3136.169677734375,1120.8739013671875,192.79519653320312,190.86953735351562
2023-08-30,4843.126953125,981.7526245117188,4522.6884765625,1212.80126953125,190.11065673828125,3592.29443359375,1116.2188720703125,3325.31005859375,1070.5693359375,768.3307495117188,2702.960693359375,450.84033203125,943.4359130859375,1333.906494140625,778.934326171875,354.1830139160156,9600.822265625,547.0571899414062,1087.7861328125,116.96094512939453,3149.917236328125,1120.1253662109375,192.3884735107422,190.4486083984375
2023-08-31,4783.11669921875,971.918701171875,4463.482421875,1233.8460693359375,191.19107055664062,3554.0048828125,1107.940673828125,3257.79345703125,1072.07861328125,764.80224609375,2670.08740234375,453.9002685546875,943.2882690429688,1334.1851806640625,771.5125732421875,350.96026611328125,9804.0810546875,541.2240600585938,1084.5665283203125,117.72727966308594,3118.195068359375,1124.569580078125,188.97183227539062,191.00985717773438
2023-09-01,4809.197265625,989.5400390625,4516.35205078125,1221.87646484375,196.884033203125,3551.234619140625,1102.15185546875,3320.08642578125,1084.5631103515625,766.384033203125,2680.572265625,467.1268615722656,953.0778198242188,1341.99267578125,797.9833374023438,353.4247131347656,10124.994140625,549.1300659179688,1082.029541015625,121.7026138305664,3139.003173828125,1148.989501953125,192.10372924804688,194.7280731201172
2023-09-04,4793.79736328125,980.6544189453125,4486.0712890625,1215.4501953125,205.9428253173828,3590.85986328125,1118.13525390625,3353.039306640625,1127.276123046875,771.1779174804688,2694.719482421875,480.35345458984375,951.7495727539062,1361.7435302734375,801.3478393554688,351.6487121582031,10155.5712890625,554.9149169921875,1081.931884765625,126.20478820800781,3175.509033203125,1175.8416748046875,196.6185760498047,203.02981567382812
2023-09-05,4952.41943359375,979.855712890625,4548.421875,1215.54833984375,212.217529296875,3603.67236328125,1102.2210693359375,3323.064453125,1130.065673828125,766.4813842773438,2687.851806640625,479.81060791015625,952.7826538085938,1374.5701904296875,807.4336547851562,353.41473388671875,10057.2236328125,552.4563598632812,1104.3726806640625,126.15689086914062,3185.587890625,1173.783447265625,196.37451171875,201.9774932861328
2023-09-06,5000.70654296875,963.4823608398438,4531.20166015625,1233.0120849609375,212.59149169921875,3668.626220703125,1103.09033203125,3311.201416015625,1130.3402099609375,776.507080078125,2690.2783203125,471.96343994140625,942.0584716796875,1373.222412109375,806.3946533203125,353.26507568359375,9975.6357421875,550.0460205078125,1114.5684814453125,124.14529418945312,3186.09912109375,1168.5438232421875,196.33384704589844,200.7848358154297
2023-09-07,4996.6826171875,976.6110229492188,4563.51416015625,1225.702880859375,227.7172393798828,3654.82421875,1109.3829345703125,3322.088134765625,1146.94091796875,783.9777221679688,2711.247314453125,468.95294189453125,950.0770263671875,1362.76611328125,810.7487182617188,356.9966735839844,10075.501953125,558.2894897460938,1105.494873046875,124.67212677001953,3209.64697265625,1187.5369873046875,194.50350952148438,202.4451904296875
2023-09-08,4953.06494140625,978.7075805664062,4604.4833984375,1221.091552734375,234.4490509033203,3659.5732421875,1103.189208984375,3291.283203125,1154.303466796875,790.0856323242188,2755.062744140625,469.98931884765625,954.8980102539062,1365.92626953125,807.2357788085938,357.8348083496094,10125.7294921875,562.53173828125,1102.9578857421875,124.04949188232422,3197.245849609375,1181.642578125,193.4053192138672,201.11224365234375
2023-09-11,5063.15234375,998.7749633789062,4649.8076171875,1223.7896728515625,231.8311309814453,3696.6259765625,1109.1162109375,3324.089599609375,1172.1387939453125,794.173828125,2796.818115234375,478.5767822265625,962.4738159179688,1372.2928466796875,815.6470336914062,360.7681579589844,10323.548828125,570.4859008789062,1109.2510986328125,125.63003540039062,3233.241455078125,1187.162841796875,193.85272216796875,203.38059997558594
2023-09-12,4947.15380859375,999.274169921875,4663.54443359375,1216.38232421875,225.0162353515625,3747.62939453125,1120.970458984375,3262.33349609375,1172.9161376953125,796.6558837890625,2765.41015625,471.5686340332031,974.5262451171875,1395.2041015625,807.6810913085938,361.42669677734375,10293.9033203125,567.2560424804688,1117.39794921875,123.5705337524414,3326.273193359375,1184.4962158203125,188.56509399414062,203.4507598876953
2023-09-13,4978.7490234375,1012.8021850585938,4651.6455078125,1205.295654296875,232.41287231445312,3711.0712890625,1133.832275390625,3241.87841796875,1166.37646484375,800.062744140625,2741.9228515625,476.9481201171875,973.8375244140625,1392.6480712890625,802.238525390625,364.1006774902344,10264.306640625,575.065673828125,1120.812744140625,124.0973892211914,3314.243408203125,1179.256591796875,189.78530883789062,203.7781524658203
2023-09-14,5051.82470703125,1019.2416381835938,4686.666015625,1210.446533203125,230.66758728027344,3777.41015625,1134.96826171875,3301.53515625,1174.013427734375,799.5760498046875,2745.58544921875,490.9150390625,971.7714233398438,1400.6412353515625,801.89208984375,363.4920349121094,10278.76171875,575.8851318359375,1115.9832763671875,126.15689086914062,3306.997802734375,1197.4544677734375,192.14439392089844,204.12892150878906
2023-09-15,5059.0283203125,1025.4815673828125,4963.34814453125,1212.1634521484375,232.12197875976562,3775.03564453125,1149.75634765625,3346.25341796875,1193.2208251953125,808.7500610351562,2806.43310546875,490.1253967285156,976.44482421875,1404.9632568359375,804.3660278320312,361.9654846191406,10315.12109375,577.3313598632812,1121.83740234375,126.39637756347656,3342.52880859375,1216.354248046875,192.22576904296875,206.28033447265625
2023-09-18,5042.48583984375,1023.08544921875,5007.99462890625,1217.1181640625,233.74261474609375,3745.15576171875,1131.6787109375,3350.696044921875,1193.5865478515625,792.8353881835938,2852.03369140625,478.2312927246094,974.2311401367188,1386.5601806640625,800.3583374023438,358.86248779296875,10312.0341796875,582.2967529296875,1119.73974609375,124.95950317382812,3349.820556640625,1206.76416015625,192.3884735107422,203.9652099609375
2023-09-20,4974.07861328125,1025.63134765625,5014.08984375,1216.2841796875,236.2774200439453,3739.516357421875,1109.3631591796875,3359.9228515625,1182.9769287109375,761.0304565429688,2803.685791015625,472.11151123046875,971.2302856445312,1385.119384765625,778.5384521484375,357.08648681640625,10140.1845703125,579.5488891601562,1125.10595703125,122.9000015258789,3349.72802734375,1192.3087158203125,188.56509399414062,201.15899658203125
2023-09-21,4987.74072265625,1012.8021850585938,4919.5244140625,1183.6131591796875,233.07777404785156,3707.064208984375,1119.92333984375,3354.699462890625,1168.8914794921875,755.9933471679688,2747.920654296875,473.3453369140625,943.8294067382812,1395.80810546875,770.22607421875,350.3516540527344,10078.9814453125,567.063232421875,1118.276123046875,122.4210433959961,3330.452880859375,1208.4949951171875,184.2536163330078,200.6211395263672
2023-09-22,4957.43701171875,1016.595947265625,4838.115234375,1163.5003662109375,235.4878692626953,3665.7568359375,1090.0013427734375,3328.9228515625,1164.9586181640625,744.4588623046875,2767.836669921875,472.6544189453125,934.9744873046875,1390.603271484375,765.9710083007812,350.50128173828125,10324.82421875,576.7047119140625,1104.8118896484375,121.41523742675781,3347.498291015625,1221.3128662109375,183.07408142089844,195.733642578125
2023-09-25,5064.2451171875,1017.2948608398438,4842.373046875,1157.0740966796875,239.3939666748047,3688.9580078125,1074.53173828125,3306.6611328125,1155.583740234375,745.1158447265625,2723.8837890625,463.2773132324219,940.9269409179688,1370.1552734375,771.7599487304688,356.0787353515625,10376.814453125,572.7516479492188,1096.713623046875,122.03787994384766,3322.88232421875,1215.792724609375,182.66734313964844,193.67576599121094
2023-09-26,5021.17431640625,1012.5026245117188,4904.04541015625,1141.670654296875,238.31361389160156,3713.98974609375,1080.26123046875,3390.1416015625,1153.7545166015625,748.352294921875,2778.504638671875,465.39947509765625,933.4003295898438,1357.6075439453125,771.5125732421875,352.0278625488281,10345.89453125,573.0891723632812,1098.4697265625,123.47473907470703,3330.82421875,1199.746826171875,182.2199249267578,193.11451721191406
2023-09-27,5072.49169921875,1023.53466796875,4868.9765625,1158.2022705078125,242.302734375,3728.039306640625,1085.9315185546875,3397.513427734375,1153.4345703125,743.0960693359375,2752.865234375,468.80487060546875,927.890625,1363.509521484375,771.4630126953125,352.2373962402344,10467.5166015625,568.6058349609375,1112.226806640625,122.75630950927734,3334.168701171875,1205.6881103515625,170.0177001953125,194.40069580078125
2023-09-28,4987.791015625,1029.2254638671875,4843.4853515625,1142.0631103515625,241.18084716796875,3626.131591796875,1072.6251220703125,3358.9951171875,1135.8736572265625,741.5630493164062,2719.580322265625,460.8096923828125,927.398681640625,1337.9031982421875,760.0831298828125,345.8617248535156,10354.419921875,568.7987060546875,1104.762939453125,121.463134765625,3285.35400390625,1150.3460693359375,169.4889373779297,189.58334350585938
2023-09-29,5104.68359375,1035.015869140625,4898.72509765625,1163.74560546875,245.3363037109375,3725.219482421875,1103.8214111328125,3365.536865234375,1129.3798828125,742.8284301757812,2799.4736328125,486.2758483886719,936.5487670898438,1334.1851806640625,771.4630126953125,346.3606262207031,10398.7666015625,577.09033203125,1130.47216796875,123.47473907470703,3277.783935546875,1144.0775146484375,181.04037475585938,189.91075134277344
2023-10-03,5086.00390625,1039.3590087890625,4853.01416015625,1160.458984375,242.5936737060547,3684.951171875,1079.0657958984375,3272.24365234375,1132.9468994140625,733.9464111328125,2761.335693359375,473.7402038574219,925.1358032226562,1332.837646484375,762.210693359375,344.6344909667969,10140.33203125,581.3325805664062,1113.6903076171875,122.61262512207031,3264.08203125,1137.902099609375,187.7109375,189.63014221191406
2023-10-04,5014.9150390625,993.9328002929688,4758.35205078125,1145.0064697265625,239.31085205078125,3668.42822265625,1070.3927001953125,3320.574462890625,1133.7244873046875,744.41015625,2737.02392578125,467.27490234375,915.0510864257812,1342.4573974609375,748.703125,343.63671875,9927.6142578125,565.2313232421875,1096.4697265625,120.0262680053711,3286.283203125,1127.4232177734375,181.7318115234375,189.3728790283203
2023-10-05,5014.56689453125,1001.6203002929688,4847.78955078125,1139.168701171875,240.4744415283203,3657.990234375,1068.30810546875,3362.266357421875,1129.9742431640625,747.4276123046875,2762.296630859375,464.4617919921875,925.6769409179688,1360.2099609375,747.6146240234375,346.0712585449219,10006.3125,570.9198608398438,1091.8839111328125,119.9783706665039,3334.21484375,1127.984619140625,180.5929718017578,190.2615203857422
2023-10-06,5027.68212890625,999.3240356445312,4851.22412109375,1141.032958984375,239.1862030029297,3682.329345703125,1071.7952880859375,3368.905517578125,1132.0321044921875,746.600341796875,2781.8466796875,466.4852600097656,929.9568481445312,1374.384033203125,757.21337890625,347.9969482421875,10096.3759765625,572.9445190429688,1099.8846435546875,120.60101318359375,3363.98681640625,1138.5572509765625,181.1623992919922,190.7526092529297
2023-10-09,5014.8154296875,994.6316528320312,4844.162109375,1137.5989990234375,239.1862030029297,3666.004150390625,1085.6153564453125,3364.218994140625,1142.9163818359375,737.937255859375,2705.93701171875,463.72149658203125,923.4632568359375,1371.3634033203125,749.6431884765625,343.08795166015625,10040.26953125,564.12255859375,1095.7379150390625,118.63729095458984,3379.73193359375,1134.5806884765625,178.11184692382812,189.7002716064453
2023-10-10,5034.0908203125,1010.6056518554688,4873.3779296875,1133.233154296875,252.0264434814453,3674.265625,1082.3948974609375,3377.058349609375,1154.07470703125,742.1227416992188,2725.806884765625,474.4311218261719,935.8600463867188,1389.673828125,763.843505859375,350.43145751953125,10167.87109375,570.437744140625,1099.10400390625,120.0262680053711,3370.953857421875,1148.708740234375,180.71498107910156,190.70584106445312
2023-10-11,5060.072265625,1017.444580078125,4899.4013671875,1149.8138427734375,250.8629913330078,3710.7744140625,1099.988525390625,3404.250732421875,1139.2578125,749.3013305664062,2839.3974609375,477.6390380859375,937.7293701171875,1388.9765625,769.1376342773438,353.48455810546875,10204.2294921875,567.2560424804688,1101.2991943359375,119.69099426269531,3353.3046875,1152.3109130859375,185.18911743164062,196.97305297851562
2023-10-12,4961.708984375,1016.795654296875,4940.2265625,1136.0291748046875,255.3092498779297,3715.424560546875,1092.5994873046875,3411.671142578125,1119.2730712890625,754.2898559570312,2827.859619140625,478.1325988769531,938.86083984375,1362.1153564453125,775.2728881835938,351.9779357910156,10369.66015625,565.0385131835938,1102.9093017578125,120.60101318359375,3290.74169921875,1121.57568359375,184.0095672607422,195.07887268066406
2023-10-13,4985.00830078125,992.4352416992188,4887.79248046875,1145.693115234375,255.93258666992188,3695.735595703125,1078.7696533203125,3394.29150390625,1148.6783447265625,747.4276123046875,2837.199951171875,474.38177490234375,935.9584350585938,1330.1885986328125,769.1376342773438,351.6087951660156,10513.3818359375,555.4934692382812,1117.44677734375,119.78679656982422,3317.030029296875,1117.2249755859375,184.0095672607422,192.249267578125
2023-10-16,4989.38037109375,1003.1677856445312,4911.30126953125,1142.4063720703125,259.2984924316406,3616.435546875,1085.26953125,3404.250732421875,1162.169189453125,744.4345092773438,2894.47607421875,477.1455383300781,936.056884765625,1332.9771728515625,782.447265625,349.1643371582031,10490.79296875,555.0113525390625,1107.6900634765625,121.65471649169922,3273.556396484375,1108.3365478515625,186.9788055419922,191.8517303466797
2023-10-17,4996.43408203125,1006.4124755859375,4973.748046875,1151.3345947265625,263.7862854003906,3607.927001953125,1095.3455810546875,3418.1640625,1168.1142578125,750.080078125,2905.418212890625,478.083251953125,938.5165405273438,1340.6915283203125,781.9030151367188,353.5144958496094,10536.16796875,555.78271484375,1109.153564453125,122.03787994384766,3257.764892578125,1120.4996337890625,187.0601348876953,192.4129638671875
2023-10-18,4945.2158203125,991.2371826171875,4969.97509765625,1187.7337646484375,263.4123840332031,3602.583984375,1121.6915283203125,3413.526123046875,1161.0714111328125,739.640625,2887.28759765625,478.774169921875,928.5301513671875,1338.925537109375,776.2130126953125,349.89263916015625,10573.06640625,552.1189575195312,1125.349853515625,121.75050354003906,3239.37255859375,1110.67578125,187.50755310058594,190.56553649902344
2023-10-19,4964.888671875,989.7896118164062,5303.97705078125,1200.194091796875,261.6255187988281,3599.170654296875,1112.49462890625,3418.505615234375,1159.15087890625,737.3045654296875,2990.4853515625,473.7402038574219,920.6591796875,1332.5123291015625,772.30419921875,346.9093933105469,10556.6513671875,550.720947265625,1113.7392578125,120.6968002319336,3218.324462890625,1096.6881103515625,184.78240966796875,184.8829345703125
2023-10-20,4945.513671875,978.7575073242188,5310.45849609375,1177.5302734375,259.63092041015625,3516.605712890625,1100.3243408203125,3398.68505859375,1162.15185546875,741.1250610351562,2940.489013671875,465.6462707519531,917.7075805664062,1326.563720703125,761.3695678710938,353.1253967285156,10511.5205078125,542.9113159179688,1114.422119140625,117.91885375976562,3254.55322265625,1095.3314208984375,181.20306396484375,183.26937866210938
2023-10-23,4937.56591796875,962.7335815429688,5229.2919921875,1161.4400634765625,254.39505004882812,3463.8212890625,1096.8966064453125,3364.951171875,1141.8839111328125,732.9730834960938,2884.26611328125,450.791015625,914.9527587890625,1309.2760009765625,741.1329956054688,347.3683166503906,10342.9541015625,533.125244140625,1095.152587890625,114.94933319091797,3175.94970703125,1081.5311279296875,174.93927001953125,179.20034790039062
2023-10-25,4828.62109375,953.89794921875,5173.08447265625,1135.587646484375,257.8856201171875,3406.93115234375,1089.369140625,3304.46435546875,1134.8199462890625,728.3252563476562,2876.024658203125,455.2327880859375,901.3260498046875,1289.88134765625,740.48974609375,344.8340148925781,10377.451171875,536.2587280273438,1093.0548095703125,116.24251556396484,3157.276123046875,1068.6195068359375,176.36288452148438,178.5923614501953
2023-10-26,4729.66162109375,970.4710083007812,5088.00048828125,1129.1124267578125,253.68865966796875,3370.274169921875,1071.2125244140625,3248.224853515625,1137.4056396484375,712.2159423828125,2849.5615234375,450.74163818359375,893.9962768554688,1279.9014892578125,721.0943603515625,338.2089538574219,10216.0400390625,527.3885498046875,1076.8583984375,114.85354614257812,3107.59033203125,1043.6383056640625,172.66152954101562,176.9086151123047
2023-10-27,4799.11279296875,1001.12109375,5198.4794921875,1152.0704345703125,260.91912841796875,3375.765380859375,1066.34228515625,3314.667724609375,1171.477783203125,715.0143432617188,2849.790283203125,450.24810791015625,898.0301513671875,1299.5784912109375,724.3599243164062,339.7754211425781,10349.86328125,541.0313110351562,1084.273681640625,114.85354614257812,3120.814697265625,1048.41015625,175.54937744140625,178.82618713378906
2023-10-30,4810.58837890625,987.5931396484375,5135.935546875,1170.90771484375,261.4176940917969,3367.305908203125,1056.07861328125,3278.34619140625,1167.83056640625,722.7769775390625,2848.09619140625,450.74163818359375,909.9841918945312,1296.4716796875,726.8338012695312,342.7287902832031,10190.1181640625,544.93603515625,1088.07861328125,114.13511657714844,3146.51953125,1054.351318359375,176.07814025878906,178.66249084472656
2023-10-31,4788.87841796875,980.2550659179688,5140.91796875,1177.333984375,261.16839599609375,3352.415771484375,1060.4647216796875,3217.712890625,1178.2181396484375,718.591552734375,2827.95166015625,453.55474853515625,900.5881958007812,1288.3277587890625,728.6644897460938,347.0989685058594,10184.8251953125,545.2734985351562,1062.1256103515625,113.75194549560547,3137.392822265625,1060.198974609375,176.20018005371094,178.56893920898438
2023-11-01,4765.6787109375,970.2213745117188,5170.23095703125,1178.5604248046875,254.85215759277344,3310.564208984375,1056.2960205078125,3204.72705078125,1162.4749755859375,717.6181640625,2831.70556640625,456.71337890625,899.3091430664062,1274.91162109375,716.888671875,344.1056823730469,10023.560546875,546.093017578125,1089.054443359375,111.69243621826172,3101.90869140625,1052.6671142578125,182.01657104492188,178.17141723632812
2023-11-02,4855.54736328125,981.353271484375,5145.12646484375,1185.6734619140625,256.6805419921875,3308.239013671875,1054.725341796875,3259.453125,1175.8177490234375,718.7131958007812,2794.758056640625,468.0645751953125,905.114013671875,1289.9754638671875,725.69580078125,346.75970458984375,10097.8955078125,551.588623046875,1105.2996826171875,113.12930297851562,3129.336669921875,1054.9368896484375,186.40936279296875,179.43418884277344
2023-11-03,5120.0341796875,987.2437133789062,5194.02978515625,1183.5640869140625,259.2984924316406,3315.164794921875,1039.818603515625,3347.03466796875,1169.2154541015625,722.1199951171875,2828.912353515625,469.0516357421875,918.7406616210938,1307.76953125,738.2632446289062,345.8717041015625,10071.140625,557.4217529296875,1113.3489990234375,112.36297607421875,3120.768310546875,1071.5814208984375,189.337890625,179.38742065429688
2023-11-06,5131.70849609375,1007.7603149414062,5230.69482421875,1181.3565673828125,263.07989501953125,3469.51025390625,1054.646240234375,3428.025390625,1172.401123046875,727.351806640625,2899.878173828125,475.7143249511719,930.2028198242188,1321.185791015625,746.1302490234375,347.25860595703125,10079.51953125,553.7579956054688,1122.0323486328125,114.37458801269531,3148.1025390625,1080.1400146484375,189.62261962890625,179.9019012451172
2023-11-07,5103.7890625,1019.2416381835938,5242.44921875,1193.4732666015625,261.16839599609375,3444.478759765625,1067.7352294921875,3426.17041015625,1176.3255615234375,723.8233032226562,2866.318603515625,478.2806396484375,932.8099975585938,1322.127197265625,740.78662109375,349.463623046875,10048.599609375,558.96435546875,1142.472900390625,114.61407470703125,3138.97607421875,1086.6181640625,193.4053192138672,179.27049255371094
2023-11-08,5078.0556640625,1020.0403442382812,5221.74609375,1217.5595703125,263.7862854003906,3453.8779296875,1077.4556884765625,3466.446044921875,1170.50830078125,725.9161376953125,2868.0126953125,481.7353515625,920.6591796875,1309.60546875,748.8021240234375,348.46588134765625,10116.2216796875,559.49462890625,1148.0831298828125,114.0393295288086,3149.3134765625,1077.3028564453125,192.91720581054688,178.7560577392578
2023-11-09,5263.5048828125,1020.2400512695312,5242.35205078125,1214.7635498046875,268.8974609375,3461.3974609375,1078.324951171875,3458.244140625,1170.36962890625,723.044677734375,2906.2880859375,478.18194580078125,922.2333374023438,1294.3533935546875,743.0131225585938,348.2064514160156,10192.71484375,557.6145629882812,1147.59521484375,114.61407470703125,3117.555419921875,1062.9281005859375,191.3309326171875,178.1246337890625
2023-11-10,5244.52734375,1027.5281982421875,5216.376953125,1216.6766357421875,268.7728576660156,3456.153564453125,1071.7952880859375,3457.12158203125,1159.2432861328125,725.8917846679688,2843.380615234375,475.07269287109375,923.4632568359375,1288.75146484375,746.8724365234375,348.30621337890625,10181.39453125,558.7233276367188,1150.6685791015625,114.99723815917969,3104.516845703125,1076.357177734375,199.5064239501953,177.3997039794922
2023-11-13,5187.04931640625,1023.6844482421875,5248.44677734375,1217.1181640625,290.3394775390625,3472.775390625,1070.797607421875,3559.2998046875,1164.367919921875,724.5776977539062,2855.833984375,481.1925048828125,919.3801879882812,1293.1766357421875,753.1561279296875,348.8550109863281,10190.8037109375,560.5069580078125,1149.156494140625,115.9072494506836,3102.747314453125,1069.92626953125,196.82191467285156,178.49879455566406
2023-11-15,5191.322265625,1039.658447265625,5356.314453125,1218.29541015625,291.3783264160156,3499.3408203125,1070.8173828125,3757.407470703125,1178.818603515625,732.1700439453125,2909.9052734375,498.8608703613281,925.9229125976562,1327.96435546875,764.7835083007812,353.1054382324219,10247.302734375,563.7369384765625,1152.1810302734375,118.8288803100586,3170.50146484375,1110.0244140625,195.31698608398438,183.1758270263672
2023-11-16,5304.3896484375,1024.682861328125,5370.0517578125,1211.476806640625,287.38909912109375,3510.61962890625,1095.375244140625,3746.13037109375,1210.5823974609375,734.0924682617188,3003.488037109375,497.7751159667969,920.9051513671875,1360.3514404296875,761.1221923828125,353.77392578125,10275.1845703125,563.688720703125,1160.62060546875,119.4515151977539,3257.626708984375,1141.6583251953125,194.25946044921875,185.72482299804688
2023-11-17,5443.6875,992.7347412109375,5448.025390625,1225.801025390625,286.93206787109375,3562.662109375,1108.6717529296875,3774.006103515625,1208.827880859375,732.5107421875,3053.57568359375,491.3098449707031,906.9833374023438,1353.4315185546875,760.7758178710938,352.1276550292969,10313.4052734375,542.8630981445312,1165.5477294921875,119.93047332763672,3261.91064453125,1137.449951171875,194.82888793945312,184.92971801757812
2023-11-20,5438.71923828125,987.093994140625,5466.06787109375,1223.54443359375,289.0097351074219,3633.9970703125,1107.2095947265625,3755.60107421875,1223.832763671875,732.5593872070312,3064.1982421875,490.8656921386719,906.58984375,1352.5372314453125,753.8983154296875,353.31494140625,10355.302734375,543.5380249023438,1159.1083984375,119.11624908447266,3277.882568359375,1146.008544921875,194.86956787109375,187.17471313476562
2023-11-21,5431.61572265625,990.1889038085938,5500.70166015625,1229.5782470703125,290.4873962402344,3682.131591796875,1115.56689453125,3753.404296875,1224.940673828125,738.7645874023438,3091.805419921875,500.2921447753906,911.164794921875,1354.7967529296875,767.7026977539062,352.6464538574219,10324.82421875,541.3687133789062,1172.1824951171875,120.936279296875,3269.128173828125,1139.1048583984375,195.47967529296875,187.38514709472656
2023-11-22,5496.39599609375,996.4786376953125,5564.1640625,1247.4835205078125,288.7055358886719,3662.4423828125,1119.1429443359375,3743.25,1227.80322265625,736.136474609375,3125.777587890625,493.77752685546875,907.8688354492188,1372.4967041015625,760.429443359375,348.3461608886719,10285.0341796875,538.9100952148438,1174.8167724609375,120.79258728027344,3287.707763671875,1149.4132080078125,192.2664337158203,187.19805908203125
2023-11-23,5458.59130859375,997.4271240234375,5732.205078125,1148.5384521484375,290.7047119140625,3649.38232421875,1115.2113037109375,3792.069091796875,1227.1568603515625,740.3950805664062,3267.158935546875,495.4555358886719,908.1148071289062,1364.4468994140625,767.455322265625,347.0789794921875,10279.1044921875,539.874267578125,1169.6456298828125,121.36734008789062,3267.311767578125,1145.1573486328125,190.4767608642578,188.25039672851562
2023-11-24,5366.53662109375,1006.86181640625,5737.0908203125,1176.009521484375,289.2705383300781,3724.873291015625,1115.507568359375,3758.139892578125,1208.827880859375,745.6511840820312,3249.394775390625,501.2298278808594,914.41162109375,1353.2904052734375,773.887451171875,348.0168762207031,10305.712890625,540.2598876953125,1166.376953125,120.6489028930664,3219.6748046875,1132.81591796875,188.89047241210938,185.21034240722656
2023-11-28,5332.2587890625,1019.4912719726562,5802.73046875,1169.779541015625,297.2237243652344,3720.2724609375,1121.3656005859375,3736.317626953125,1215.75341796875,743.9722290039062,3316.60595703125,508.92889404296875,910.5745239257812,1358.2801513671875,774.184326171875,347.66766357421875,10327.1748046875,544.2129516601562,1162.3768310546875,121.51102447509766,3231.828369140625,1137.1190185546875,190.6801300048828,185.60789489746094
2023-11-29,5387.05419921875,1058.4278564453125,5872.19091796875,1178.8548583984375,297.5714111328125,3690.19482421875,1129.179443359375,3722.208984375,1231.7275390625,758.8160400390625,3430.97509765625,510.7550048828125,924.4470825195312,1374.1912841796875,784.9706420898438,349.90264892578125,10387.6435546875,548.214111328125,1172.9630126953125,122.37315368652344,3272.434326171875,1155.3709716796875,189.90733337402344,190.00430297851562
2023-11-30,5493.3662109375,1072.5048828125,5892.11962890625,1189.4017333984375,297.3975524902344,3748.51953125,1143.5625,3804.859619140625,1238.145263671875,758.6456909179688,3497.04150390625,508.978271484375,919.8721313476562,1370.0018310546875,792.7386474609375,350.3017578125,10396.9052734375,544.502197265625,1196.037841796875,122.51683807373047,3248.080322265625,1154.6617431640625,189.82598876953125,193.18466186523438
2023-12-01,5555.1650390625,1102.8555908203125,5849.06982421875,1182.9263916015625,301.30889892578125,3752.477294921875,1135.9066162109375,3799.29443359375,1234.2669677734375,756.9910278320312,3442.97021484375,510.50823974609375,931.4326171875,1367.3184814453125,802.33740234375,349.31396484375,10374.3642578125,551.2511596679688,1201.306640625,124.52845001220703,3270.478515625,1154.283447265625,194.74755859375,190.65907287597656
2023-12-04,5586.36279296875,1123.771484375,5999.64892578125,1193.5223388671875,308.3060607910156,3757.820068359375,1137.2105712890625,4081.614990234375,1235.421142578125,783.2720336914062,3476.942138671875,512.5316772460938,975.2149658203125,1378.663330078125,811.0455322265625,362.8934020996094,10387.83984375,573.37841796875,1201.208984375,125.4863510131836,3271.223388671875,1157.45166015625,196.78126525878906,190.56553649902344
2023-12-05,5544.28515625,1130.6103515625,5940.0556640625,1201.3221435546875,309.0447998046875,3701.473876953125,1141.2508544921875,4038.800537109375,1216.5843505859375,790.2316284179688,3485.7783203125,513.91357421875,997.1061401367188,1368.8719482421875,813.1236572265625,364.86895751953125,10507.845703125,586.4425659179688,1209.40478515625,126.06110382080078,3289.05859375,1154.3306884765625,197.18798828125,189.11566162109375
2023-12-06,5507.42529296875,1118.6798095703125,5872.19091796875,1182.435791015625,306.08953857421875,3694.84521484375,1132.1429443359375,3951.414306640625,1227.6646728515625,792.22705078125,3443.931884765625,516.233154296875,987.0706176757812,1388.0311279296875,816.0923461914062,363.46209716796875,10413.6142578125,586.6354370117188,1210.1851806640625,126.30059051513672,3356.579345703125,1158.680908203125,202.92303466796875,195.85057067871094
2023-12-07,5426.25048828125,1116.0341796875,5895.07080078125,1199.7034912109375,305.9157409667969,3694.74609375,1142.9599609375,3994.375244140625,1226.2335205078125,793.5167236328125,3454.5537109375,509.3730773925781,982.88916015625,1380.1226806640625,810.600341796875,364.5496520996094,10483.099609375,589.7689208984375,1209.1607666015625,124.52845001220703,3366.63720703125,1156.8367919921875,202.43496704101562,195.61671447753906
2023-12-08,5519.595703125,1129.3624267578125,5877.75390625,1196.0732421875,305.0899963378906,3642.7041015625,1138.771484375,3959.2255859375,1259.567138671875,804.5888671875,3402.451171875,513.617431640625,994.5480346679688,1403.8951416015625,830.5894165039062,366.8644714355469,10406.5576171875,592.131103515625,1205.7459716796875,123.76212310791016,3377.626953125,1158.775634765625,199.14036560058594,197.65122985839844
2023-12-11,5511.64697265625,1114.6864013671875,5938.41064453125,1179.5906982421875,307.3934020996094,3631.573486328125,1081.3970947265625,3930.56884765625,1269.9091796875,803.5181274414062,3392.287109375,515.6409912109375,1000.697265625,1401.400146484375,836.2794189453125,367.9819641113281,10331.291015625,592.2274780273438,1211.209716796875,124.57634735107422,3392.71484375,1166.34130859375,202.19090270996094,196.71583557128906
2023-12-12,5394.0087890625,1129.162841796875,6050.4384765625,1176.009521484375,302.0477600097656,3608.916259765625,1094.604736328125,3858.414306640625,1269.9091796875,795.5364379882812,3431.203369140625,520.6256103515625,999.3198852539062,1389.6787109375,844.9381103515625,364.05078125,10132.001953125,590.44384765625,1188.3787841796875,124.6242446899414,3419.90966796875,1159.57958984375,200.64529418945312,197.4641571044922
2023-12-13,5391.8232421875,1113.0389404296875,6110.3212890625,1193.5223388671875,300.048583984375,3617.22705078125,1106.123046875,3937.5009765625,1264.2762451171875,793.7357788085938,3537.560302734375,525.9556884765625,997.5488891601562,1364.2115478515625,842.5137329101562,364.4199523925781,10172.8193359375,597.6266479492188,1203.111572265625,125.86951446533203,3346.754150390625,1150.0750732421875,206.09564208984375,196.27149963378906
2023-12-14,5480.3994140625,1118.6298828125,6128.46044921875,1181.896240234375,302.13470458984375,3644.138427734375,1101.12451171875,3989.6396484375,1306.1973876953125,803.1044921875,3556.1943359375,536.0730590820312,1016.9804077148438,1413.5924072265625,838.555419921875,369.93756103515625,10146.5068359375,601.2904663085938,1201.3553466796875,126.44426727294922,3415.392578125,1196.0364990234375,207.15313720703125,203.17013549804688
2023-12-15,5515.47265625,1118.530029296875,6070.75390625,1184.2999267578125,304.2207946777344,3657.841796875,1104.305419921875,3964.009521484375,1377.0196533203125,806.2192993164062,3568.006591796875,550.0400390625,1020.6699829101562,1486.0396728515625,858.1488037109375,369.28900146484375,10081.0400390625,625.0084228515625,1205.697021484375,130.70697021484375,3595.836181640625,1235.188720703125,209.22752380371094,208.85272216796875
2023-12-18,5463.26025390625,1109.544677734375,6255.04736328125,1193.8167724609375,302.17816162109375,3673.672119140625,1104.62158203125,3989.005126953125,1389.0235595703125,805.8056030273438,3561.7802734375,559.0716552734375,1004.9771728515625,1472.811767578125,845.9771728515625,368.5606689453125,10113.576171875,625.24951171875,1222.2835693359375,130.85067749023438,3594.159912109375,1221.617919921875,212.07472229003906,208.24472045898438
2023-12-19,5519.74462890625,1118.4302978515625,6209.86865234375,1213.7332763671875,318.9537658691406,3684.40673828125,1113.7886962890625,3944.238037109375,1374.249755859375,804.44287109375,3499.60546875,557.5416870117188,999.0739135742188,1467.115966796875,849.7374877929688,368.4808349609375,10029.29296875,631.9021606445312,1214.67333984375,129.70115661621094,3554.113037109375,1211.8770751953125,213.21359252929688,205.18125915527344
2023-12-20,5367.431640625,1108.446533203125,6157.0966796875,1212.8502197265625,306.08953857421875,3581.608642578125,1102.2703857421875,3819.993408203125,1329.604736328125,806.4382934570312,3493.790771484375,541.1071166992188,990.415771484375,1446.497314453125,833.4591674804688,364.4798278808594,9879.984375,613.6315307617188,1202.1846923828125,124.28897094726562,3520.4453125,1180.8106689453125,204.5500030517578,202.02426147460938
2023-12-21,5440.60693359375,1093.6207275390625,6042.84423828125,1198.771240234375,309.00140380859375,3594.174072265625,1097.400390625,3864.4677734375,1313.0762939453125,820.8927612304688,3525.51904296875,549.052978515625,988.2020874023438,1446.1207275390625,833.1129150390625,369.70806884765625,9812.9501953125,620.6697998046875,1203.5018310546875,125.4863510131836,3527.384033203125,1182.2291259765625,208.21067810058594,202.98304748535156
2023-12-22,5505.7353515625,1086.5322265625,6164.49658203125,1212.2615966796875,315.73773193359375,3655.763916015625,1111.8624267578125,3911.431884765625,1350.6114501953125,813.1788940429688,3603.85595703125,563.0692138671875,978.2649536132812,1471.4466552734375,846.3729248046875,371.26458740234375,10013.171875,613.9207763671875,1213.4049072265625,127.92903900146484,3561.37744140625,1205.9190673828125,211.3018798828125,216.38272094726562
2023-12-26,5596.89453125,1092.4725341796875,6253.9345703125,1221.4349365234375,318.1714782714844,3822.5263671875,1112.74169921875,3944.970458984375,1346.4100341796875,818.824462890625,3724.4970703125,572.3475952148438,979.052001953125,1453.6055908203125,843.4042358398438,376.5227355957031,10065.6044921875,615.1741333007812,1217.1612548828125,129.50958251953125,3534.880859375,1212.3973388671875,212.88821411132812,219.86712646484375
2023-12-27,5650.845703125,1104.5528564453125,6491.04931640625,1216.333251953125,317.7803649902344,3843.056396484375,1129.011474609375,4022.6904296875,1359.244873046875,828.9718627929688,3721.61279296875,597.7644653320312,986.0867919921875,1475.40087890625,866.7579956054688,379.61578369140625,10083.09765625,625.2976684570312,1221.990966796875,131.4254150390625,3549.455810546875,1210.647705078125,214.331787109375,220.26467895507812
2023-12-28,5723.42529296875,1106.05029296875,6484.90625,1236.9857177734375,331.12261962890625,3898.16552734375,1157.471435546875,3995.25390625,1359.6141357421875,829.9208374023438,3821.37646484375,606.3518676757812,989.6779174804688,1471.2113037109375,871.6068115234375,383.4072265625,10066.5341796875,628.0455322265625,1231.455078125,132.33541870117188,3538.93212890625,1216.1328125,218.7050323486328,219.56312561035156
2023-12-29,5667.388671875,1100.5093994140625,6575.79541015625,1222.759521484375,326.8200378417969,3862.498046875,1145.48876953125,4045.63525390625,1353.750732421875,831.8676147460938,3790.517822265625,606.8947143554688,980.5278930664062,1452.616943359375,871.0625610351562,380.76318359375,10096.6708984375,619.03076171875,1228.8206787109375,133.72439575195312,3532.878662109375,1203.554931640625,219.55421447753906,220.4283447265625
2024-01-01,5713.04248046875,1095.916748046875,6482.77783203125,1227.3707275390625,331.86138916015625,3874.37060546875,1150.1810302734375,3942.968994140625,1370.0482177734375,826.4409790039062,3771.2880859375,602.5023803710938,983.28271484375,1460.5726318359375,868.440185546875,380.97271728515625,10078.0009765625,618.3558349609375,1229.601318359375,133.96388244628906,3549.363037109375,1226.7247314453125,218.3653564453125,223.1644287109375
2024-01-02,5709.3662109375,1091.47412109375,6447.90234375,1257.34375,341.2922668457031,3987.2607421875,1170.9554443359375,3800.5634765625,1356.9365234375,826.9276733398438,3743.497314453125,609.0169677734375,966.4092407226562,1444.6142578125,861.1174926757812,372.1725158691406,9994.1591796875,616.5239868164062,1264.6768798828125,133.72439575195312,3523.379150390625,1208.708984375,219.21453857421875,219.44619750976562
2024-01-03,5731.1748046875,1096.8154296875,6758.87939453125,1275.5924072265625,334.251708984375,3987.8544921875,1171.963134765625,3795.779296875,1327.5733642578125,814.176513671875,3653.4404296875,585.3768310546875,968.1802978515625,1402.8123779296875,828.9072265625,372.3421325683594,9876.45703125,620.3805541992188,1267.0186767578125,129.65328979492188,3438.209716796875,1176.6494140625,224.0123748779297,213.22573852539062
2024-01-04,5725.11474609375,1121.5751953125,6696.62646484375,1272.1585693359375,334.42559814453125,3999.281982421875,1154.2410888671875,3769.8076171875,1311.13720703125,822.91259765625,3614.157470703125,582.85986328125,971.2302856445312,1424.1842041015625,828.3629150390625,371.8831787109375,9815.3505859375,619.7056274414062,1281.01953125,128.59957885742188,3414.97314453125,1179.770263671875,226.00796508789062,211.58877563476562
2024-01-05,5717.21533203125,1135.1031494140625,6751.14013671875,1262.5926513671875,333.9909362792969,3972.17236328125,1152.947021484375,3785.478515625,1323.002685546875,818.7027587890625,3653.8525390625,579.4050903320312,977.6746215820312,1442.8726806640625,820.7432861328125,368.6903381347656,9817.017578125,618.9343872070312,1268.57958984375,128.0248260498047,3481.18994140625,1180.52685546875,225.75318908691406,213.55311584472656
2024-01-08,5645.4296875,1120.1773681640625,6756.31591796875,1247.7288818359375,330.6445617675781,3892.42724609375,1138.267578125,3792.508544921875,1336.9454345703125,809.5773315429688,3671.43359375,570.1760864257812,966.1632690429688,1433.693115234375,813.37109375,364.4000244140625,9748.1220703125,604.5203247070312,1273.5557861328125,126.44426727294922,3425.683349609375,1162.227294921875,219.4693145751953,210.62998962402344
2024-01-09,5760.33642578125,1114.736328125,6862.7802734375,1264.996337890625,334.94708251953125,3942.3916015625,1135.9857177734375,3779.034423828125,1348.4874267578125,803.2747802734375,3765.748779296875,568.498046875,963.9495849609375,1439.812744140625,812.8268432617188,364.509765625,9823.9755859375,602.9777221679688,1291.80078125,128.0248260498047,3436.487060546875,1168.563720703125,221.1251678466797,210.8170623779297
2024-01-10,5763.56494140625,1105.2017822265625,6823.93896484375,1304.0936279296875,332.0787353515625,3861.26123046875,1143.374755859375,3751.793212890625,1377.758544921875,805.92724609375,3789.144287109375,572.5449829101562,977.0350952148438,1430.9627685546875,821.13916015625,363.3424072265625,9810.353515625,599.4585571289062,1292.6302490234375,128.45590209960938,3458.046875,1173.52880859375,226.7721710205078,212.15003967285156
2024-01-11,5832.12109375,1123.9212646484375,7061.05322265625,1300.61083984375,334.077880859375,3863.7841796875,1124.6551513671875,3796.950927734375,1371.017822265625,802.5447998046875,3976.081298828125,569.4851684570312,975.165771484375,1406.7667236328125,813.469970703125,363.7514953613281,9811.2353515625,597.9641723632812,1284.2393798828125,129.2222137451172,3479.001953125,1181.567138671875,233.18348693847656,209.6244354248047
2024-01-12,5758.39892578125,1118.530029296875,7064.052734375,1283.2940673828125,331.2529296875,3842.759521484375,1123.94384765625,3779.425048828125,1422.7264404296875,798.7485961914062,4013.578125,574.5191650390625,987.3165893554688,1518.3797607421875,817.1808471679688,365.8267822265625,9766.693359375,610.8836669921875,1293.7034912109375,129.60537719726562,3616.138671875,1237.032958984375,231.4427032470703,217.69229125976562
2024-01-15,5858.4501953125,1117.6815185546875,7064.052734375,1288.3468017578125,334.338623046875,3868.1376953125,1142.594482421875,3741.590087890625,1466.4940185546875,814.1278686523438,4003.73486328125,567.2149047851562,993.5641479492188,1555.427001953125,816.5377197265625,369.4685974121094,9885.5224609375,617.150634765625,1297.0206298828125,129.2222137451172,3635.69677734375,1265.0257568359375,231.8247833251953,231.3258514404297
2024-01-16,5866.5478515625,1117.2821044921875,7056.31298828125,1277.750732421875,331.9483337402344,3774.046142578125,1137.6353759765625,3702.730224609375,1436.2537841796875,817.2183837890625,4014.9521484375,572.051513671875,992.777099609375,1536.0797119140625,823.613037109375,368.77020263671875,9980.2431640625,614.0654296875,1281.5074462890625,131.47329711914062,3596.11572265625,1248.71240234375,231.99462890625,226.8358917236328
2024-01-17,5887.76123046875,1080.5419921875,6932.48388671875,1269.5584716796875,329.99267578125,3689.255126953125,1116.2584228515625,3662.50341796875,1455.1365966796875,748.279296875,4002.315673828125,553.001220703125,965.9173583984375,1544.223388671875,804.168212890625,355.130859375,9851.0244140625,603.5562133789062,1267.4088134765625,126.10900115966797,3617.815673828125,1254.717529296875,224.9040069580078,225.61985778808594
2024-01-18,5952.29296875,1095.71728515625,6852.81640625,1297.961669921875,326.51580810546875,3660.95849609375,1116.2584228515625,3603.96923828125,1447.4263916015625,723.2880249023438,4023.513671875,547.720458984375,970.443115234375,1546.48291015625,795.2620849609375,354.6519470214844,9726.3642578125,605.773681640625,1303.2652587890625,125.4863510131836,3634.578857421875,1281.5758056640625,227.19680786132812,225.73678588867188
2024-01-19,6055.4248046875,1114.736328125,6904.041015625,1302.8673095703125,333.1217346191406,3654.626220703125,1119.8641357421875,3612.0732421875,1458.964599609375,715.744384765625,4028.779052734375,549.8919677734375,983.0859375,1562.111572265625,808.1264038085938,352.0677490234375,9837.3046875,605.2434692382812,1303.118896484375,128.59957885742188,3697.83447265625,1314.4390869140625,226.26271057128906,226.85926818847656
2024-01-23,6114.14404296875,1087.480712890625,6864.71533203125,1382.3863525390625,326.21160888671875,3577.00830078125,1121.0889892578125,3531.277587890625,1417.743896484375,694.6708984375,4069.481201171875,534.3951416015625,1012.45458984375,1546.059326171875,782.150390625,356.09869384765625,9663.5927734375,583.4054565429688,1344.7803955078125,124.6242446899414,3618.30859375,1292.451416015625,214.11947631835938,219.77357482910156
2024-01-24,6173.36083984375,1057.4295654296875,6977.85546875,1390.57861328125,332.5567932128906,3604.9091796875,1166.07568359375,3549.1455078125,1466.827392578125,708.5657348632812,4059.820556640625,557.8378295898438,983.0859375,1577.36376953125,803.7228393554688,356.9168701171875,9788.79296875,596.1322021484375,1348.48779296875,129.46168518066406,3602.88134765625,1331.5089111328125,222.95091247558594,224.06219482421875
2024-01-25,6129.14697265625,1040.556884765625,7349.97314453125,1343.7796630859375,338.4674072265625,3540.944580078125,1156.8687744140625,3531.033447265625,1442.494873046875,698.3453979492188,4067.603759765625,559.861328125,993.66259765625,1571.432373046875,807.186279296875,352.88592529296875,9683.7333984375,590.78125,1335.0235595703125,128.12060546875,3573.340087890625,1250.27294921875,223.84255981445312,220.28915405273438
2024-01-29,6289.01171875,1059.5260009765625,7302.85986328125,1311.59912109375,358.806640625,3532.73291015625,1154.5374755859375,3582.391357421875,1465.1058349609375,707.9573974609375,4206.1923828125,560.55224609375,1000.0086059570312,1559.663818359375,803.22802734375,363.7614440917969,9791.9296875,600.6155395507812,1366.78173828125,129.3179931640625,3564.61865234375,1242.9908447265625,227.4090576171875,221.6952667236328
2024-01-30,6269.189453125,1052.3876953125,7319.88671875,1292.22216796875,349.8973693847656,3514.033203125,1153.9940185546875,3617.248046875,1450.9158935546875,702.920166015625,4201.4765625,561.884765625,1000.5005493164062,1554.8150634765625,803.52490234375,363.9011535644531,9752.97265625,604.279296875,1338.3895263671875,129.0306396484375,3564.19677734375,1246.3009033203125,226.09286499023438,221.46090698242188
2024-01-31,6312.0625,1066.0155029296875,7417.7412109375,1325.48193359375,353.0264892578125,3631.67236328125,1209.3531494140625,3748.9130859375,1466.4552001953125,711.8021850585938,4231.876953125,571.8540649414062,1011.569091796875,1563.7122802734375,810.1055297851562,364.2303771972656,9983.5263671875,617.5363159179688,1383.9537353515625,130.22802734375,3578.638427734375,1261.2430419921875,232.5465850830078,224.1090545654297
2024-02-01,6247.48095703125,1082.48876953125,7406.32568359375,1361.4395751953125,353.5046081542969,3616.63330078125,1184.064208984375,3840.30224609375,1467.7576904296875,713.651611328125,4199.9658203125,563.85888671875,1008.617431640625,1560.087646484375,793.3324584960938,363.73150634765625,10425.5703125,624.4299926757812,1373.709228515625,129.1264190673828,3614.463134765625,1241.2412109375,228.00350952148438,220.92190551757812
2024-02-02,6279.87109375,1065.3167724609375,7486.08935546875,1366.34521484375,364.8910827636719,3660.166748046875,1193.2215576171875,3735.19482421875,1473.66650390625,703.8206176757812,4319.55419921875,575.950439453125,1007.4859619140625,1594.2633056640625,814.954345703125,363.77142333984375,10442.72265625,626.3582763671875,1382.19775390625,132.8622589111328,3719.638671875,1265.451416015625,231.4427032470703,226.45254516601562
2024-02-05,6194.37451171875,1059.7757568359375,7408.744140625,1406.816162109375,382.66632080078125,3660.265625,1204.0780029296875,3798.07373046875,1447.2403564453125,703.1879272460938,4346.4296875,572.39697265625,1006.9940795898438,1588.4732666015625,806.1472778320312,360.8580017089844,10220.3505859375,619.8984985351562,1428.2010498046875,135.5923309326172,3726.203125,1260.3919677734375,232.3343048095703,226.07760620117188
2024-02-06,6157.41357421875,1048.3443603515625,7468.869140625,1398.5255126953125,389.9676208496094,3686.979248046875,1218.3326416015625,3851.433349609375,1510.8861083984375,702.8228149414062,4380.126953125,577.3323364257812,1009.8472900390625,1628.2508544921875,810.2044677734375,356.5975646972656,10628.33984375,626.936767578125,1439.22607421875,138.5618438720703,3878.78515625,1277.698486328125,240.31654357910156,234.18609619140625
2024-02-07,6138.189453125,1067.3634033203125,7450.97216796875,1411.574462890625,393.4444274902344,3692.22314453125,1220.9307861328125,3834.88330078125,1503.0699462890625,695.9362182617188,4389.19189453125,584.587158203125,1005.6658935546875,1594.639892578125,827.8681640625,357.7150573730469,10717.376953125,651.0404052734375,1459.81298828125,138.32235717773438,3829.4560546875,1246.442626953125,239.72213745117188,232.10040283203125
2024-02-08,6190.896484375,1034.21728515625,7504.5185546875,1393.374755859375,399.13763427734375,3645.32568359375,1217.0386962890625,3717.3759765625,1520.23779296875,682.844482421875,4402.51513671875,593.5200805664062,973.3456420898438,1593.0865478515625,813.5194702148438,345.1632995605469,10529.40625,674.46923828125,1463.13037109375,137.6039276123047,3877.00341796875,1238.167724609375,236.58021545410156,229.1241455078125
2024-02-09,6395.9189453125,1049.692138671875,7531.2197265625,1412.5555419921875,396.53009033203125,3613.566162109375,1216.2088623046875,3750.23095703125,1517.260009765625,683.112060546875,4494.95361328125,583.6494140625,994.4005126953125,1571.6678466796875,803.2775268554688,347.70758056640625,10518.576171875,699.247802734375,1506.0106201171875,135.35284423828125,3876.62841796875,1239.8701171875,232.97120666503906,229.87408447265625
2024-02-12,6571.87890625,1044.9996337890625,7574.8505859375,1407.6500244140625,376.1907653808594,3700.484375,1251.30712890625,3780.4013671875,1551.083251953125,676.4931640625,4292.2666015625,574.9140014648438,980.0359497070312,1581.7886962890625,803.0301513671875,341.1423645019531,10495.888671875,682.5198364257812,1505.6669921875,131.6169891357422,3864.4365234375,1247.1993408203125,227.7062530517578,235.02978515625
2024-02-13,6675.65673828125,1069.0106201171875,7659.451171875,1430.215576171875,393.1836853027344,3661.20556640625,1251.672607421875,3763.16796875,1549.8271484375,678.658935546875,4344.73486328125,503.50006103515625,1003.3536987304688,1585.9783935546875,804.168212890625,346.64996337890625,10578.9951171875,687.8709106445312,1513.271728515625,132.0480499267578,3891.44580078125,1256.3253173828125,228.85267639160156,239.78709411621094
2024-02-14,6710.6298828125,1095.0682373046875,7819.94580078125,1398.427490234375,405.3524475097656,3680.2021484375,1236.459716796875,3809.39990234375,1555.3170166015625,673.597412109375,4408.146484375,501.2298278808594,1006.2069702148438,1568.7021484375,804.7618408203125,349.0046691894531,10807.78515625,716.7470703125,1491.880615234375,135.25704956054688,3845.117919921875,1222.7054443359375,237.47178649902344,241.1463165283203
2024-02-15,6584.94482421875,1070.458251953125,7858.400390625,1395.4842529296875,414.4790954589844,3669.5166015625,1235.33349609375,3824.045654296875,1546.9891357421875,688.197998046875,4410.8017578125,506.55999755859375,1000.2545776367188,1578.2581787109375,803.8712768554688,347.06903076171875,10868.8408203125,734.3909301757812,1481.57763671875,135.25704956054688,3848.02490234375,1229.7508544921875,227.53646850585938,243.0211181640625
2024-02-16,6558.068359375,1067.013916015625,8053.81982421875,1413.487548828125,417.2170715332031,3689.650634765625,1248.0767822265625,3835.85986328125,1551.548583984375,691.0451049804688,4481.63037109375,509.0276184082031,1006.7481079101562,1602.0777587890625,811.3919677734375,346.27081298828125,11153.19921875,727.6419677734375,1481.626708984375,136.31076049804688,3871.56396484375,1231.83154296875,226.5598907470703,254.5042724609375
2024-02-19,6614.3037109375,1061.223388671875,8232.4541015625,1442.57763671875,400.7022705078125,3683.9619140625,1267.8338623046875,3810.66943359375,1558.806396484375,689.6823120117188,4443.4462890625,505.6716003417969,1026.91748046875,1600.2886962890625,811.6393432617188,345.5025329589844,11254.0927734375,732.02880859375,1501.398681640625,135.97549438476562,3848.58740234375,1238.8770751953125,229.40463256835938,251.19993591308594
2024-02-20,6722.00439453125,1086.8316650390625,8024.9423828125,1424.2308349609375,392.56951904296875,3673.375244140625,1259.7037353515625,3737.684814453125,1547.454345703125,707.787109375,4270.1533203125,504.98065185546875,1031.8369140625,1586.6373291015625,812.62890625,351.7085876464844,11217.9306640625,732.8483276367188,1509.83740234375,135.11337280273438,3779.986572265625,1248.854248046875,229.40463256835938,249.3251190185547
2024-02-21,6722.70068359375,1082.4388427734375,7964.04296875,1419.9630126953125,380.65618896484375,3610.400390625,1254.3990478515625,3745.739990234375,1522.5638427734375,700.413818359375,4243.48388671875,505.1780700683594,1034.9852294921875,1558.67529296875,819.6052856445312,348.4359436035156,11236.9423828125,743.839599609375,1514.44921875,137.84339904785156,3743.271728515625,1226.20458984375,229.27728271484375,244.38035583496094
2024-02-22,6731.70068359375,1099.1116943359375,8221.5703125,1425.8497314453125,391.382568359375,3606.739501953125,1257.3231201171875,3858.072509765625,1569.181396484375,690.8748168945312,4206.3349609375,514.4071655273438,1045.5618896484375,1582.965576171875,820.0011596679688,344.175537109375,11425.0595703125,738.4403686523438,1528.82470703125,139.7592315673828,3832.926025390625,1255.994384765625,230.55104064941406,248.90330505371094
2024-02-23,6736.5234375,1095.0184326171875,8162.07421875,1438.7022705078125,390.28350830078125,3609.410888671875,1272.7730712890625,3834.2978515625,1549.966796875,691.3857421875,4228.88623046875,511.6433410644531,1044.1844482421875,1578.728759765625,812.4309692382812,344.0258483886719,11305.2998046875,731.8359375,1531.964599609375,139.3281707763672,3800.10302734375,1250.4619140625,227.87612915039062,251.29368591308594
2024-02-26,6547.52685546875,1083.4371337890625,8172.7646484375,1442.0870361328125,388.8768005371094,3539.4111328125,1272.4964599609375,3859.5859375,1535.12548828125,692.213134765625,4207.22412109375,498.5154113769531,1037.198974609375,1563.006103515625,800.308837890625,340.4938049316406,11238.0693359375,731.69140625,1527.7451171875,136.64601135253906,3752.2275390625,1227.7650146484375,225.2436981201172,249.77041625976562
2024-02-27,6583.923828125,1077.2972412109375,8187.75927734375,1459.3544921875,388.08551025390625,3502.25927734375,1274.2449951171875,3908.209716796875,1543.4998779296875,691.1668090820312,4145.41748046875,503.055908203125,1043.10205078125,1566.254150390625,810.40234375,340.5836181640625,11271.0478515625,722.9658203125,1553.0611572265625,138.1307830810547,3849.150146484375,1225.6844482421875,224.0972900390625,249.0907745361328
2024-02-28,6327.10400390625,1072.455078125,7921.86328125,1449.1019287109375,381.75518798828125,3481.036865234375,1269.9873046875,3772.49267578125,1537.0794677734375,685.9348754882812,4093.950927734375,497.8738098144531,1029.327880859375,1573.45654296875,790.2647705078125,335.9639892578125,10930.1416015625,715.8793334960938,1544.3280029296875,134.82598876953125,3862.795654296875,1216.0382080078125,223.29058837890625,242.6461639404297
2024-02-29,6067.798828125,1073.3536376953125,7651.66357421875,1452.388671875,383.9532470703125,3451.800537109375,1269.2364501953125,3702.82763671875,1548.1988525390625,683.0147705078125,4142.095703125,497.3309326171875,1035.231201171875,1575.951416015625,791.7490844726562,337.1313781738281,11062.9853515625,721.2785034179688,1548.3511962890625,134.92178344726562,3840.4287109375,1204.689697265625,227.62135314941406,243.06796264648438
2024-03-01,6051.6884765625,1097.4644775390625,7778.10498046875,1443.1171875,392.4376220703125,3445.46826171875,1223.6571044921875,3752.77001953125,1529.8216552734375,696.3256225585938,4217.5166015625,512.3836059570312,1069.37158203125,1557.875,827.4723510742188,344.76422119140625,11388.9462890625,741.5738525390625,1530.001953125,143.63877868652344,3839.7255859375,1202.7510986328125,230.80577087402344,243.3023223876953
2024-03-04,5999.87744140625,1104.9521484375,7939.90576171875,1443.705810546875,400.39453125,3445.369140625,1251.6231689453125,3662.84521484375,1524.0989990234375,697.274658203125,4315.396484375,518.157958984375,1074.733642578125,1541.3990478515625,815.696533203125,344.6644287109375,11362.681640625,744.369873046875,1522.986083984375,146.6562042236328,3826.924072265625,1210.55322265625,234.66952514648438,243.95852661132812
2024-03-05,6027.5234375,1099.011962890625,8079.64990234375,1445.618896484375,405.0103759765625,3447.496337890625,1245.3404541015625,3702.339599609375,1506.791748046875,701.2411499023438,4295.0908203125,515.3447875976562,1070.5030517578125,1512.495361328125,810.7487182617188,342.3695983886719,11437.6044921875,755.84326171875,1544.6715087890625,145.4588165283203,3762.590576171875,1203.4129638671875,242.6092987060547,240.5838623046875
2024-03-06,6020.7607421875,1123.1724853515625,8325.4228515625,1457.1961669921875,405.84564208984375,3507.057861328125,1247.5828857421875,3703.609130859375,1529.9146728515625,702.0928344726562,4337.4794921875,520.132080078125,1079.4071044921875,1522.8988037109375,804.4155883789062,351.1598205566406,11336.1220703125,755.7950439453125,1573.9124755859375,145.21932983398438,3811.5439453125,1201.994384765625,239.84950256347656,240.51358032226562
2024-03-07,6015.291015625,1109.64453125,8589.7705078125,1455.1358642578125,403.2080078125,3563.404052734375,1249.459716796875,3695.8466796875,1523.8199462890625,703.7962646484375,4353.94921875,529.7559204101562,1070.4046630859375,1521.8631591796875,821.3370361328125,348.8250427246094,11280.259765625,759.7962036132812,1575.58056640625,150.63153076171875,3853.08935546875,1218.21337890625,240.18919372558594,241.61502075195312
2024-03-11,6170.32763671875,1103.304931640625,8377.2763671875,1475.690185546875,399.07568359375,3566.520751953125,1261.9659423828125,3694.528564453125,1524.750244140625,694.889892578125,4371.54150390625,526.7947387695312,1061.3038330078125,1506.940673828125,821.13916015625,345.1533203125,11168.0458984375,745.9607543945312,1563.7076416015625,146.991455078125,3865.98388671875,1219.01708984375,233.82034301757812,241.16973876953125
2024-03-12,6110.7587890625,1095.218017578125,8249.8681640625,1438.064453125,395.0312805175781,3539.806884765625,1245.11328125,3720.74462890625,1521.912353515625,710.3421630859375,4359.5634765625,522.106201171875,1059.483642578125,1518.56787109375,809.264404296875,343.2974853515625,11280.11328125,732.4627075195312,1554.582275390625,146.08145141601562,3931.537109375,1222.1380615234375,229.5320281982422,239.43556213378906
2024-03-13,5975.11474609375,1078.64501953125,8111.720703125,1443.4605712890625,366.6766357421875,3442.89599609375,1245.439208984375,3647.320556640625,1518.097412109375,710.755859375,4222.19580078125,500.440185546875,1066.4691162109375,1517.108642578125,784.6737670898438,345.13336181640625,11162.75390625,720.4590454101562,1529.3642578125,137.6039276123047,3890.9765625,1207.8577880859375,213.90719604492188,236.4124298095703
2024-03-14,5989.783203125,1056.5308837890625,8110.4140625,1468.380859375,376.0402526855469,3480.591796875,1243.6217041015625,3683.544189453125,1562.5283203125,708.3467407226562,4374.91015625,518.4541015625,1066.124755859375,1556.5570068359375,777.2520141601562,347.6976013183594,11176.9150390625,714.4813232421875,1540.7464599609375,136.45443725585938,3945.93212890625,1223.1309814453125,220.91290283203125,242.76333618164062
2024-03-15,5950.0546875,1044.7001953125,8078.63427734375,1459.9432373046875,365.09405517578125,3448.436279296875,1241.705078125,3657.181884765625,1532.79931640625,706.9840698242188,4290.6923828125,525.6596069335938,1062.9271240234375,1538.3863525390625,772.502197265625,346.87945556640625,11247.52734375,705.659423828125,1519.1591796875,135.7360076904297,3956.858154296875,1212.5863037109375,225.1163330078125,242.3180694580078
2024-03-18,6102.5546875,1059.6259765625,8244.1591796875,1460.335693359375,370.8968200683594,3469.41162109375,1252.7987060546875,3612.317138671875,1529.1702880859375,703.7719116210938,4261.5908203125,524.2777709960938,1063.763427734375,1508.8707275390625,796.0042724609375,346.79962158203125,11403.9892578125,704.7434692382812,1541.77685546875,143.3992919921875,3894.259033203125,1203.554931640625,230.16888427734375,239.13092041015625
2024-03-19,6079.33447265625,1049.0931396484375,8358.7021484375,1408.58203125,368.4350280761719,3410.591796875,1212.0697021484375,3629.0625,1487.9959716796875,705.3779296875,4249.94091796875,526.7454223632812,1066.4691162109375,1470.0814208984375,792.689208984375,349.1443176269531,11365.5224609375,697.8497924804688,1519.4044189453125,142.48928833007812,3729.95458984375,1184.2623291015625,226.4324951171875,231.93637084960938
2024-03-20,6139.84716796875,1033.0692138671875,8354.251953125,1390.627685546875,368.8306579589844,3391.94189453125,1205.8265380859375,3782.110107421875,1476.78369140625,696.4716186523438,4220.6513671875,521.0203857421875,1067.01025390625,1463.9617919921875,786.3560180664062,352.2872619628906,11702.75390625,709.8534545898438,1520.287841796875,139.51976013183594,3723.9521484375,1195.658203125,227.28170776367188,231.30360412597656
2024-03-21,6148.25,1033.917724609375,8465.5048828125,1421.33642578125,379.86480712890625,3428.549560546875,1210.74609375,3826.388916015625,1484.8787841796875,703.6259155273438,4229.494140625,532.7171020507812,1064.3538818359375,1463.7264404296875,803.8712768554688,353.6342468261719,11670.412109375,717.61474609375,1535.8404541015625,143.78245544433594,3725.874755859375,1213.1065673828125,232.16445922851562,234.5610809326172
2024-03-22,6340.5791015625,1031.62158203125,8653.8134765625,1453.271728515625,379.7769470214844,3395.05859375,1225.563720703125,3894.198486328125,1449.5667724609375,702.2144775390625,4383.05126953125,540.6629638671875,1072.716796875,1420.559326171875,816.1912841796875,354.4823303222656,12091.3876953125,719.9287719726562,1578.720703125,145.41091918945312,3667.68408203125,1194.097900390625,230.21136474609375,228.30392456054688
2024-03-26,6287.42578125,1038.8597412109375,8668.6142578125,1444.441650390625,383.2937927246094,3355.037353515625,1212.0599365234375,3818.724365234375,1453.66064453125,693.7218017578125,4371.0263671875,551.4219360351562,1066.22314453125,1405.307373046875,813.3216552734375,349.9525146484375,12005.9765625,713.5172119140625,1568.1231689453125,145.9856414794922,3636.361083984375,1186.2484130859375,228.0459747314453,224.90585327148438
2024-03-27,6196.9296875,1051.1396484375,8863.9853515625,1435.7098388671875,377.5789489746094,3332.133056640625,1194.13037109375,3821.360595703125,1438.7264404296875,701.1681518554688,4278.76171875,550.4348754882812,1066.2724609375,1397.0223388671875,809.5117797851562,354.32269287109375,12260.58984375,707.0092163085938,1574.059814453125,146.2730255126953,3602.037109375,1185.7283935546875,230.63595581054688,221.36715698242188
2024-03-28,6321.5849609375,1045.4989013671875,8850.103515625,1468.6751708984375,381.6672668457031,3408.76171875,1216.61376953125,3924.368896484375,1436.2608642578125,704.6723022460938,4418.8896484375,553.001220703125,1075.66845703125,1410.391357421875,821.5349731445312,356.2982482910156,12348.79296875,725.3761596679688,1590.1522216796875,149.29046630859375,3635.235595703125,1180.3377685546875,230.6783905029297,225.0230255126953
2024-04-01,6421.478515625,1051.3892822265625,8747.5576171875,1470.343017578125,388.656982421875,3530.11083984375,1234.879150390625,3853.4345703125,1448.49658203125,715.67138671875,4380.01025390625,561.2431640625,1081.916015625,1407.943603515625,862.8492431640625,357.3359375,12318.65625,731.1128540039062,1598.68896484375,156.28318786621094,3673.169921875,1176.9805908203125,244.13783264160156,227.2962188720703
2024-04-02,6384.1865234375,1045.4989013671875,8973.8837890625,1461.2677001953125,389.66815185546875,3584.082275390625,1232.3502197265625,3829.56201171875,1422.070556640625,720.367919921875,4267.7666015625,563.8095703125,1063.763427734375,1396.080810546875,870.072998046875,350.6908874511719,12301.849609375,738.9224853515625,1591.820068359375,157.72006225585938,3642.269287109375,1169.6512451171875,255.8564453125,225.53860473632812
2024-04-03,6339.73388671875,1061.5228271484375,8784.609375,1443.705810546875,391.6903381347656,3645.820556640625,1209.9952392578125,3841.27880859375,1429.095947265625,721.414306640625,4264.3984375,569.1396484375,1059.8280029296875,1394.0096435546875,859.9299926757812,345.4526672363281,12179.736328125,743.40576171875,1589.465087890625,156.76214599609375,3701.820556640625,1187.0050048828125,253.73350524902344,226.4759979248047
2024-04-04,6404.92041015625,1061.223388671875,8848.1689453125,1431.981689453125,394.6356506347656,3694.59765625,1213.5712890625,3919.48681640625,1432.6318359375,743.461181640625,4232.3486328125,570.2748413085938,1061.451416015625,1399.7054443359375,853.497802734375,349.0445556640625,12316.3544921875,732.0770263671875,1588.974609375,156.52267456054688,3754.337890625,1209.7965087890625,263.2018127441406,228.4445343017578
2024-04-05,6362.30810546875,1057.3795166015625,8715.9697265625,1422.0233154296875,392.9651794433594,3708.399658203125,1220.841796875,3936.036376953125,1437.842529296875,754.1439208984375,4234.17333984375,562.6743774414062,1065.9281005859375,1392.55029296875,848.1541748046875,356.2284240722656,12173.611328125,737.3316040039062,1578.8187255859375,156.4747772216797,3731.783203125,1194.80712890625,270.8443908691406,227.3430938720703
2024-04-08,6272.80712890625,1074.3021240234375,8736.2861328125,1434.8267822265625,393.36077880859375,3755.742431640625,1219.9034423828125,4106.4150390625,1433.0040283203125,752.7081909179688,4299.86328125,569.3370971679688,1069.6175537109375,1390.2906494140625,867.30224609375,356.8769226074219,12608.2568359375,740.7543334960938,1569.6932373046875,158.24691772460938,3725.500244140625,1196.4619140625,274.538330078125,224.9292755126953
2024-04-09,6469.013671875,1078.24560546875,8686.3681640625,1422.9063720703125,386.7227478027344,3764.597412109375,1218.5894775390625,4148.3017578125,1433.422607421875,753.6572265625,4231.17919921875,580.984375,1089.19677734375,1407.3785400390625,865.4714965820312,355.3204345703125,12630.7001953125,736.8013305664062,1572.48974609375,159.0132598876953,3701.116943359375,1183.45849609375,287.02117919921875,223.00759887695312
2024-04-10,6453.89794921875,1086.0330810546875,8712.1494140625,1396.0728759765625,401.22979736328125,3699.446044921875,1216.61376953125,4213.1826171875,1432.16650390625,747.7196044921875,4206.10107421875,595.2474365234375,1091.5087890625,1418.6292724609375,874.7239990234375,364.3700866699219,12429.5478515625,751.118896484375,1573.9617919921875,158.10324096679688,3736.847412109375,1197.5496826171875,307.2315368652344,223.71066284179688
2024-04-12,6371.05859375,1071.7061767578125,8769.5166015625,1370.4168701171875,400.5703430175781,3739.615234375,1201.98388671875,4200.6357421875,1415.7432861328125,739.2512817382812,4155.4765625,590.9044189453125,1086.5894775390625,1397.8697509765625,857.4066162109375,361.79583740234375,12021.6572265625,738.8259887695312,1511.1131591796875,156.61846923828125,3752.5556640625,1174.663330078125,316.6998596191406,220.6406707763672
2024-04-15,6268.23193359375,1056.2314453125,8703.92578125,1355.3077392578125,396.5259704589844,3677.135009765625,1187.561279296875,4119.69384765625,1400.436767578125,727.4490966796875,4099.7060546875,604.7726440429688,1060.95947265625,1382.240966796875,851.46923828125,358.82257080078125,12174.8359375,730.341552734375,1511.162109375,154.0800018310547,3696.099609375,1152.5811767578125,314.66180419921875,215.2974853515625
2024-04-16,6299.6572265625,1050.1912841796875,8628.564453125,1349.2247314453125,398.4602966308594,3724.279541015625,1195.365234375,4252.82373046875,1374.6156005859375,734.530517578125,4045.151611328125,600.9723510742188,1049.8416748046875,1331.68310546875,836.4278564453125,357.7150573730469,12253.0927734375,724.74951171875,1508.7091064453125,153.3136749267578,3631.95361328125,1130.8773193359375,321.1579895019531,210.1417999267578
2024-04-18,6040.5009765625,1022.3366088867188,8727.3857421875,1321.851806640625,385.62371826171875,3669.56591796875,1176.951904296875,4248.43017578125,1364.8917236328125,727.4490966796875,3978.152099609375,604.8712768554688,1038.4287109375,1336.202392578125,835.9825439453125,356.5476989746094,12157.34375,718.0968627929688,1487.9556884765625,153.3136749267578,3621.824951171875,1115.6041259765625,329.9045104980469,208.26699829101562
2024-04-19,6135.3720703125,1027.42822265625,8517.6494140625,1320.3310546875,382.7222900390625,3632.760498046875,1174.12646484375,4241.54638671875,1346.886962890625,745.2619018554688,3942.968505859375,606.7960205078125,1050.0384521484375,1328.6705322265625,855.7738037109375,357.72503662109375,12457.185546875,723.5443115234375,1494.235595703125,155.2773895263672,3588.2509765625,1128.843994140625,327.7391357421875,212.20407104492188
2024-04-22,6203.990234375,1052.23779296875,8509.1845703125,1329.2591552734375,389.44830322265625,3697.86279296875,1188.5985107421875,4361.4462890625,1364.0081787109375,735.9661254882812,4034.858642578125,610.546875,1069.1256103515625,1348.912353515625,845.878173828125,361.1772766113281,12530.2470703125,738.6331787109375,1511.211181640625,155.03793334960938,3624.263427734375,1142.4622802734375,323.5356750488281,216.53955078125
2024-04-23,6160.58154296875,1054.0350341796875,8509.232421875,1321.2630615234375,387.68988037109375,3728.68212890625,1175.9539794921875,4413.38916015625,1383.3155517578125,733.7274169921875,4065.87841796875,603.8842163085938,1072.6676025390625,1357.9976806640625,842.4641723632812,361.79583740234375,12736.7890625,745.2858276367188,1456.80126953125,154.36737060546875,3633.7353515625,1135.0855712890625,320.1814270019531,216.58642578125
2024-04-24,6248.5419921875,1061.5228271484375,8413.748046875,1371.790283203125,390.2396240234375,3773.353515625,1175.697265625,4423.6904296875,1376.4300537109375,735.7227783203125,4111.07568359375,627.8698120117188,1079.062744140625,1347.029541015625,873.4869995117188,367.7325134277344,12685.630859375,745.3822021484375,1457.8807373046875,158.5821990966797,3592.799560546875,1121.3255615234375,325.6161804199219,215.55526733398438
2024-04-25,6348.7333984375,1125.1693115234375,8450.3173828125,1379.63916015625,397.80084228515625,3803.03564453125,1228.6358642578125,4506.19482421875,1399.59912109375,735.260498046875,4209.2822265625,638.4313354492188,1095.78857421875,1354.27880859375,896.3458862304688,327.7524719238281,12664.51171875,783.5625,1491.635498046875,160.64169311523438,3612.634521484375,1125.67578125,323.57818603515625,216.0708465576172
2024-04-26,6223.9296875,1128.4639892578125,8681.9169921875,1382.5335693359375,400.7461853027344,3973.755615234375,1235.2249755859375,4492.32958984375,1371.4052734375,734.7981567382812,4203.0126953125,640.8989868164062,1090.032958984375,1346.55859375,877.9895629882812,320.9777526855469,12449.736328125,772.5712280273438,1478.290771484375,158.82167053222656,3583.702880859375,1209.32373046875,336.7403564453125,217.7581787109375
2024-04-29,5935.287109375,1157.366943359375,8474.6953125,1381.4052734375,398.50421142578125,3946.94287109375,1244.1156005859375,4463.8681640625,1290.96435546875,744.3858642578125,4171.29150390625,641.6393432617188,1141.4403076171875,1350.79541015625,886.4007568359375,327.3433837890625,12436.505859375,796.8677368164062,1493.0582275390625,160.3543243408203,3629.51513671875,1218.355224609375,345.01983642578125,216.9848175048828
2024-04-30,5914.15478515625,1164.006103515625,8613.5693359375,1373.556396484375,399.4273681640625,3959.953369140625,1225.7811279296875,4488.814453125,1271.60986328125,739.8109130859375,4251.15673828125,636.0625,1131.8475341796875,1337.4263916015625,872.9922485351562,324.060791015625,12561.6083984375,796.626708984375,1473.924072265625,158.05532836914062,3583.04638671875,1194.9017333984375,337.8443298339844,216.72702026367188
2024-05-02,5925.54052734375,1147.982177734375,8813.8251953125,1393.2276611328125,399.07568359375,3922.603759765625,1242.2188720703125,4493.69677734375,1266.1202392578125,745.7241821289062,4268.421875,633.150634765625,1121.0740966796875,1331.68310546875,881.05712890625,314.4224853515625,12549.7001953125,800.2904663085938,1490.5069580078125,160.30642700195312,3623.044189453125,1198.1170654296875,348.84112548828125,214.38352966308594
2024-05-03,5976.30859375,1139.645751953125,8808.939453125,1397.8388671875,417.27545166015625,3909.048828125,1254.4781494140625,4490.62109375,1254.349609375,739.5675659179688,4260.23388671875,638.7274780273438,1123.6322021484375,1333.425048828125,865.07568359375,308.64544677734375,12242.75390625,801.6401977539062,1482.80419921875,159.49220275878906,3604.381591796875,1182.5601806640625,352.9595947265625,214.36007690429688
2024-05-06,6023.1474609375,1141.792236328125,8757.6181640625,1396.514404296875,404.9664611816406,3920.97119140625,1243.3944091796875,4490.376953125,1264.352294921875,741.0520629882812,4219.99658203125,630.534912109375,1127.813720703125,1342.4632568359375,871.4584350585938,324.130615234375,12190.958984375,778.838134765625,1500.4666748046875,160.54591369628906,3677.202880859375,1193.7196044921875,348.5863342285156,214.9694061279297
2024-05-07,5867.56396484375,1125.8681640625,8395.1748046875,1360.998046875,400.9220275878906,3869.918212890625,1236.3116455078125,4513.22412109375,1255.0638427734375,733.021728515625,4189.11669921875,612.175537109375,1113.6458740234375,1356.632568359375,848.4015502929688,328.0418395996094,12117.2109375,773.149658203125,1486.9254150390625,157.33689880371094,3731.501708984375,1222.280029296875,336.2732849121094,217.43006896972656
2024-05-08,5814.11181640625,1126.816650390625,8464.345703125,1358.5943603515625,408.3514404296875,3885.699462890625,1196.5506591796875,4491.45068359375,1238.7503662109375,721.5845947265625,4317.45458984375,625.303466796875,1104.889404296875,1343.781494140625,855.6254272460938,328.9298400878906,12293.126953125,781.7305297851562,1493.2054443359375,159.06114196777344,3729.626220703125,1217.1258544921875,343.78851318359375,217.10198974609375
2024-05-09,5774.23388671875,1113.8377685546875,8558.619140625,1333.1346435546875,389.9318542480469,3749.75634765625,1161.1856689453125,4460.15771484375,1244.7855224609375,704.4776000976562,4458.75341796875,611.3859252929688,1097.7071533203125,1355.314453125,825.8395385742188,327.8822021484375,12255.00390625,790.4078979492188,1466.6138916015625,155.08580017089844,3713.91796875,1200.197509765625,335.1269226074219,213.6804656982422
2024-05-10,5810.08447265625,1118.280517578125,8689.1728515625,1314.2481689453125,395.1192626953125,3753.268798828125,1169.8095703125,4547.8369140625,1241.1549072265625,709.361572265625,4564.02490234375,617.5056762695312,1099.035400390625,1341.5218505859375,844.6907348632812,324.8589782714844,12422.443359375,788.0457763671875,1478.290771484375,155.42108154296875,3651.740966796875,1195.752685546875,348.7562255859375,211.78224182128906
2024-05-13,5797.85205078125,1130.1612548828125,8699.330078125,1387.9296875,390.3714599609375,3870.017333984375,1167.3497314453125,4547.4462890625,1238.0428466796875,717.9208984375,4571.65087890625,625.303466796875,1109.808837890625,1340.156494140625,851.6176147460938,327.5030212402344,12420.8251953125,779.8023071289062,1496.443603515625,156.95375061035156,3702.2890625,1193.530517578125,351.6009216308594,211.82911682128906
2024-05-14,5830.3212890625,1121.026123046875,8769.904296875,1331.7119140625,394.5038146972656,3854.879638671875,1159.49658203125,4618.81982421875,1245.7283935546875,720.7328491210938,4719.40673828125,638.2833251953125,1102.47900390625,1341.3333740234375,872.299560546875,328.5207824707031,12558.3740234375,788.8652954101562,1516.2645263671875,158.0074462890625,3658.587158203125,1206.250244140625,367.3106689453125,213.8914031982422
2024-05-15,5816.3994140625,1126.2176513671875,8613.0849609375,1380.1297607421875,411.34075927734375,3851.268310546875,1160.721435546875,4539.53759765625,1256.9027099609375,709.6575927734375,4732.3662109375,645.2421264648438,1106.2176513671875,1336.861328125,861.859619140625,329.41876220703125,12512.4091796875,790.8899536132812,1498.7493896484375,158.63009643554688,3639.08056640625,1205.304443359375,371.4291687011719,214.80535888671875
2024-05-16,5898.83984375,1137.4493408203125,8582.8046875,1394.2578125,411.7363586425781,3889.458984375,1155.861083984375,4571.17236328125,1271.2830810546875,720.3875122070312,4811.0166015625,644.8966064453125,1112.8095703125,1368.306884765625,877.1484375,333.6591796875,12248.1435546875,782.8394165039062,1507.4825439453125,158.91744995117188,3684.942138671875,1236.9383544921875,367.7352600097656,217.6878662109375
2024-05-17,5920.0712890625,1139.4959716796875,8494.625,1372.6243896484375,413.4508361816406,3869.275390625,1145.8148193359375,4583.03515625,1257.185546875,722.286865234375,4762.216796875,646.969482421875,1112.2684326171875,1359.7864990234375,897.9786987304688,338.5481872558594,12389.1220703125,788.5277709960938,1502.6744384765625,160.30642700195312,3621.793701171875,1234.5267333984375,375.8873291015625,216.0708465576172
2024-05-21,5915.29833984375,1135.802001953125,8533.3212890625,1415.0574951171875,431.3868713378906,3973.953369140625,1141.9127197265625,4562.580078125,1265.3896484375,719.6721801757812,4729.13818359375,684.6258544921875,1102.8724365234375,1350.2305908203125,913.8117065429688,338.8874206542969,12224.279296875,800.8689575195312,1512.0452880859375,167.01181030273438,3608.66357421875,1252.0224609375,417.5393981933594,216.0239715576172
2024-05-22,5835.64208984375,1124.1708984375,8518.6650390625,1454.3018798828125,441.10223388671875,4015.508056640625,1160.2769775390625,4584.548828125,1266.473876953125,719.8695068359375,4674.95849609375,675.6929931640625,1093.1812744140625,1369.67236328125,906.2415161132812,339.1468505859375,12281.169921875,802.6334838867188,1510.42626953125,166.00599670410156,3619.810302734375,1258.1695556640625,413.5482177734375,216.21144104003906
2024-05-23,5936.97705078125,1163.357177734375,8671.4208984375,1461.0224609375,437.233642578125,4069.38037109375,1165.206298828125,4738.2314453125,1276.3753662109375,736.3468017578125,4814.61865234375,668.043212890625,1116.2039794921875,1386.2423095703125,907.4290161132812,341.0425720214844,12676.6650390625,815.7206420898438,1467.0552978515625,168.1134033203125,3677.857421875,1264.884033203125,401.4050598144531,218.3206024169922
2024-05-24,5881.5859375,1172.093017578125,8656.6669921875,1458.3734130859375,440.4867248535156,4078.6806640625,1158.8939208984375,4765.66748046875,1268.50146484375,748.4827880859375,4789.447265625,664.5391845703125,1113.6949462890625,1379.369384765625,899.1661376953125,339.92510986328125,12740.9052734375,812.28955078125,1458.81298828125,167.4907684326172,3636.34130859375,1249.9891357421875,400.62255859375,217.31289672851562
2024-05-27,5906.39794921875,1185.0718994140625,8705.5224609375,1450.7208251953125,434.7278747558594,4210.12158203125,1160.2669677734375,4680.08740234375,1276.1396484375,753.6627807617188,4757.25732421875,669.0796508789062,1111.579833984375,1385.2537841796875,892.5361328125,341.4317321777344,12648.4384765625,817.2891845703125,1438.55029296875,168.1134033203125,3634.02685546875,1257.507568359375,399.6662292480469,212.06346130371094
2024-05-28,5871.791015625,1181.4776611328125,8696.86328125,1451.505615234375,428.7491760253906,4345.5205078125,1178.56201171875,4658.265625,1280.948974609375,755.0440673828125,4850.87890625,672.4849853515625,1108.775634765625,1381.205322265625,897.8796997070312,339.9649963378906,12562.685546875,814.7894287109375,1437.4217529296875,167.5386505126953,3627.272705078125,1243.7001953125,395.5365295410156,213.75076293945312
2024-05-29,5870.7470703125,1157.8660888671875,8774.6923828125,1465.3394775390625,427.69415283203125,4400.82763671875,1185.5657958984375,4633.31884765625,1275.9508056640625,744.0921630859375,4813.26220703125,696.1744995117188,1084.2281494140625,1366.0474853515625,892.4866333007812,336.8121032714844,12533.333984375,806.4567260742188,1451.2081298828125,166.916015625,3593.030029296875,1216.6055908203125,394.92791748046875,211.29010009765625
2024-05-30,5734.5048828125,1166.052734375,8676.306640625,1438.8983154296875,423.9135437011719,4366.0009765625,1160.4744873046875,4630.9267578125,1255.91259765625,747.3234252929688,4806.01025390625,686.1558227539062,1095.7393798828125,1343.922607421875,874.4766235351562,337.2610778808594,12346.490234375,809.5936889648438,1431.73046875,157.24111938476562,3529.220703125,1173.4814453125,383.23443603515625,204.79859924316406
2024-05-31,5806.8525390625,1160.2623291015625,8788.7685546875,1419.86474609375,431.8704528808594,4261.52099609375,1144.29345703125,4621.65185546875,1248.6044921875,755.5620727539062,4790.6630859375,680.4308471679688,1102.970947265625,1351.076904296875,871.3594360351562,335.3254089355469,12151.7568359375,814.005126953125,1432.41748046875,160.16273498535156,3467.677978515625,1161.7545166015625,391.2330017089844,205.38449096679688
2024-06-03,5818.7861328125,1221.9119873046875,9031.3017578125,1424.91748046875,450.4657897949219,4276.06494140625,1142.604248046875,4560.5302734375,1239.504638671875,775.615966796875,4829.029296875,686.9454956054688,1141.292724609375,1350.11669921875,905.7467041015625,342.8385314941406,12227.0732421875,887.8229370117188,1425.7940673828125,166.916015625,3497.8115234375,1177.737060546875,398.0578308105469,208.1498260498047
2024-06-04,5813.31640625,1129.4124755859375,8945.4912109375,1434.9249267578125,388.5251159667969,4278.291015625,1132.23193359375,4389.2236328125,1229.22607421875,731.6848754882812,4969.4853515625,640.6522827148438,1054.1707763671875,1338.3526611328125,833.0633544921875,326.8544921875,11932.9638671875,759.9407348632812,1403.029296875,152.25997924804688,3509.288818359375,1172.015625,363.28155517578125,205.36105346679688
2024-06-05,5901.7734375,1182.5758056640625,9289.408203125,1468.6751708984375,404.9224548339844,4454.94775390625,1150.6749267578125,4470.84912109375,1267.0870361328125,765.5520629882812,5294.93896484375,686.2545166015625,1090.7708740234375,1373.3563232421875,869.23193359375,342.8485107421875,12252.994140625,774.2042846679688,1459.401611328125,162.07855224609375,3538.99755859375,1198.1170654296875,383.14752197265625,211.61819458007812
2024-06-06,5928.9716796875,1169.0478515625,9385.376953125,1449.1019287109375,415.8247375488281,4401.7177734375,1163.87255859375,4608.27490234375,1317.8193359375,769.4493408203125,5178.671875,668.7341918945312,1092.4925537109375,1413.8341064453125,878.83056640625,346.16107177734375,12420.4833984375,800.868896484375,1445.0753173828125,164.80860900878906,3618.298828125,1245.922607421875,391.14599609375,216.0708465576172
2024-06-07,5981.23095703125,1184.8721923828125,9408.69140625,1468.969482421875,421.27587890625,4476.07080078125,1197.5286865234375,4649.52685546875,1349.880859375,776.1832885742188,5223.21435546875,671.5473022460938,1103.6103515625,1472.7496337890625,902.629638671875,349.9525146484375,12555.1396484375,813.613037109375,1478.5849609375,171.3702850341797,3678.329345703125,1302.806884765625,400.4921569824219,227.10873413085938
2024-06-10,6023.1474609375,1198.05078125,9415.9462890625,1505.2706298828125,420.00103759765625,4488.14208984375,1206.3895263671875,4669.78662109375,1337.85791015625,770.23876953125,5354.54638671875,667.6484375,1105.676513671875,1440.242919921875,906.3405151367188,348.3461608886719,12463.6533203125,815.4265747070312,1484.7176513671875,172.7017822265625,3645.03173828125,1267.5792236328125,386.1034851074219,222.7498321533203
2024-06-11,6074.11376953125,1192.6595458984375,9493.0029296875,1501.34619140625,418.8140869140625,4427.986328125,1193.1722412109375,4646.255859375,1347.3348388671875,771.9653930664062,5414.80908203125,664.2430419921875,1100.166748046875,1436.4014892578125,900.6010131835938,343.2276611328125,12606.8369140625,819.102783203125,1471.6180419921875,173.69802856445312,3638.797119140625,1276.1851806640625,385.7991943359375,223.12478637695312
2024-06-12,6134.427734375,1185.970458984375,9581.5693359375,1511.843994140625,429.6723937988281,4405.1318359375,1197.2816162109375,4736.0830078125,1356.7174072265625,776.5780029296875,5418.177734375,665.1807861328125,1101.4951171875,1426.2701416015625,907.330078125,342.3795471191406,12592.822265625,822.5828857421875,1478.5849609375,174.5601348876953,3619.479736328125,1296.186767578125,386.23388671875,223.523193359375
2024-06-13,6171.8193359375,1172.741943359375,9600.095703125,1515.3760986328125,428.96905517578125,4544.78466796875,1204.354736328125,4688.09375,1361.8095703125,779.8340454101562,5442.31982421875,671.8927612304688,1089.4918212890625,1434.6729736328125,906.1920166015625,344.4947814941406,12590.37109375,827.2884521484375,1482.4608154296875,174.87625122070312,3663.404541015625,1313.5406494140625,382.3650207519531,226.1947784423828
2024-06-14,6173.21142578125,1179.1314697265625,9715.5205078125,1535.1944580078125,428.1337890625,4539.9365234375,1202.260498046875,4818.53857421875,1349.45654296875,787.8013305664062,5431.27783203125,674.7552490234375,1087.8192138671875,1429.8233642578125,911.5357666015625,342.6689147949219,12588.7548828125,822.680908203125,1487.5633544921875,175.44142150878906,3619.857421875,1296.99072265625,389.14642333984375,223.8043975830078
2024-06-18,6201.80224609375,1189.9639892578125,9673.046875,1545.0548095703125,429.9801025390625,4516.09228515625,1183.68896484375,4819.51513671875,1355.255859375,793.1785888671875,5385.09912109375,669.968017578125,1104.7418212890625,1438.7542724609375,915.6918334960938,343.10791015625,12310.1796875,828.2687377929688,1492.4202880859375,173.49685668945312,3603.84619140625,1296.896240234375,393.23260498046875,230.53025817871094
2024-06-19,6139.34912109375,1224.6573486328125,9446.390625,1530.338134765625,420.2208251953125,4432.19140625,1176.7640380859375,4765.47216796875,1363.4127197265625,817.869873046875,5284.83349609375,653.82958984375,1125.993408203125,1451.382568359375,905.400390625,348.5556640625,11997.6953125,835.817138671875,1475.788330078125,172.44317626953125,3591.18798828125,1306.1641845703125,389.88543701171875,232.35818481445312
2024-06-20,6141.63720703125,1237.486572265625,9393.9208984375,1515.67041015625,424.7927551269531,4456.283203125,1179.648681640625,4761.712890625,1361.1494140625,823.5431518554688,5150.927734375,667.7471313476562,1138.1444091796875,1455.2718505859375,919.9469604492188,352.4568786621094,11906.9443359375,827.141357421875,1443.4073486328125,174.6080322265625,3577.538330078125,1317.46533203125,408.5776672363281,229.8506317138672
2024-06-21,6135.81982421875,1235.4398193359375,9364.90625,1512.4327392578125,422.1990966796875,4474.19140625,1187.6798095703125,4731.0546875,1365.2984619140625,821.7672119140625,5101.70654296875,675.6436157226562,1139.964599609375,1471.885498046875,927.121337890625,354.3326721191406,11957.90625,819.8380126953125,1439.7276611328125,175.83932495117188,3599.737060546875,1323.8016357421875,408.8384704589844,229.9209442138672
2024-06-24,6224.87353515625,1226.10498046875,9504.3720703125,1475.9844970703125,416.4841613769531,4471.619140625,1196.2740478515625,4755.85498046875,1358.6976318359375,825.0478515625,5169.501953125,676.3839111328125,1151.2298583984375,1466.5556640625,925.5874633789062,353.7140808105469,11940.1669921875,816.3088989257812,1466.4666748046875,173.90444946289062,3605.451904296875,1325.598388671875,402.8395690917969,229.9209442138672
2024-06-25,6260.4755859375,1269.3846435546875,9421.1806640625,1471.3731689453125,412.5716552734375,4491.1591796875,1200.9071044921875,4662.2685546875,1365.3929443359375,844.2631225585938,5155.97998046875,676.630615234375,1178.6307373046875,1480.7684326171875,920.1943969726562,355.5798645019531,11874.7001953125,825.6708984375,1476.9658203125,171.67640686035156,3625.9033203125,1350.2340087890625,394.75408935546875,232.87374877929688
2024-06-26,6102.8037109375,1283.31201171875,9240.4609375,1451.1622314453125,412.1320495605469,4497.1455078125,1199.2574462890625,4627.75390625,1361.3851318359375,839.40380859375,5102.642578125,665.970458984375,1198.357421875,1479.56787109375,909.6060791015625,358.82257080078125,11954.720703125,828.7098388671875,1492.61669921875,168.62750244140625,3642.33984375,1336.3321533203125,384.36468505859375,232.10040283203125
2024-06-27,6158.1953125,1286.856201171875,9184.673828125,1452.9283447265625,410.6373596191406,4474.3896484375,1232.0242919921875,4602.46533203125,1371.94677734375,836.7644653320312,5132.7734375,676.3839111328125,1200.226806640625,1510.9224853515625,933.3060913085938,365.2879943847656,11935.609375,827.3864135742188,1487.80859375,170.19105529785156,3716.3037109375,1354.48974609375,385.407958984375,239.41212463378906
2024-06-28,6151.43310546875,1263.1947021484375,9266.79296875,1452.8302001953125,416.0006103515625,4547.70361328125,1264.9097900390625,4562.580078125,1376.378662109375,830.671875,5221.1083984375,684.5764770507812,1180.2540283203125,1504.5843505859375,921.7776489257812,359.69061279296875,11793.6025390625,832.239013671875,1492.3221435546875,170.04446411132812,3687.96484375,1352.69287109375,394.7105712890625,241.3103485107422
2024-07-01,6106.4833984375,1259.8502197265625,9296.783203125,1451.1622314453125,417.4512634277344,4553.29345703125,1255.2979736328125,4526.0634765625,1385.1011962890625,841.2290649414062,5243.0986328125,680.9243774414062,1192.3065185546875,1527.6802978515625,934.0482177734375,360.80810546875,11866.91015625,825.3768310546875,1491.5863037109375,170.1031036376953,3757.91455078125,1392.17626953125,404.2740783691406,247.16909790039062
2024-07-02,6063.82080078125,1251.364013671875,9168.8740234375,1460.5318603515625,421.23193359375,4522.96875,1258.5677490234375,4516.4951171875,1396.369873046875,853.7597045898438,5209.412109375,685.760986328125,1171.3992919921875,1556.72998046875,928.4572143554688,353.1253967285156,11802.177734375,809.8878173828125,1495.462158203125,170.5623779296875,3794.944091796875,1392.223388671875,398.0578308105469,252.25453186035156
2024-07-03,6158.39404296875,1277.9207763671875,9189.501953125,1455.7244873046875,426.37530517578125,4510.798828125,1269.5625,4581.47314453125,1396.558349609375,872.531005859375,5221.24853515625,682.7011108398438,1182.2218017578125,1562.8280029296875,940.48046875,361.3269348144531,11881.611328125,823.4161987304688,1505.176513671875,172.35067749023438,3745.681396484375,1399.458251953125,403.3177185058594,252.6294708251953
2024-07-04,6190.56494140625,1278.8193359375,9227.0009765625,1452.7811279296875,430.4197082519531,4495.85888671875,1280.12255859375,4578.7392578125,1435.5509033203125,852.0578002929688,5201.22412109375,682.8984985351562,1213.115478515625,1585.155517578125,934.4935302734375,365.946533203125,11848.2392578125,822.7789306640625,1528.677490234375,172.2725067138672,3798.297607421875,1379.9293212890625,407.8386535644531,248.7392578125
2024-07-05,6293.4912109375,1284.9593505859375,9397.626953125,1481.3804931640625,432.1341552734375,4580.6005859375,1288.15380859375,4625.41015625,1432.7691650390625,813.0598754882812,5200.94287109375,690.1040649414062,1213.509033203125,1582.0823974609375,944.09228515625,369.70806884765625,11862.400390625,842.826416015625,1538.98046875,170.728515625,3789.654052734375,1382.0098876953125,411.96832275390625,250.80152893066406
2024-07-08,6282.453125,1285.7579345703125,9293.857421875,1458.9622802734375,433.7167663574219,4416.85595703125,1290.9493408203125,4642.1552734375,1445.9708251953125,806.7698974609375,5148.400390625,688.1793212890625,1215.1324462890625,1595.718994140625,929.3972778320312,369.807861328125,11783.5576171875,839.3953247070312,1527.2054443359375,168.3538818359375,3772.083984375,1387.92041015625,404.83917236328125,253.66061401367188
2024-07-09,6285.28662109375,1287.305419921875,9298.4404296875,1483.489990234375,434.1563415527344,4503.67578125,1300.571044921875,4714.65185546875,1443.8021240234375,807.3372192382812,5230.044921875,697.8524780273438,1228.1195068359375,1591.3975830078125,932.7881469726562,368.7402648925781,12571.6044921875,844.3458862304688,1555.66162109375,167.88482666015625,3764.810546875,1386.1708984375,404.83917236328125,253.56686401367188
2024-07-10,6340.38037109375,1289.5518798828125,9306.5849609375,1484.6181640625,431.4747619628906,4587.77392578125,1302.4874267578125,4734.61865234375,1423.8577880859375,802.20654296875,5154.81005859375,684.3297119140625,1223.1510009765625,1582.8507080078125,922.9147338867188,365.1483459472656,12517.7998046875,832.2880249023438,1568.5648193359375,164.15188598632812,3692.68798828125,1383.9012451171875,397.05804443359375,251.012451171875
2024-07-11,6353.65625,1294.6435546875,9232.8037109375,1477.55419921875,439.6514587402344,4533.9013671875,1302.922119140625,4714.6025390625,1425.6966552734375,800.1346435546875,5171.18603515625,687.2908935546875,1218.4775390625,1587.1240234375,922.5158081054688,368.0717468261719,12461.349609375,839.8364868164062,1552.0799560546875,165.07046508789062,3706.432373046875,1381.300537109375,389.23333740234375,250.33282470703125
2024-07-12,6318.70068359375,1316.1751708984375,9197.6455078125,1483.489990234375,436.2665100097656,4491.1591796875,1327.55908203125,4745.89599609375,1471.242919921875,800.5292358398438,5190.509765625,683.0958862304688,1213.01708984375,1643.8310546875,931.8905639648438,365.7469787597656,12311.69921875,842.7774047851562,1552.6214599609375,164.845703125,3952.271728515625,1423.33740234375,390.9721374511719,262.5425109863281
2024-07-15,6401.58935546875,1306.33349609375,9434.248046875,1488.5426025390625,437.6292724609375,4526.87646484375,1342.43603515625,4766.05810546875,1480.1068115234375,800.2332763671875,5246.1396484375,691.041748046875,1210.1146240234375,1639.317626953125,929.1978149414062,367.8821716308594,12391.5234375,864.001220703125,1561.3819580078125,162.95968627929688,3938.338623046875,1417.663330078125,399.4488525390625,262.3315734863281
2024-07-16,6417.9482421875,1302.886474609375,9478.1357421875,1481.87109375,450.55377197265625,4522.3251953125,1320.8330078125,4799.9873046875,1480.059814453125,799.0739135742188,5219.705078125,681.862060546875,1219.9041748046875,1657.5638427734375,931.8406982421875,360.2493591308594,12387.2099609375,863.364013671875,1554.5902099609375,163.26263427734375,3947.07666015625,1433.8819580078125,396.0147399902344,262.3315734863281
2024-07-18,6484.72607421875,1308.281982421875,9388.2646484375,1478.1920166015625,444.2233581542969,4536.1767578125,1325.0960693359375,4824.39697265625,1503.63427734375,796.6320190429688,5148.681640625,681.0231323242188,1230.136474609375,1688.2940673828125,928.948486328125,364.52972412109375,12391.62109375,875.9610595703125,1569.3062744140625,162.5688018798828,4076.58349609375,1455.775146484375,392.4501647949219,268.65899658203125
2024-07-19,6346.595703125,1291.2464599609375,9154.0498046875,1457.44140625,429.05694580078125,4471.86572265625,1318.835693359375,4736.13232421875,1503.63427734375,792.9319458007812,5078.96875,654.4217529296875,1228.51318359375,1721.8092041015625,887.061279296875,363.90045166015625,12274.26171875,871.84375,1544.106689453125,154.174560546875,4073.601806640625,1436.5587158203125,382.3650207519531,261.1598205566406
2024-07-22,6366.68359375,1281.4049072265625,9177.1162109375,1461.8563232421875,431.8704528808594,4486.70703125,1345.645751953125,4742.625,1487.1793212890625,810.3218994140625,5112.140625,663.6014404296875,1221.134033203125,1738.9989013671875,886.1636962890625,351.1051940917969,12388.8759765625,859.540771484375,1562.51416015625,156.6664581298828,4059.35302734375,1440.55615234375,390.1462097167969,237.06861877441406
2024-07-23,6368.12548828125,1262.1712646484375,9150.587890625,1469.607177734375,428.177734375,4478.98974609375,1364.34716796875,4803.35546875,1518.7738037109375,798.407958984375,5159.30126953125,645.044677734375,1206.96630859375,1764.015380859375,891.5491943359375,353.3725891113281,12376.919921875,846.8947143554688,1576.5411376953125,156.373291015625,4073.554931640625,1438.4852294921875,378.1484375,234.6079559326172
2024-07-24,6387.0205078125,1238.1917724609375,9031.3115234375,1475.1014404296875,434.1563415527344,4503.3291015625,1355.4337158203125,4799.2548828125,1504.85302734375,791.3286743164062,5069.6572265625,643.1692504882812,1203.2767333984375,1761.1824951171875,878.9830322265625,348.8377990722656,12237.951171875,835.2289428710938,1594.11181640625,156.65667724609375,4077.247314453125,1476.91796875,376.1922607421875,234.3970184326172
2024-07-25,6350.42431640625,1174.8958740234375,9048.9150390625,1471.7166748046875,434.33221435546875,4498.77783203125,1362.001953125,4784.90234375,1508.5589599609375,797.5198974609375,5056.04248046875,638.1845703125,1178.58154296875,1752.4434814453125,872.1514282226562,354.6211242675781,12259.462890625,831.7978515625,1639.7366943359375,153.80322265625,4092.63330078125,1473.7393798828125,374.6273193359375,237.5607452392578
2024-07-26,6627.6298828125,1176.3446044921875,9258.259765625,1545.2509765625,448.267822265625,4739.79443359375,1367.0599365234375,4894.1103515625,1553.931640625,798.2846069335938,5126.8779296875,658.9622192382812,1187.7314453125,1804.3489990234375,898.1314697265625,362.3522033691406,12410.8779296875,845.4732666015625,1687.4285888671875,158.8456268310547,4154.50732421875,1484.479248046875,386.4512634277344,245.9739227294922
2024-07-29,6644.6357421875,1169.0509033203125,9321.4091796875,1524.598388671875,450.2900085449219,4871.63134765625,1359.3885498046875,4845.04736328125,1551.0809326171875,791.822021484375,5075.83349609375,658.221923828125,1193.1427001953125,1796.8583984375,896.1368408203125,358.3668212890625,12496.974609375,854.443115234375,1696.287841796875,159.1583251953125,4148.1171875,1469.26025390625,390.32012939453125,245.7864532470703
2024-07-30,6604.2109375,1169.0009765625,9327.9423828125,1500.021728515625,456.62030029296875,4860.2529296875,1352.2537841796875,4834.89306640625,1549.0855712890625,797.0020141601562,5094.50146484375,651.9541015625,1189.9451904296875,1802.6683349609375,899.6773071289062,356.8086242675781,12616.63671875,855.6195068359375,1674.9764404296875,160.33099365234375,4133.20458984375,1481.4932861328125,388.7986755371094,244.42721557617188
2024-07-31,6578.65283203125,1165.104248046875,9425.3251953125,1515.130859375,459.1260681152344,4870.98828125,1341.5914306640625,4845.4873046875,1560.82080078125,797.1006469726562,5135.81494140625,660.9363403320312,1195.3074951171875,1794.1214599609375,925.757080078125,361.16357421875,12853.9521484375,855.2274169921875,1692.4488525390625,161.56227111816406,4152.1416015625,1497.2420654296875,391.8850402832031,244.66156005859375
2024-08-01,6669.248046875,1171.299072265625,9489.986328125,1516.994873046875,475.12786865234375,4865.744140625,1368.908203125,4851.44287109375,1558.872802734375,808.471923828125,5063.6103515625,664.7859497070312,1190.584716796875,1779.0924072265625,932.0401611328125,358.1170959472656,13092.345703125,845.6693725585938,1688.3636474609375,159.34400939941406,4163.265625,1487.657958984375,389.5811462402344,244.4506378173828
2024-08-02,6672.9775390625,1159.8587646484375,9378.51171875,1512.6414794921875,461.1482849121094,4968.6259765625,1384.0521240234375,4615.06103515625,1529.1787109375,818.51123046875,4971.5634765625,639.6651611328125,1177.25341796875,1748.9383544921875,897.1341552734375,360.2746276855469,12590.1328125,831.16064453125,1704.5562744140625,154.6143035888672,4055.280517578125,1452.25927734375,380.8964538574219,235.3578643798828
2024-08-05,6650.552734375,1132.5321044921875,9250.6025390625,1499.0367431640625,445.58612060546875,4805.07080078125,1353.8238525390625,4565.314453125,1484.61376953125,797.1006469726562,4886.44482421875,606.3518676757812,1153.689453125,1682.38818359375,861.4801635742188,354.3215026855469,12070.208984375,795.6732788085938,1693.43310546875,146.40574645996094,3934.087890625,1402.797607421875,362.5183410644531,227.3196563720703
2024-08-06,6620.818359375,1125.138427734375,9194.37890625,1515.7086181640625,439.2558288574219,4805.66748046875,1352.899658203125,4543.97998046875,1503.950439453125,789.922607421875,4876.92431640625,602.4036254882812,1148.0322265625,1681.6197509765625,881.6259155273438,353.7021789550781,12001.2060546875,781.9978637695312,1680.83349609375,146.89434814453125,3949.379638671875,1428.8529052734375,363.0885314941406,229.42880249023438
2024-08-07,6683.12109375,1135.829345703125,9468.2373046875,1537.1298828125,467.30279541015625,4924.07861328125,1376.539794921875,4538.3037109375,1515.21044921875,800.9239501953125,4940.40966796875,615.6303100585938,1153.5419921875,1720.5609130859375,904.015625,354.90081787109375,12239.0322265625,792.7322998046875,1707.3125,150.35366821289062,3977.07373046875,1419.4613037109375,379.22967529296875,233.1315460205078
2024-08-08,6505.65966796875,1137.17822265625,9402.9912109375,1553.3564453125,460.2251281738281,4812.58642578125,1378.914794921875,4518.31298828125,1480.290283203125,810.3958740234375,4862.87939453125,606.1051025390625,1145.818603515625,1673.9852294921875,885.1663818359375,354.1416931152344,12088.0166015625,792.1441040039062,1709.8719482421875,146.85525512695312,3950.657470703125,1412.5260009765625,370.4573059082031,228.3976593017578
2024-08-09,6551.35498046875,1141.774169921875,9524.560546875,1558.105712890625,465.80810546875,4808.05712890625,1393.85986328125,4768.765625,1510.7919921875,814.0958862304688,4908.408203125,618.365234375,1152.70556640625,1700.4901123046875,902.6692504882812,353.52239990234375,12093.3095703125,808.07421875,1708.1492919921875,148.3503875732422,4003.868408203125,1451.2960205078125,376.2032775878906,230.27244567871094
2024-08-12,6466.37744140625,1163.305908203125,9470.8212890625,1569.4842529296875,460.6647033691406,4868.830078125,1368.6300048828125,4747.24462890625,1506.3260498046875,818.9797973632812,5007.05322265625,624.7682495117188,1163.8199462890625,1726.082763671875,914.8863525390625,354.10174560546875,12141.833984375,796.6044921875,1706.721923828125,148.5946807861328,3972.52880859375,1456.8828125,379.05426025390625,229.21788024902344
2024-08-13,6552.896484375,1158.6097412109375,9432.5419921875,1566.7137451171875,458.73040771484375,4839.7626953125,1380.9219970703125,4740.7783203125,1513.3575439453125,790.9093017578125,4944.51025390625,616.8761596679688,1159.4039306640625,1726.130615234375,905.411865234375,350.0064697265625,12045.873046875,781.8507690429688,1712.8741455078125,145.48716735839844,3973.76025390625,1448.117431640625,370.5011901855469,229.8975067138672
2024-08-14,6479.75341796875,1152.1153564453125,9508.6142578125,1547.271484375,443.7398376464844,4640.8681640625,1351.6376953125,4672.66162109375,1545.1898193359375,793.1785888671875,4781.39013671875,616.92578125,1152.7552490234375,1750.9071044921875,887.9089965820312,349.1773986816406,12074.9580078125,787.1934814453125,1714.4000244140625,142.8389129638672,4066.832763671875,1468.34521484375,368.6151428222656,232.07696533203125
2024-08-16,6660.0771484375,1165.8536376953125,9643.740234375,1559.44140625,454.9288024902344,4612.8955078125,1350.1571044921875,4756.32666015625,1585.1937255859375,805.1665649414062,4833.84716796875,629.5333251953125,1178.1591796875,1785.1904296875,906.01025390625,355.0506286621094,12082.5263671875,796.1143188476562,1715.4827880859375,146.11257934570312,4181.2080078125,1527.005859375,376.378662109375,241.966552734375
2024-08-19,6697.92529296875,1152.2652587890625,9529.14453125,1558.8477783203125,463.5425109863281,4648.732421875,1373.5587158203125,4751.68701171875,1594.933349609375,804.895263671875,4891.15771484375,654.053466796875,1166.8961181640625,1790.8084716796875,915.2852783203125,355.8597106933594,12019.7060546875,797.682861328125,1720.453857421875,150.45140075683594,4251.22607421875,1536.0120849609375,388.3968505859375,243.6069793701172
2024-08-20,6646.1337890625,1167.002685546875,9537.970703125,1546.33154296875,465.8513488769531,4701.7412109375,1384.29052734375,4820.74169921875,1602.772705078125,807.92919921875,4943.47314453125,668.001220703125,1170.4189453125,1797.914794921875,914.6869506835938,360.714111328125,12084.158203125,804.1529541015625,1738.71337890625,150.42205810546875,4282.7548828125,1568.713623046875,391.81805419921875,245.90362548828125
2024-08-21,6725.36474609375,1173.397216796875,9608.4833984375,1577.7459716796875,472.6002197265625,4878.58544921875,1403.5882568359375,4850.6533203125,1593.7457275390625,802.05859375,4981.46142578125,680.6087036132812,1165.8541259765625,1798.394775390625,923.3136596679688,362.17242431640625,12090.0947265625,799.4964599609375,1737.0400390625,148.45787048339844,4309.45458984375,1545.644287109375,399.4061584472656,246.7003936767578
2024-08-22,6803.15087890625,1168.950927734375,9669.1455078125,1569.0390625,469.6253967285156,4889.18798828125,1385.0260009765625,4870.3974609375,1592.7005615234375,804.77197265625,5024.11474609375,680.55908203125,1181.979736328125,1805.6453857421875,930.74365234375,363.8804626464844,12144.900390625,804.1529541015625,1723.2591552734375,150.62728881835938,4262.587890625,1552.0015869140625,403.1343994140625,243.25546264648438
2024-08-23,6833.18017578125,1164.954345703125,10149.228515625,1557.907958984375,478.5054626464844,4833.939453125,1382.13427734375,4835.4013671875,1578.732177734375,801.6885986328125,5075.91162109375,680.1123657226562,1194.2847900390625,1788.2154541015625,938.522705078125,363.1812744140625,12170.5732421875,799.3003540039062,1747.9664306640625,150.6859130859375,4226.513671875,1539.6240234375,394.14276123046875,240.16204833984375
2024-08-26,6752.80419921875,1169.30078125,10174.68359375,1577.102783203125,477.8394775390625,4903.92041015625,1379.908447265625,4812.794921875,1633.8446044921875,809.0392456054688,5037.12255859375,706.6676025390625,1204.009765625,1801.7081298828125,960.9124145507812,362.0825500488281,12112.69921875,799.0062866210938,1744.7178955078125,152.1517333984375,4263.01416015625,1579.8389892578125,406.2486267089844,243.7241668701172
2024-08-27,6754.24853515625,1180.2413330078125,10242.0263671875,1581.1595458984375,471.8898620605469,4880.2783203125,1383.8135986328125,4806.52587890625,1626.3853759765625,807.9539184570312,5049.1875,698.37841796875,1216.9598388671875,1824.7076416015625,941.4647827148438,360.2546691894531,12363.08984375,799.839599609375,1761.4027099609375,151.1745147705078,4257.99560546875,1564.8607177734375,406.9504089355469,242.3883819580078
2024-08-28,6749.2685546875,1169.9500732421875,10393.341796875,1601.096435546875,467.4053649902344,5007.8974609375,1391.037841796875,4883.52734375,1633.8446044921875,807.6332397460938,5006.62890625,699.9171752929688,1214.47900390625,1862.160400390625,946.70068359375,357.8474426269531,12225.181640625,793.467529296875,1783.50146484375,150.1973114013672,4266.42138671875,1567.509521484375,408.83642578125,250.56719970703125
2024-08-29,6829.6943359375,1174.3963623046875,10540.7060546875,1601.44287109375,468.4709167480469,4989.8291015625,1377.49365234375,4852.9736328125,1664.631591796875,808.3485717773438,5066.10791015625,695.4002685546875,1212.5439453125,1856.638427734375,937.1763305664062,355.0406799316406,12320.451171875,798.4671020507812,1771.0494384765625,149.48394775390625,4271.8662109375,1586.7740478515625,406.51177978515625,252.48886108398438
2024-08-30,6899.71240234375,1174.2464599609375,10622.337890625,1637.40869140625,466.1621398925781,5070.810546875,1397.407470703125,4897.0029296875,1665.9619140625,807.5346069335938,5142.3662109375,696.2440795898438,1219.7879638671875,1866.5777587890625,938.5725708007812,355.7498474121094,12270.1953125,799.5454711914062,1793.148193359375,149.2787322998047,4311.58544921875,1576.3231201171875,410.9418640136719,252.3482666015625
2024-09-02,6852.45263671875,1187.784912109375,10851.08984375,1629.245849609375,462.52130126953125,5014.01953125,1365.7681884765625,4849.07421875,1716.703369140625,802.6258544921875,5258.11962890625,678.921142578125,1220.5322265625,1886.552490234375,937.92431640625,355.63995361328125,12294.333984375,805.966552734375,1787.5374755859375,149.39601135253906,4280.62451171875,1586.0999755859375,406.3802185058594,249.5594940185547
2024-09-03,6817.39404296875,1190.58251953125,10770.6787109375,1635.7265625,461.4112243652344,5043.037109375,1362.1312255859375,4803.5146484375,1701.309814453125,807.7565307617188,5322.50048828125,673.9575805664062,1238.1463623046875,1864.22509765625,928.4498291015625,356.3491516113281,12264.357421875,808.5643920898438,1783.1571044921875,148.68263244628906,4272.38720703125,1583.6436767578125,407.5205993652344,251.246826171875
2024-09-04,6903.0986328125,1176.6943359375,10692.705078125,1634.4403076171875,447.2474670410156,5073.49853515625,1348.8851318359375,4771.677734375,1696.36865234375,809.9519653320312,5357.61279296875,661.9456176757812,1226.88330078125,1846.1708984375,930.544189453125,356.3491516113281,12204.1591796875,800.427734375,1804.1729736328125,147.73472595214844,4241.0478515625,1584.799560546875,402.958984375,243.32577514648438
2024-09-05,6906.4853515625,1179.5419921875,10587.4228515625,1610.5455322265625,441.3421630859375,5097.68798828125,1330.71044921875,4738.65625,1701.4049072265625,811.7525024414062,5405.16796875,665.0726928710938,1226.486328125,1856.4464111328125,922.964599609375,355.18048095703125,12166.912109375,802.6334838867188,1797.9224853515625,148.26243591308594,4237.9228515625,1579.212890625,409.40667724609375,245.99734497070312
2024-09-06,6879.09521484375,1157.760498046875,10562.40625,1594.0220947265625,433.8384704589844,5114.51123046875,1325.0264892578125,4691.6650390625,1668.6700439453125,807.5592041015625,5414.1708984375,662.243408203125,1198.899169921875,1826.3883056640625,930.2948608398438,352.42364501953125,12055.6669921875,767.0970458984375,1796.0029296875,147.77383422851562,4219.74365234375,1563.5604248046875,403.35369873046875,244.00537109375
2024-09-09,6833.18017578125,1169.8502197265625,10579.4736328125,1603.02587890625,430.1976318359375,5150.0498046875,1322.790771484375,4686.5810546875,1659.7855224609375,812.2705688476562,5415.630859375,653.7556762695312,1225.5435791015625,1819.4739990234375,931.740966796875,357.61767578125,12015.69921875,768.8125610351562,1793.3450927734375,146.06370544433594,4212.92626953125,1521.1302490234375,403.7485046386719,241.3103485107422
2024-09-10,6893.78564453125,1186.1861572265625,10716.16015625,1614.7506103515625,436.1029052734375,5401.853515625,1321.697509765625,4676.5615234375,1690.5247802734375,814.169921875,5344.36962890625,654.6987915039062,1227.8260498046875,1836.4237060546875,936.2288818359375,357.9073486328125,12132.08984375,767.2440795898438,1807.6181640625,146.0148468017578,4268.126953125,1548.293212890625,403.51922607421875,246.419189453125
2024-09-11,6872.57177734375,1185.087158203125,11138.45703125,1611.13916015625,429.7536315917969,5414.64501953125,1314.1654052734375,4666.14599609375,1690.1922607421875,810.9879150390625,5329.99462890625,642.9846801757812,1226.88330078125,1834.35888671875,925.2584228515625,357.4378967285156,12111.51171875,753.4706420898438,1816.8218994140625,144.7933349609375,4241.14208984375,1543.669677734375,390.49658203125,241.0760040283203
2024-09-12,7033.47314453125,1202.3223876953125,11433.724609375,1639.7337646484375,440.14337158203125,5457.94775390625,1328.345458984375,4812.59716796875,1717.60595703125,822.1865234375,5470.162109375,671.2772216796875,1242.5623779296875,1873.0599365234375,952.2357788085938,365.069091796875,12268.0673828125,772.24365234375,1836.2137451171875,148.281982421875,4277.45263671875,1582.824951171875,405.0782775878906,248.43460083007812
2024-09-13,6990.9951171875,1216.410400390625,11447.037109375,1642.1578369140625,435.3481140136719,5473.72607421875,1323.74462890625,4796.11083984375,1722.547119140625,821.8658447265625,5463.2333984375,668.3486938476562,1240.7760009765625,1866.9619140625,951.9864501953125,363.6507263183594,12184.17578125,775.2826538085938,1824.7459716796875,149.99209594726562,4282.091796875,1595.154296875,416.404296875,258.06640625
2024-09-16,7003.14599609375,1229.9989013671875,11399.4423828125,1641.861083984375,438.0121765136719,5454.513671875,1321.041748046875,4836.48779296875,1721.6444091796875,824.3324584960938,5447.822265625,680.1620483398438,1253.1802978515625,1872.8680419921875,968.3922729492188,365.8382263183594,12157.416015625,770.0869750976562,1833.802001953125,150.69569396972656,4273.23974609375,1588.3634033203125,409.296875,258.67572021484375
2024-09-17,6979.939453125,1231.0478515625,11654.91796875,1654.1300048828125,433.7940979003906,5427.48681640625,1317.97119140625,4788.11474609375,1723.4498291015625,823.2718505859375,5619.14306640625,678.0277099609375,1258.39013671875,1875.07666015625,961.660400390625,368.9046630859375,12114.62890625,767.4891967773438,1836.9027099609375,149.33737182617188,4266.04345703125,1590.8197021484375,412.50665283203125,258.67572021484375
2024-09-18,7007.677734375,1239.3907470703125,11473.857421875,1634.1434326171875,432.5508728027344,5444.359375,1305.28173828125,4788.2626953125,1669.050048828125,836.0985107421875,5622.4892578125,680.2612915039062,1278.485107421875,1817.0732421875,954.1306762695312,367.5162658691406,12073.423828125,777.145263671875,1807.2735595703125,147.16796875,4115.02490234375,1546.36669921875,411.13104248046875,252.23109436035156
2024-09-19,7002.05029296875,1241.6387939453125,11574.65234375,1620.390380859375,424.42559814453125,5404.5908203125,1292.31396484375,4802.62646484375,1650.0458984375,842.8571166992188,5661.41943359375,679.2189331054688,1282.107177734375,1819.041748046875,945.8529663085938,373.9588623046875,12219.24609375,774.400390625,1817.16650390625,146.13211059570312,4067.68408203125,1536.686279296875,412.4608459472656,249.98130798339844
2024-09-20,7054.23974609375,1243.9368896484375,11646.53125,1621.3304443359375,435.9697265625,5426.04296875,1301.97265625,4899.61865234375,1672.4234619140625,858.989013671875,5668.20654296875,689.3447265625,1328.201416015625,1830.1336669921875,978.9139404296875,380.4613342285156,12479.4306640625,766.3128051757812,1836.558349609375,148.55560302734375,4057.032958984375,1562.4046630859375,412.6442565917969,252.6763458251953
2024-09-23,7124.1083984375,1245.7353515625,12033.9619140625,1640.624267578125,444.5390625,5348.49609375,1322.5025634765625,4817.0888671875,1665.534423828125,868.1650390625,5835.33251953125,685.522705078125,1311.7781982421875,1821.2025146484375,979.4624633789062,386.494384765625,12547.294921875,786.0661010742188,1833.5560302734375,150.480712890625,4041.5048828125,1548.0523681640625,415.5331115722656,250.70782470703125
2024-09-24,7093.431640625,1238.4915771484375,12136.07421875,1620.2420654296875,447.82464599609375,5351.4326171875,1321.6876220703125,4814.47265625,1687.19921875,872.2350463867188,5774.76904296875,712.6239624023438,1308.50341796875,1823.2672119140625,987.0420532226562,382.4989929199219,12602.201171875,782.5369873046875,1838.871337890625,156.8716583251953,4044.156005859375,1576.9010009765625,431.21533203125,252.88723754882812
2024-09-25,7104.8359375,1267.01708984375,12090.8212890625,1625.832275390625,448.712646484375,5369.8486328125,1329.85595703125,4832.587890625,1693.66064453125,877.6863403320312,5738.94970703125,713.2196044921875,1313.7132568359375,1820.0982666015625,980.010986328125,379.1528625488281,12648.4013671875,777.4883422851562,1841.283203125,157.97592163085938,4047.42236328125,1543.8140869140625,440.06524658203125,251.31712341308594
2024-09-26,7139.09814453125,1276.009521484375,12309.6748046875,1604.6585693359375,449.82269287109375,5354.9169921875,1340.379150390625,4930.32080078125,1695.038330078125,879.832275390625,5704.21435546875,729.3016967773438,1318.87353515625,1824.851806640625,1002.8494873046875,380.0218505859375,13240.4931640625,786.0661010742188,1868.6973876953125,161.8358917236328,4064.228515625,1547.8597412109375,460.14947509765625,253.9887237548828
2024-09-27,7204.98291015625,1272.0628662109375,12353.318359375,1654.8226318359375,458.3031921386719,5433.16064453125,1341.47216796875,4997.7958984375,1718.3660888671875,864.6377563476562,5615.51416015625,741.710693359375,1296.5953369140625,1831.093994140625,998.8602294921875,374.0587158203125,13351.095703125,786.8504028320312,1918.2103271484375,162.7544708251953,4079.56689453125,1550.0750732421875,470.46673583984375,253.94183349609375
2024-09-30,7170.2724609375,1231.1478271484375,12040.7890625,1636.6170654296875,453.0195617675781,5418.6767578125,1341.8099365234375,4961.9111328125,1706.678466796875,854.47509765625,5384.619140625,750.6947631835938,1263.252685546875,1801.179931640625,1027.28369140625,370.3630065917969,13096.25390625,772.3907470703125,1896.5545654296875,164.70889282226562,4041.5048828125,1519.20361328125,470.145751953125,253.77780151367188
2024-10-01,7124.65673828125,1225.6025390625,11856.9482421875,1647.25341796875,451.5543212890625,5399.21484375,1341.3131103515625,4908.9970703125,1726.0628662109375,851.5890502929688,5420.15576171875,756.0057983398438,1264.6419677734375,1828.7891845703125,1024.5411376953125,375.4471435546875,13025.025390625,781.2625732421875,1889.91015625,163.22352600097656,4059.87353515625,1565.63134765625,473.3555603027344,256.26190185546875
2024-10-03,6878.2490234375,1174.696044921875,11514.6240234375,1639.041259765625,446.0931091308594,5405.685546875,1338.64013671875,4721.28125,1690.00244140625,829.7838134765625,5337.818359375,741.6610107421875,1246.7301025390625,1818.2735595703125,1036.309326171875,364.1401672363281,12511.927734375,778.4686889648438,1880.95263671875,163.17466735839844,4007.655517578125,1545.06640625,469.32037353515625,248.48147583007812
2024-10-04,6746.4296875,1177.393798828125,11483.3662109375,1606.1427001953125,441.5198059082031,5400.95703125,1318.2891845703125,4646.55029296875,1688.1494140625,817.771240234375,5204.060546875,742.4552001953125,1230.2572021484375,1842.0416259765625,1030.9737548828125,361.3833312988281,12470.7744140625,780.968505859375,1880.1651611328125,162.94992065429688,4026.119140625,1557.0103759765625,466.52325439453125,250.07505798339844
2024-10-07,6745.9814453125,1144.7216796875,11329.9052734375,1607.4783935546875,426.6455993652344,5379.853515625,1313.648681640625,4608.19775390625,1688.4820556640625,798.1119384765625,5185.8681640625,725.9760131835938,1224.4520263671875,1857.55078125,1016.0140380859375,357.6376647949219,12393.3623046875,755.4802856445312,1875.440185546875,160.6143798828125,4045.623046875,1559.033203125,458.8196716308594,249.0907745361328
2024-10-08,6896.525390625,1152.3153076171875,11595.23046875,1623.358642578125,436.7689514160156,5521.90625,1322.8204345703125,4633.37109375,1700.3594970703125,814.5151977539062,5212.54443359375,716.5452270507812,1227.13134765625,1871.2353515625,995.5192260742188,360.2646179199219,12397.7646484375,766.0676879882812,1887.154052734375,155.8846893310547,4027.06591796875,1569.1951904296875,456.20599365234375,246.98165893554688
2024-10-09,6980.78564453125,1169.15087890625,11525.9853515625,1662.738037109375,432.41766357421875,5962.60009765625,1324.5693359375,4648.623046875,1719.6015625,805.6846313476562,5235.8740234375,722.2533569335938,1234.62353515625,1875.2686767578125,991.8291625976562,359.7452392578125,12624.0654296875,781.7037353515625,1900.6397705078125,155.43516540527344,4026.782470703125,1597.8031005859375,455.1054992675781,248.95018005371094
2024-10-10,6927.15185546875,1183.23876953125,11539.5419921875,1601.7891845703125,433.4388732910156,5915.2158203125,1308.3223876953125,4637.76416015625,1718.603759765625,820.114501953125,5143.02587890625,724.83447265625,1233.978515625,1842.85791015625,1004.6945190429688,374.78790283203125,12805.5009765625,781.4096069335938,1858.2139892578125,156.0801239013672,4002.590087890625,1560.1407470703125,451.6664123535156,246.0676727294922
2024-10-11,6955.38818359375,1171.4488525390625,11583.3818359375,1578.8837890625,437.7457275390625,6114.40869140625,1311.5220947265625,4667.52783203125,1748.0604248046875,814.4906005859375,5162.06640625,741.9091796875,1213.635498046875,1858.3189697265625,1009.33203125,376.04644775390625,12639.8447265625,784.0074462890625,1872.19189453125,156.9987030029297,3928.549072265625,1586.485107421875,456.2518615722656,247.6143798828125
2024-10-14,7064.14990234375,1163.355712890625,11605.1787109375,1581.55517578125,442.49658203125,6186.6796875,1323.5855712890625,4718.61572265625,1763.501220703125,832.7931518554688,5236.5810546875,737.5908813476562,1222.3184814453125,1881.1746826171875,1009.7808227539062,381.71990966796875,12403.6005859375,789.3012084960938,1879.8697509765625,154.7120361328125,3916.66650390625,1630.263916015625,457.76507568359375,257.5742492675781
2024-10-15,7111.50927734375,1152.86474609375,11236.716796875,1555.137451171875,439.0777587890625,6079.02001953125,1313.996337890625,4661.654296875,1776.9942626953125,830.81982421875,5189.732421875,721.65771484375,1245.8865966796875,1881.5589599609375,998.162109375,378.6034851074219,12313.4765625,788.81103515625,1868.74658203125,152.0833282470703,3897.872314453125,1613.74462890625,449.23614501953125,249.7938232421875
2024-10-16,7042.935546875,1152.2152099609375,11329.80859375,1545.6883544921875,440.2321472167969,6095.89306640625,1333.721435546875,4618.36572265625,1772.3858642578125,838.565185546875,5088.4482421875,727.762939453125,1233.6312255859375,1843.914306640625,986.6929931640625,374.83782958984375,12251.2998046875,789.5952758789062,1868.7957763671875,151.7022247314453,3877.184326171875,1599.248046875,446.3472900390625,249.41888427734375
2024-10-17,6961.2646484375,1130.883544921875,9869.322265625,1542.225341796875,435.0373229980469,6049.8525390625,1332.3599853515625,4564.662109375,1774.8089599609375,825.4178466796875,4918.0703125,729.4505615234375,1221.8223876953125,1890.0096435546875,976.8694458007812,372.38067626953125,12013.720703125,795.0850219726562,1859.98583984375,148.9269256591797,3890.487060546875,1636.52490234375,433.0036315917969,247.82530212402344
2024-10-18,6954.8896484375,1195.8280029296875,9815.1943359375,1535.29931640625,437.0797424316406,5994.95263671875,1339.7232666015625,4704.64697265625,1765.211669921875,829.7098388671875,4916.8916015625,748.0144653320312,1254.8177490234375,1805.0211181640625,989.9342651367188,373.779052734375,11975.484375,804.2510375976562,1880.46044921875,151.8488006591797,3913.313232421875,1625.8331298828125,440.9822998046875,257.1524353027344
2024-10-21,6958.3759765625,1189.28369140625,10240.9541015625,1507.644775390625,431.0412292480469,5898.1435546875,1331.038330078125,4748.87353515625,1751.813720703125,852.8223876953125,4941.44677734375,734.215576171875,1249.4095458984375,1779.236572265625,978.814208984375,357.4278869628906,12045.52734375,797.927978515625,1867.3192138671875,151.4969940185547,3872.31103515625,1638.6439208984375,435.6173400878906,256.8946228027344
2024-10-22,6864.30517578125,1174.7459716796875,10112.0703125,1494.3863525390625,415.900634765625,5791.57861328125,1324.0823974609375,4698.13134765625,1743.3492431640625,845.841796875,4878.8095703125,715.0064697265625,1257.7947998046875,1778.132080078125,961.06201171875,352.2239074707031,11795.630859375,774.841552734375,1858.0172119140625,146.96273803710938,3811.234619140625,1634.1649169921875,422.548828125,255.65260314941406
2024-10-23,6879.04541015625,1159.4091796875,10325.072265625,1469.89794921875,421.0067443847656,5701.63818359375,1313.2510986328125,4617.8720703125,1765.3472900390625,856.3251342773438,4850.43701171875,711.87939453125,1242.0164794921875,1799.0672607421875,951.88671875,353.15283203125,11828.1796875,770.5281372070312,1810.5712890625,145.38943481445312,3859.40283203125,1672.1160888671875,424.6123046875,256.47283935546875
2024-10-24,6926.25537109375,1166.3531494140625,10047.84765625,1476.5272216796875,423.8039245605469,5710.64697265625,1308.242919921875,4608.74072265625,1764.5343017578125,863.15771484375,4820.1787109375,685.671630859375,1243.15771484375,1789.4158935546875,955.5269165039062,352.03411865234375,11637.740234375,778.9097900390625,1819.9718017578125,145.58486938476562,3841.98583984375,1671.923583984375,430.16064453125,256.33221435546875
2024-10-25,6916.99267578125,1188.3343505859375,9953.830078125,1473.1632080078125,409.46258544921875,5754.54736328125,1294.7286376953125,4532.8251953125,1771.659912109375,860.0744018554688,4687.92919921875,673.8086547851562,1245.8370361328125,1788.1676025390625,941.315185546875,353.3625793457031,11379.6826171875,765.5775756835938,1831.2919921875,142.53598022460938,3851.1455078125,1653.3331298828125,417.64239501953125,254.7152099609375
2024-10-28,6898.51708984375,1170.599609375,9763.796875,1487.2625732421875,392.1907043457031,5788.04443359375,1303.2347412109375,4660.22265625,1790.21484375,855.5357055664062,4645.0400390625,687.8556518554688,1282.95068359375,1791.336669921875,964.65234375,349.56695556640625,11360.29296875,776.4590454101562,1873.126953125,145.97576904296875,3882.75146484375,1639.9443359375,430.25238037109375,261.8160095214844
2024-10-29,6959.42236328125,1185.8365478515625,9607.361328125,1461.93310546875,395.6539306640625,5777.044921875,1266.6666259765625,4835.45068359375,1790.21484375,864.2430419921875,4512.74365234375,688.5504760742188,1321.6519775390625,1786.4317626953125,956.2250366210938,351.63458251953125,10927.724609375,816.3088989257812,1842.316650390625,146.6402587890625,3867.945068359375,1636.043212890625,433.1412048339844,263.5033264160156
2024-10-30,6954.49169921875,1169.400634765625,9694.9423828125,1403.2598876953125,398.8507995605469,5859.91748046875,1241.97314453125,4806.9208984375,1758.7000732421875,855.7330932617188,4627.6015625,683.3883666992188,1302.1029052734375,1750.301025390625,954.7290649414062,346.5205078125,11135.921875,806.2606201171875,1823.1217041015625,145.57510375976562,3876.866455078125,1622.991455078125,429.6562194824219,264.932861328125
2024-10-31,6994.5302734375,1158.5599365234375,9593.1708984375,1535.348876953125,401.426025390625,5862.95361328125,1266.169677734375,4831.99560546875,1689.1190185546875,856.2756958007812,4703.24658203125,681.0554809570312,1282.355224609375,1706.740234375,961.06201171875,345.8212890625,10957.849609375,804.054931640625,1819.9718017578125,145.1744384765625,3766.578125,1563.4151611328125,425.5752258300781,258.62884521484375
2024-11-01,7003.74365234375,1168.5513916015625,9631.8408203125,1543.06640625,403.2908630371094,5876.79052734375,1251.6617431640625,4890.19140625,1680.845947265625,857.0651245117188,4732.42138671875,685.8701782226562,1281.90869140625,1710.236572265625,965.6995239257812,348.4782409667969,10991.0400390625,805.0352783203125,1829.3232421875,146.3373260498047,3781.526611328125,1558.555908203125,428.6015930175781,258.41790771484375
2024-11-04,6930.48828125,1138.2772216796875,9290.1015625,1567.8515625,393.65594482421875,5874.9990234375,1260.3070068359375,4769.99951171875,1686.1541748046875,845.6197509765625,4530.2763671875,669.3909912109375,1267.42041015625,1712.9561767578125,952.3355102539062,345.4716796875,10934.1064453125,813.5149536132812,1780.5977783203125,143.60113525390625,3762.496337890625,1592.3287353515625,420.760498046875,253.47312927246094
2024-11-05,6938.3564453125,1170.699462890625,9630.767578125,1584.276123046875,400.42327880859375,5784.9091796875,1264.182373046875,4837.07958984375,1696.29248046875,867.2030029296875,4544.08544921875,692.4717407226562,1286.7711181640625,1703.7777099609375,996.8157348632812,351.0252685546875,11050.49609375,832.4840698242188,1775.3804931640625,148.81944274902344,3769.330078125,1586.7403564453125,430.8484802246094,254.83238220214844
2024-11-06,6940.1494140625,1165.50390625,9772.818359375,1577.2017822265625,401.25189208984375,5927.1611328125,1293.8939208984375,4854.20751953125,1758.317626953125,865.92041015625,4612.0478515625,703.0442504882812,1292.3779296875,1771.2801513671875,1005.941162109375,352.114013671875,11232.6748046875,837.9738159179688,1798.857421875,150.11912536621094,3929.069091796875,1645.927978515625,434.70025634765625,264.3001403808594
2024-11-07,7395.06689453125,1158.9095458984375,9613.0185546875,1559.490966796875,400.8376159667969,5932.93505859375,1279.23681640625,4815.55859375,1752.1484375,861.62841796875,4539.6552734375,643.3817138671875,1268.908935546875,1751.2237548828125,987.1417846679688,348.9776611328125,11179.154296875,842.6793212890625,1762.928466796875,147.50997924804688,3939.74658203125,1604.5743408203125,419.93511962890625,264.0657653808594
2024-11-08,7391.630859375,1159.9586181640625,9665.4404296875,1575.76708984375,390.4333801269531,5922.880859375,1275.5601806640625,4723.99609375,1757.456787109375,865.5256958007812,4495.2578125,645.7146606445312,1249.2109375,1777.3504638671875,993.7240600585938,348.7579040527344,11181.9736328125,826.55322265625,1781.2867431640625,144.20701599121094,3936.045166015625,1634.0709228515625,419.93511962890625,266.69049072265625
2024-11-11,7126.74853515625,1170.0001220703125,9674.16796875,1536.3878173828125,388.1315612792969,5873.20703125,1279.783447265625,4732.09130859375,1785.9586181640625,871.3717041015625,4484.51171875,650.5789794921875,1259.5810546875,1806.6337890625,976.3707885742188,348.3983154296875,11277.6376953125,830.964599609375,1766.5213623046875,141.70533752441406,3985.115234375,1656.2298583984375,418.3760681152344,268.79962158203125
2024-11-12,6991.39306640625,1157.1611328125,9439.466796875,1509.030029296875,381.22613525390625,5784.36181640625,1255.9346923828125,4677.54833984375,1791.2667236328125,847.6423950195312,4453.123046875,646.9059448242188,1260.8709716796875,1815.083740234375,954.67919921875,343.8835144042969,11023.78515625,810.427001953125,1772.673583984375,140.88449096679688,3983.881103515625,1639.5621337890625,407.8753967285156,267.4638671875
2024-11-13,6831.337890625,1138.1773681640625,9218.5166015625,1489.6866455078125,374.6429748535156,5743.94580078125,1237.15380859375,4529.96240234375,1783.519775390625,829.463134765625,4260.2626953125,622.0382690429688,1244.100341796875,1814.6953125,933.4364013671875,337.1812438964844,10931.2861328125,792.7322998046875,1751.16552734375,135.99844360351562,3939.224853515625,1628.4825439453125,398.7044982910156,266.69049072265625
2024-11-14,6833.13037109375,1139.7259521484375,9248.5556640625,1483.8984375,377.2669982910156,5724.0361328125,1218.9691162109375,4821.18603515625,1777.9722900390625,835.087158203125,4339.8203125,622.7827758789062,1247.325439453125,1810.9559326171875,936.528076171875,341.1866149902344,10888.2021484375,788.4188842773438,1740.534423828125,134.83555603027344,3935.000732421875,1640.0479736328125,397.4664001464844,265.61248779296875
2024-11-18,6714.8564453125,1125.23828125,9281.275390625,1449.7630615234375,380.5816650390625,5740.51123046875,1186.028076171875,4813.23876953125,1755.0654296875,841.1797485351562,4461.41796875,646.3102416992188,1243.852294921875,1759.3822021484375,947.299072265625,344.1531982421875,10975.162109375,798.2710571289062,1720.4044189453125,137.99195861816406,3815.031005859375,1614.098876953125,410.39739990234375,259.1209716796875
2024-11-19,6660.0771484375,1132.981689453125,9309.75390625,1455.99658203125,379.56884765625,5874.10302734375,1205.8026123046875,4901.8896484375,1741.2449951171875,859.507080078125,4501.76171875,635.3406982421875,1239.53564453125,1772.2999267578125,944.7559204101562,345.15203857421875,10841.953125,787.1934814453125,1749.4429931640625,136.28182983398438,3834.061279296875,1651.8563232421875,406.7748718261719,263.4095764160156
2024-11-21,6715.45458984375,1138.1773681640625,9270.060546875,1450.010498046875,373.8143310546875,5950.00732421875,1187.816650390625,4819.6064453125,1756.356689453125,858.989013671875,4494.2685546875,643.3320922851562,1240.974609375,1781.3326416015625,941.6143798828125,347.0199279785156,10745.1513671875,765.3814697265625,1752.14990234375,137.02450561523438,3865.6669921875,1654.3831787109375,406.0870666503906,261.13641357421875
2024-11-22,6907.2822265625,1141.424560546875,9247.2880859375,1470.7884521484375,381.22613525390625,5971.1611328125,1206.7962646484375,4922.3740234375,1815.703857421875,861.1597290039062,4519.01171875,647.3526000976562,1268.2640380859375,1847.572265625,974.7252197265625,351.8843078613281,10945.1357421875,799.9866333007812,1767.2105712890625,139.5261688232422,4028.68017578125,1698.3121337890625,408.4256591796875,267.93255615234375
2024-11-25,7046.62060546875,1154.9129638671875,9188.087890625,1487.4110107421875,384.3565979003906,6110.6259765625,1201.6788330078125,4938.3173828125,1809.295654296875,880.8929443359375,4579.52734375,655.0462036132812,1290.9886474609375,1835.383056640625,950.7398071289062,357.737548828125,10907.0986328125,827.8275756835938,1770.754150390625,140.39588928222656,4095.593505859375,1683.8797607421875,407.0041809082031,272.9945373535156
2024-11-26,7048.1640625,1143.822509765625,8911.5947265625,1476.9229736328125,378.8783264160156,6044.974609375,1201.0328369140625,4868.62060546875,1816.8037109375,880.8683471679688,4561.05322265625,661.2506713867188,1294.9580078125,1868.8427734375,961.0121459960938,356.3092041015625,10826.767578125,822.8770141601562,1734.0377197265625,141.1776580810547,4131.28125,1696.31982421875,411.2227478027344,276.0644836425781
2024-11-27,6954.69140625,1148.6683349609375,8963.1875,1475.389404296875,384.08038330078125,5972.00732421875,1192.3380126953125,4854.55322265625,1808.6739501953125,894.06494140625,4591.734375,656.287109375,1290.740478515625,1869.1827392578125,966.248046875,356.22930908203125,10939.9423828125,817.6812744140625,1722.0777587890625,141.2362823486328,4112.15576171875,1707.3994140625,408.8383483886719,273.2054443359375
2024-11-28,6813.6591796875,1131.532958984375,8790.708984375,1476.972412109375,382.28497314453125,5924.82177734375,1184.4381103515625,4754.056640625,1760.7086181640625,884.6176147460938,4509.02001953125,645.51611328125,1276.5003662109375,1803.282958984375,951.5875244140625,351.434814453125,10832.6044921875,822.3377685546875,1707.1156005859375,140.1222686767578,4028.965087890625,1665.1710205078125,414.38677978515625,268.1903076171875
2024-11-29,6801.5078125,1135.3297119140625,8810.361328125,1517.6875,383.38983154296875,6144.720703125,1194.722900390625,4769.99951171875,1767.547119140625,886.04833984375,4488.47119140625,651.4227905273438,1290.1451416015625,1804.448486328125,963.4057006835938,352.6434020996094,10955.623046875,822.4358520507812,1753.035888671875,141.2460479736328,4053.5947265625,1664.150634765625,415.89990234375,270.8385009765625
2024-12-02,7037.45751953125,1136.1290283203125,8904.669921875,1491.764404296875,388.2696838378906,6226.99609375,1214.05029296875,4758.99267578125,1789.9755859375,890.3156127929688,4475.9814453125,657.7761840820312,1294.6602783203125,1825.7677001953125,987.1417846679688,350.3860168457031,11118.955078125,819.93603515625,1780.2532958984375,143.07345581054688,4059.099609375,1696.8543701171875,422.3653869628906,273.978759765625
2024-12-03,7097.96337890625,1159.509033203125,8935.3427734375,1517.6875,388.6380310058594,6182.39892578125,1216.782958984375,4782.33984375,1808.3870849609375,900.9715576171875,4427.4833984375,662.6901245117188,1298.381591796875,1837.7139892578125,996.1176147460938,349.57696533203125,11158.4775390625,837.1405639648438,1771.88623046875,143.20046997070312,4083.87255859375,1700.3045654296875,429.51873779296875,273.39288330078125
2024-12-04,7203.33984375,1158.4599609375,8776.7138671875,1484.98681640625,383.6200256347656,6228.140625,1207.889404296875,4735.64501953125,1814.9864501953125,917.6461791992188,4369.84228515625,658.222900390625,1305.9730224609375,1834.9459228515625,992.17822265625,351.09521484375,11010.6767578125,842.7774047851562,1772.0338134765625,142.52621459960938,4132.89453125,1710.1204833984375,429.5645446777344,275.5957946777344
2024-12-05,7245.5693359375,1165.404052734375,8672.1630859375,1482.414306640625,385.23126220703125,6068.5673828125,1232.0362548828125,4775.62646484375,1840.188720703125,920.4335327148438,4377.8544921875,665.9661254882812,1326.2664794921875,1879.2352294921875,996.5165405273438,354.6211242675781,11062.515625,848.4142456054688,1785.0765380859375,143.71841430664062,4236.96630859375,1736.701416015625,433.32464599609375,280.56402587890625
2024-12-06,7204.28564453125,1183.53857421875,8874.9736328125,1461.78466796875,384.08038330078125,6102.9609375,1245.7989501953125,4814.62060546875,1838.9451904296875,915.5494995117188,4363.951171875,665.271240234375,1318.5758056640625,1867.1431884765625,1001.1041870117188,354.9807434082031,11196.763671875,846.649658203125,1776.6109619140625,144.9105987548828,4219.3603515625,1732.668212890625,459.8284606933594,278.736083984375
2024-12-09,7164.994140625,1162.2567138671875,8853.078125,1453.4735107421875,381.1801452636719,5932.63623046875,1247.2398681640625,4780.11865234375,1826.7027587890625,922.5301513671875,4332.232421875,666.0158081054688,1312.1751708984375,1868.357177734375,1009.1824340820312,356.8385925292969,11159.021484375,841.1598510742188,1778.3829345703125,146.46437072753906,4225.67236328125,1727.857421875,455.8391418457031,284.7354431152344
2024-12-10,7229.18505859375,1152.6649169921875,8790.513671875,1439.8193359375,381.22613525390625,5905.708984375,1232.5330810546875,4751.43994140625,1852.000732421875,921.5928344726562,4325.0205078125,664.0303344726562,1320.2626953125,1892.54150390625,1010.2296142578125,358.5266418457031,11078.2958984375,850.423828125,1781.6312255859375,146.89434814453125,4207.06884765625,1713.9595947265625,458.7738342285156,288.8131408691406
2024-12-11,7311.35400390625,1146.2703857421875,8845.6650390625,1438.73095703125,383.896240234375,5901.080078125,1230.7445068359375,4740.482421875,1846.7882080078125,919.1261596679688,4383.60498046875,665.6187133789062,1317.3353271484375,1917.4056396484375,997.5138549804688,358.5266418457031,11156.9931640625,844.6399536132812,1785.617919921875,147.16796875,4202.22900390625,1713.2305908203125,471.70477294921875,289.65679931640625
2024-12-12,7198.11083984375,1144.6717529296875,8741.701171875,1430.1229248046875,376.6685791015625,5924.72265625,1237.55126953125,4746.109375,1851.8570556640625,917.2268676757812,4295.28125,663.831787109375,1319.0718994140625,1929.88623046875,1003.0988159179688,353.3326110839844,11047.8251953125,836.8955078125,1777.20166015625,147.34385681152344,4228.330078125,1739.27685546875,478.7205505371094,289.75054931640625
2024-12-13,7230.33056640625,1147.169677734375,8798.4140625,1432.0029296875,377.7734375,5850.0625,1238.4952392578125,4764.12548828125,1883.0372314453125,923.3934936523438,4312.908203125,657.27978515625,1334.6021728515625,1942.22119140625,997.164794921875,360.714111328125,11151.8486328125,844.5909423828125,1785.0765380859375,145.55555725097656,4246.31640625,1745.8857421875,476.42779541015625,290.5473327636719
2024-12-16,7230.08203125,1149.917236328125,8775.9326171875,1433.140625,377.9115295410156,5829.904296875,1261.946533203125,4776.564453125,1869.264404296875,920.1621704101562,4278.54931640625,648.742431640625,1335.7928466796875,1923.1361083984375,987.6903076171875,360.4743957519531,11156.251953125,844.0028076171875,1781.4837646484375,144.42198181152344,4190.60205078125,1725.6220703125,470.8794250488281,289.84429931640625
2024-12-17,7189.7939453125,1135.27978515625,8675.1376953125,1435.5152587890625,370.9600524902344,5820.89501953125,1239.787109375,4681.94140625,1865.6298828125,904.4002685546875,4161.75927734375,634.7947387695312,1323.5374755859375,1919.7852783203125,964.25341796875,356.3990783691406,10989.60546875,833.8074951171875,1761.0584716796875,142.36007690429688,4108.31201171875,1720.9569091796875,461.4792785644531,289.5162048339844
2024-12-18,7208.369140625,1121.291748046875,8735.361328125,1456.8375244140625,364.42291259765625,5823.234375,1267.3621826171875,4689.04931640625,1874.9552001953125,893.2755737304688,4137.5810546875,628.3916625976562,1304.087646484375,1922.261962890625,944.30712890625,355.59002685546875,10884.6416015625,821.651611328125,1772.8704833984375,141.1678924560547,4126.677734375,1728.8779296875,455.56402587890625,293.0314636230469
2024-12-19,7268.27783203125,1107.953125,8760.6220703125,1490.6265869140625,360.8781433105469,5794.3662109375,1317.245849609375,4710.86669921875,1849.9920654296875,884.790283203125,4154.0771484375,624.7682495117188,1277.0462646484375,1890.259033203125,923.4632568359375,352.01416015625,10838.044921875,816.4068603515625,1794.7725830078125,139.99522399902344,4054.59130859375,1705.0181884765625,451.4830017089844,293.17205810546875
2024-12-20,7222.6123046875,1070.9346923828125,8570.05078125,1456.4913330078125,351.7169189453125,5820.248046875,1335.18212890625,4673.8955078125,1828.089599609375,873.93701171875,4090.921142578125,618.1170654296875,1278.5347900390625,1866.9002685546875,914.8863525390625,348.30841064453125,10784.3271484375,796.016357421875,1780.5484619140625,137.47401428222656,3958.159423828125,1638.6387939453125,437.6807861328125,286.09466552734375
2024-12-23,7235.95849609375,1078.228515625,8551.7158203125,1460.448974609375,352.5916442871094,5822.93603515625,1332.8966064453125,4689.740234375,1820.103515625,888.4902954101562,4027.435791015625,629.5333251953125,1286.8704833984375,1868.988525390625,934.533447265625,348.6679992675781,10706.123046875,804.9862670898438,1786.20849609375,138.48056030273438,3946.77001953125,1664.247802734375,433.9665832519531,288.62567138671875
2024-12-24,7210.958984375,1077.978759765625,8561.078125,1460.152099609375,354.01873779296875,5756.14013671875,1342.3863525390625,4731.5478515625,1814.31689453125,887.0596313476562,4014.71044921875,622.882080078125,1287.3170166015625,1854.1768798828125,919.374267578125,349.4071350097656,10621.6376953125,796.0653686523438,1790.5396728515625,137.1808624267578,3966.89208984375,1656.958740234375,431.5385437011719,286.18841552734375
2024-12-26,7232.02392578125,1075.780517578125,8659.0458984375,1474.7957763671875,355.9522399902344,5860.06689453125,1346.609619140625,4739.89013671875,1817.951416015625,883.4336547851562,4029.6982421875,624.172607421875,1287.4161376953125,1852.5743408203125,911.994140625,350.1562805175781,10779.3310546875,796.45751953125,1812.5399169921875,137.16131591796875,3957.020751953125,1650.9329833984375,429.9976501464844,285.95404052734375
2024-12-27,7217.2333984375,1076.5299072265625,8707.6142578125,1490.676025390625,350.33587646484375,5854.392578125,1380.693359375,4814.47265625,1809.5826416015625,887.1336669921875,3994.774169921875,612.9052734375,1297.5382080078125,1861.655517578125,910.8472290039062,351.5746765136719,10823.8984375,783.9094848632812,1832.1285400390625,135.74436950683594,3952.987060546875,1663.5189208984375,421.26605224609375,289.75054931640625
2024-12-30,7284.9111328125,1069.036376953125,8562.8828125,1505.3197021484375,347.9419250488281,6017.599609375,1368.2225341796875,4793.642578125,1844.9228515625,877.0943603515625,3947.313232421875,596.723876953125,1284.7369384765625,1851.2144775390625,896.5357666015625,347.73907470703125,10683.3203125,772.7828369140625,1854.42431640625,133.76063537597656,3947.24462890625,1691.8978271484375,410.5732727050781,284.6885986328125
2024-12-31,7267.0830078125,1063.790771484375,8581.1201171875,1512.83935546875,353.6964416503906,6071.1552734375,1379.7493896484375,4760.1767578125,1833.8760986328125,874.60302734375,3921.8623046875,598.0640869140625,1271.83642578125,1825.9617919921875,899.0789184570312,356.7986145019531,10742.1337890625,779.3019409179688,1856.8358154296875,134.90396118164062,3886.50048828125,1658.22216796875,415.0558166503906,282.95440673828125
2025-01-01,7340.0888671875,1070.8848876953125,8524.5048828125,1512.938232421875,355.7680969238281,6045.47265625,1360.372314453125,4822.76513671875,1828.6636962890625,879.4869384765625,3944.249755859375,588.6332397460938,1273.8211669921875,1828.3900146484375,903.018310546875,357.26806640625,11088.287109375,777.58642578125,1860.3795166015625,133.6238250732422,3903.2529296875,1655.9381103515625,415.0558166503906,281.5013732910156
2025-01-02,7391.88037109375,1085.672119140625,8855.0771484375,1521.645263671875,361.79888916015625,6116.8974609375,1366.38427734375,5240.1533203125,1886.2889404296875,884.9136352539062,4064.103515625,594.6392211914062,1280.7178955078125,1901.57421875,910.0493774414062,367.0068664550781,11714.5087890625,785.428955078125,1848.61669921875,135.03099060058594,3963.33251953125,1678.3885498046875,420.0053405761719,284.78228759765625
2025-01-03,7269.0751953125,1083.9736328125,8744.0908203125,1495.27685546875,362.443359375,6020.88427734375,1344.1253662109375,5242.76953125,1861.8519287109375,862.9356689453125,3999.628662109375,586.8463745117188,1255.363525390625,1883.023193359375,912.592529296875,367.3065185546875,11806.4638671875,777.782470703125,1820.710205078125,135.20689392089844,3891.340576171875,1641.943115234375,427.94317626953125,276.0176086425781
2025-01-06,7399.35009765625,1062.491943359375,8605.74609375,1475.63671875,348.7245788574219,5864.9443359375,1341.83984375,5182.89599609375,1867.97314453125,843.8438110351562,3961.640625,569.9204711914062,1254.4207763671875,1882.1490478515625,898.4805908203125,355.5201110839844,11629.7763671875,761.1171264648438,1818.495361328125,129.167724609375,3886.690185546875,1638.8817138671875,413.04803466796875,275.8769836425781
2025-01-07,7406.91943359375,1066.5885009765625,8592.53125,1481.6226806640625,349.6913146972656,5881.1708984375,1343.0323486328125,5111.02734375,1832.44140625,845.2744140625,3923.22900390625,580.2447509765625,1269.454833984375,1875.3502197265625,909.3512573242188,354.0018615722656,11595.7939453125,763.4208374023438,1824.401611328125,130.34039306640625,3823.38330078125,1624.15771484375,418.6045227050781,275.64263916015625
2025-01-08,7113.9990234375,1074.0321044921875,8428.634765625,1479.0997314453125,350.19769287109375,5841.7998046875,1362.111328125,5097.1083984375,1848.0794677734375,835.8518676757812,3900.653564453125,582.379150390625,1254.073486328125,1877.5841064453125,899.8767700195312,353.3226623535156,11695.416015625,755.970458984375,1808.996337890625,129.61724853515625,3899.408447265625,1616.9658203125,416.8768615722656,278.9235534667969
2025-01-09,7063.10400390625,1060.8433837890625,8617.44921875,1472.470458984375,342.69378662109375,5798.1484375,1362.9559326171875,5074.1064453125,1850.5181884765625,822.778564453125,3903.62255859375,584.960205078125,1252.73388671875,1862.1898193359375,888.5572509765625,357.627685546875,11614.837890625,745.4810791015625,1797.7747802734375,126.96900177001953,3833.396484375,1596.60498046875,409.8728942871094,274.0021667480469
2025-01-10,7008.52392578125,1039.811279296875,8547.3759765625,1453.275634765625,339.2871398925781,5745.18994140625,1345.8643798828125,4993.69921875,1908.1915283203125,817.3272094726562,3885.666015625,570.2679443359375,1240.2799072265625,1910.4124755859375,897.6826782226562,350.8354797363281,11506.5595703125,728.61962890625,1756.8748779296875,124.52598571777344,4048.659423828125,1657.6390380859375,403.5693054199219,281.7357482910156
2025-01-13,6812.1650390625,1048.404052734375,8383.7724609375,1423.9884033203125,334.1310729980469,5706.51611328125,1326.6859130859375,4875.876953125,1902.73974609375,804.5499267578125,3811.622802734375,559.6458129882812,1220.3338623046875,1905.799072265625,881.3765869140625,347.27960205078125,11374.5888671875,715.1403198242188,1719.56787109375,120.12853240966797,4072.814697265625,1612.9810791015625,386.33953857421875,273.58038330078125
2025-01-14,6679.94775390625,1050.7520751953125,8398.3525390625,1432.4481201171875,339.9776916503906,5963.1474609375,1329.12060546875,4965.16845703125,1734.550048828125,812.3198852539062,3867.237548828125,586.5982055664062,1230.8031005859375,1884.285888671875,903.61669921875,349.716796875,11615.431640625,733.4232177734375,1743.14306640625,124.0373764038086,4017.7177734375,1601.1728515625,402.121826171875,274.5177917480469
2025-01-15,6665.00732421875,1025.9232177734375,8365.9736328125,1431.90380859375,344.903564453125,5850.2119140625,1328.772705078125,5016.8486328125,1746.170654296875,810.5685424804688,3875.956787109375,587.243408203125,1228.7686767578125,1893.60986328125,901.6220703125,357.5078125,11819.4736328125,738.8639526367188,1729.362060546875,123.64649200439453,4033.426025390625,1628.82275390625,406.4642639160156,274.3302917480469
2025-01-16,6762.4150390625,1037.1136474609375,8369.826171875,1428.2430419921875,348.8166198730469,5889.23388671875,1294.539794921875,4983.18505859375,1714.177734375,815.008544921875,3840.325927734375,598.2129516601562,1239.53564453125,1873.0191650390625,904.3646850585938,360.6941223144531,11962.8212890625,751.2158813476562,1735.711181640625,124.89732360839844,3992.328369140625,1640.1937255859375,420.0987243652344,270.01824951171875
2025-01-17,6800.7109375,990.2037353515625,8369.2890625,1427.0557861328125,356.91900634765625,5889.23388671875,1301.14794921875,4948.1396484375,1728.3319091796875,807.4605712890625,3862.854248046875,612.5081787109375,1216.066650390625,1763.2672119140625,906.1598510742188,351.31494140625,12006.3994140625,749.0592041015625,1758.597412109375,127.31103515625,3986.528564453125,1613.6129150390625,424.0209045410156,264.3001403808594
2025-01-20,6753.650390625,987.206298828125,8333.2041015625,1430.17236328125,356.3665771484375,5973.40087890625,1294.142333984375,4952.53271484375,1735.384521484375,814.6138305664062,3857.293212890625,613.6498413085938,1223.50927734375,1761.17919921875,916.7313842773438,383.65765380859375,11891.3447265625,763.9110107421875,1750.42724609375,128.6595916748047,3941.582275390625,1627.5106201171875,430.464599609375,281.4545593261719
2025-01-21,6891.3955078125,969.37158203125,8259.228515625,1412.9068603515625,351.3026123046875,5792.5244140625,1280.0318603515625,4906.33203125,1741.374755859375,810.2478637695312,3793.854736328125,610.4730834960938,1186.9910888671875,1748.941162109375,924.36083984375,378.22393798828125,11756.455078125,744.1085815429688,1735.1204833984375,126.74424743652344,3901.03369140625,1594.36962890625,423.880859375,279.6734619140625
2025-01-22,6865.2509765625,958.4808349609375,8251.71875,1424.1864013671875,349.1388854980469,5786.1533203125,1288.080810546875,4945.5732421875,1765.8179931640625,821.9152221679688,3822.981689453125,608.9840087890625,1191.258056640625,1803.0887451171875,916.930908203125,383.058349609375,11891.6416015625,738.6188354492188,1770.8033447265625,125.98202514648438,4017.75,1636.59765625,421.63958740234375,289.75054931640625
2025-01-23,6893.0888671875,950.2379150390625,8192.32421875,1435.8121337890625,355.2156677246094,5824.42919921875,1281.2740478515625,5050.7099609375,1745.8189697265625,821.347900390625,3865.06982421875,603.8218994140625,1192.5482177734375,1811.8299560546875,927.4026489257812,378.5335693359375,11916.7705078125,731.2174682617188,1804.9111328125,127.39897918701172,4006.97265625,1665.2197265625,416.97027587890625,297.81219482421875
2025-01-24,6717.99365234375,947.6900634765625,8193.8359375,1396.4822998046875,352.6836853027344,5736.4794921875,1216.68359375,5139.65625,1732.1480712890625,813.8986206054688,3819.3994140625,602.4817504882812,1199.941162109375,1821.5426025390625,929.94580078125,376.8055419921875,11839.75390625,729.501953125,1793.6895751953125,126.7833480834961,4013.64208984375,1674.5982666015625,412.76788330078125,300.06195068359375
2025-01-27,6668.59375,947.2904052734375,8177.35302734375,1381.343994140625,345.96240234375,5551.47216796875,1190.1021728515625,5078.6474609375,1653.987060546875,804.0319213867188,3785.51220703125,582.6273193359375,1218.547607421875,1769.6290283203125,916.8809814453125,375.8466796875,11865.42578125,734.4525146484375,1758.8927001953125,123.49014282226562,3929.354736328125,1607.392822265625,395.8649597167969,288.67254638671875
2025-01-28,6682.03955078125,982.9598999023438,8190.81298828125,1405.5849609375,341.26666259765625,5385.67724609375,1173.8055419921875,5040.0478515625,1635.9202880859375,824.0611572265625,3795.31591796875,569.6723022460938,1237.3525390625,1777.15625,913.6896362304688,377.1152038574219,11993.9345703125,737.5895385742188,1678.8155517578125,125.68885803222656,3905.3349609375,1601.998779296875,397.21905517578125,290.25
2025-01-29,6757.08642578125,982.560302734375,8412.6396484375,1408.8995361328125,349.3690490722656,5594.67529296875,1173.755859375,5116.5556640625,1660.7984619140625,827.4651489257812,3838.7705078125,579.84765625,1242.066162109375,1827.1759033203125,935.0819702148438,383.6277160644531,11849.6474609375,743.5204467773438,1708.198486328125,127.81918334960938,3962.846923828125,1633.8765869140625,402.121826171875,298.7108154296875
2025-01-30,6797.27490234375,983.8591918945312,8531.576171875,1442.0455322265625,354.525146484375,5709.900390625,1186.9720458984375,5098.24365234375,1655.0982666015625,834.470458984375,3938.0751953125,583.5703735351562,1245.98583984375,1806.488037109375,948.29638671875,379.8620300292969,11871.509765625,747.5887451171875,1711.889892578125,128.1318817138672,3963.0888671875,1623.13720703125,403.8494873046875,295.4125061035156
2025-01-31,6783.181640625,985.2579345703125,8629.1044921875,1463.7635498046875,369.89459228515625,5552.41796875,1209.677978515625,5127.8095703125,1667.030029296875,838.047119140625,4090.166748046875,589.973388671875,1243.2073974609375,1825.7677001953125,942.4620971679688,379.82208251953125,12178.833984375,757.68603515625,1716.6639404296875,131.5521240234375,3975.0263671875,1627.3648681640625,412.2075500488281,298.18499755859375
2025-02-01,6813.6591796875,997.2977294921875,8929.2958984375,1424.2852783203125,359.9908752441406,5593.08251953125,1197.356201171875,5321.15283203125,1636.64501953125,834.1990966796875,4149.55224609375,582.1806030273438,1245.936279296875,1798.1353759765625,931.740966796875,380.1816711425781,12778.1962890625,750.9218139648438,1714.9412841796875,129.93972778320312,3937.08740234375,1600.103759765625,410.8067626953125,291.3971862792969
2025-02-03,6771.37939453125,988.55517578125,8705.908203125,1405.53564453125,349.4331359863281,5857.4287109375,1196.2630615234375,5415.03564453125,1634.712646484375,827.8104858398438,4040.67919921875,569.870849609375,1243.40576171875,1809.741943359375,931.4417724609375,376.4659423828125,12999.25390625,745.9712524414062,1713.3663330078125,128.81594848632812,3932.73779296875,1608.170166015625,393.8104248046875,299.8102722167969
2025-02-04,6764.95556640625,1014.4330444335938,8691.1328125,1433.734375,351.81561279296875,6068.6171875,1212.2615966796875,5380.33544921875,1673.8897705078125,848.9744873046875,3993.972900390625,579.6987915039062,1258.4893798828125,1844.2215576171875,941.714111328125,385.2558288574219,12969.5751953125,763.8619995117188,1737.630615234375,130.3794708251953,3969.85498046875,1612.3980712890625,408.75225830078125,302.3437194824219
2025-02-05,6916.7939453125,1012.4347534179688,8707.126953125,1421.6138916015625,357.7018127441406,6095.74365234375,1219.8138427734375,5347.85693359375,1654.856689453125,857.311767578125,4025.362060546875,596.2275390625,1257.9931640625,1842.521728515625,947.3489379882812,381.9096984863281,12946.6728515625,750.9708251953125,1725.326171875,131.33714294433594,3954.437744140625,1614.293212890625,415.0558166503906,303.1563415527344
2025-02-06,6846.67578125,1019.8284301757812,8627.689453125,1455.947021484375,354.6653137207031,6091.9609375,1228.8564453125,5273.619140625,1665.1461181640625,860.29638671875,3987.3271484375,591.1150512695312,1262.6572265625,1860.587158203125,945.8529663085938,382.74871826171875,12934.009765625,737.4424438476562,1725.07861328125,129.51951599121094,3946.36669921875,1622.6513671875,414.4021301269531,303.968994140625
2025-02-07,6763.3115234375,1023.2255249023438,8767.205078125,1456.6890869140625,353.4039611816406,6112.71630859375,1232.582763671875,5303.7783203125,1667.2232666015625,854.8203735351562,4029.3681640625,602.9780883789062,1247.2760009765625,1848.9320068359375,978.1160888671875,385.4056396484375,12909.7724609375,722.688720703125,1732.802978515625,135.1580352783203,3894.799072265625,1644.5186767578125,425.6551818847656,304.0167541503906
2025-02-10,6734.12939453125,1010.8860473632812,8661.044921875,1443.4307861328125,346.1630554199219,5911.880859375,1213.2552490234375,5267.0546875,1675.1456298828125,846.4337768554688,3955.6552734375,591.6610717773438,1252.9322509765625,1826.2532958984375,956.5740966796875,391.5785217285156,12762.615234375,722.2965698242188,1715.2747802734375,130.98533630371094,3902.0966796875,1651.2733154296875,406.9779052734375,305.0205993652344
2025-02-11,6292.009765625,1006.539794921875,8545.4248046875,1437.791015625,335.41845703125,5919.794921875,1202.1756591796875,4908.701171875,1664.856201171875,839.3544921875,3851.118896484375,591.5121459960938,1243.15771484375,1821.7369384765625,951.9365844726562,383.2781066894531,12588.103515625,716.7088012695312,1683.239013671875,127.14490509033203,3831.148681640625,1622.1654052734375,393.5769958496094,299.23663330078125
2025-02-12,6348.98046875,1006.0402221679688,8496.2705078125,1433.8826904296875,336.6797790527344,5942.7900390625,1208.1875,4787.37451171875,1659.156005859375,842.0184936523438,3880.30029296875,594.5399780273438,1242.2149658203125,1809.5963134765625,953.8314819335938,388.3422546386719,12520.041015625,718.7184448242188,1677.3963623046875,129.2654571533203,3818.196044921875,1632.9532470703125,393.9972229003906,296.5597839355469
2025-02-13,6346.6396484375,1007.339111328125,8476.521484375,1456.5902099609375,337.89434814453125,5983.255859375,1215.888671875,4758.69580078125,1645.436767578125,837.5291137695312,3823.096923828125,598.1137084960938,1239.337158203125,1790.268310546875,967.1954956054688,394.1056213378906,12535.6220703125,713.3267211914062,1729.3863525390625,133.14498901367188,3779.5322265625,1628.191162109375,396.471923828125,294.9822998046875
2025-02-14,6254.18115234375,996.6482543945312,8296.240234375,1444.0244140625,330.9337463378906,5817.26171875,1189.5059814453125,4643.14453125,1653.3109130859375,836.1231079101562,3732.12255859375,601.7868041992188,1250.451416015625,1803.040283203125,962.0094604492188,390.03033447265625,12544.4765625,707.9349975585938,1683.981689453125,131.40554809570312,3803.40771484375,1612.446533203125,386.0126647949219,294.5520935058594
2025-02-17,6283.80419921875,992.1021118164062,8326.1328125,1459.063720703125,336.4461975097656,5896.89892578125,1191.3939208984375,4684.458984375,1652.0067138671875,847.2230834960938,3745.69873046875,606.4028930664062,1241.5699462890625,1789.345458984375,970.9354248046875,388.6119384765625,12626.2412109375,713.375732421875,1697.548583984375,131.22964477539062,3774.0712890625,1618.1319580078125,387.693603515625,291.9230041503906
2025-02-18,6360.25439453125,993.3011474609375,8237.8203125,1466.4349365234375,337.3804931640625,5813.23046875,1189.853759765625,4658.98876953125,1667.078369140625,850.0350952148438,3710.96142578125,606.9985961914062,1233.531982421875,1798.7181396484375,976.1713256835938,392.2178039550781,12649.2919921875,711.5131225585938,1685.071044921875,131.47393798828125,3743.81689453125,1657.055908203125,390.54193115234375,298.4718017578125
2025-02-19,6405.93505859375,1010.4863891601562,8269.908203125,1448.6748046875,338.50164794921875,5907.99853515625,1158.5025634765625,4749.021484375,1654.3253173828125,852.0823974609375,3748.307861328125,621.740478515625,1251.9896240234375,1758.7509765625,974.7252197265625,396.5428161621094,12550.3134765625,712.9835815429688,1660.3138427734375,132.6661376953125,3657.693359375,1638.395751953125,395.49139404296875,300.28826904296875
2025-02-20,6374.31787109375,1016.3314208984375,8416.8828125,1464.060302734375,343.780517578125,5951.20166015625,1163.5704345703125,4825.82568359375,1630.413330078125,832.2998046875,3777.24755859375,634.1494750976562,1240.379150390625,1772.6884765625,978.5150146484375,393.6561279296875,12307.4423828125,715.3363647460938,1653.0848388671875,134.89418029785156,3653.150146484375,1611.231689453125,404.83001708984375,299.5234375
2025-02-21,6301.1083984375,1008.0885009765625,8295.8017578125,1460.152099609375,345.649169921875,5730.95458984375,1144.541259765625,4898.92822265625,1643.117919921875,834.9638061523438,3722.6533203125,648.7920532226562,1223.50927734375,1762.8302001953125,979.2630004882812,390.16015625,12191.4970703125,707.7879028320312,1627.7830810546875,137.5522003173828,3659.530029296875,1603.1165771484375,409.2192077636719,292.8790588378906
2025-02-24,6235.130859375,1009.1875,8238.1630859375,1461.1416015625,340.8374328613281,5676.70166015625,1157.2108154296875,4946.65869140625,1588.3861083984375,827.3665161132812,3753.8154296875,637.2269287109375,1209.0211181640625,1713.3931884765625,964.2035522460938,392.76715087890625,12213.013671875,702.2981567382812,1623.57421875,134.51307678222656,3552.817626953125,1568.3232421875,394.8843688964844,282.075927734375
2025-02-25,6235.0810546875,1008.23828125,8209.8310546875,1447.8831787109375,337.4272155761719,5700.443359375,1121.040283203125,4925.927734375,1580.7052001953125,829.9564819335938,3699.124755859375,614.9403686523438,1214.7767333984375,1716.8897705078125,956.1751708984375,392.9969177246094,12342.7587890625,696.9064331054688,1597.9259033203125,133.94630432128906,3508.30615234375,1549.1285400390625,382.183837890625,278.4908142089844
2025-02-27,6169.103515625,1015.8318481445312,8028.8662109375,1425.9178466796875,339.9498291015625,5590.3447265625,1118.4566650390625,4872.32275390625,1574.038818359375,839.0090942382812,3632.741943359375,627.349365234375,1213.0897216796875,1713.5875244140625,972.3815307617188,389.0614318847656,12248.0341796875,690.0442504882812,1631.49658203125,135.5293731689453,3491.873779296875,1543.5888671875,377.7946472167969,281.5501403808594
2025-02-28,6036.84814453125,1014.6828002929688,7707.56005859375,1392.62353515625,345.0885925292969,5455.4091796875,1109.463623046875,4712.4951171875,1521.7222900390625,854.6477661132812,3556.93798828125,629.7318115234375,1194.8802490234375,1639.189208984375,948.1467895507812,380.1517028808594,11817.939453125,675.241455078125,1577.7735595703125,134.07333374023438,3366.89306640625,1446.011962890625,368.6427917480469,265.4410705566406
2025-03-03,6154.541015625,1006.389892578125,7524.109375,1392.6729736328125,336.6797790527344,5515.13720703125,1112.5440673828125,4843.79296875,1519.162109375,839.4285278320312,3508.2861328125,631.9158325195312,1196.964111328125,1659.488525390625,973.4287109375,382.4790344238281,11649.5126953125,681.6134643554688,1569.7027587890625,135.41212463378906,3376.365966796875,1451.06591796875,382.0904541015625,271.08160400390625
2025-03-04,6172.04541015625,1000.944580078125,7152.0390625,1386.9837646484375,339.9498291015625,5492.68994140625,1113.0906982421875,4753.4638671875,1483.51123046875,843.5971069335938,3396.29541015625,636.978759765625,1201.1319580078125,1639.7720947265625,971.4839477539062,381.1205749511719,11491.869140625,701.9550170898438,1551.283447265625,136.16456604003906,3414.062744140625,1446.40087890625,379.8491516113281,267.6877136230469
2025-03-05,6198.2265625,1013.5838012695312,7236.888671875,1404.7440185546875,344.06085205078125,5491.54443359375,1119.30126953125,4924.44677734375,1519.693359375,833.73046875,3467.702880859375,652.5643920898438,1206.391357421875,1662.30517578125,1000.0071411132812,386.17474365234375,11492.95703125,715.9735107421875,1567.0784912109375,142.7705078125,3428.561767578125,1494.8489990234375,400.5809631347656,272.5634460449219
2025-03-06,6257.77197265625,1033.2169189453125,7277.8017578125,1446.300048828125,357.46820068359375,5543.45849609375,1132.9149169921875,5029.1884765625,1531.7701416015625,834.3224487304688,3525.678955078125,676.9853515625,1208.7235107421875,1666.5301513671875,1008.3845825195312,383.8973693847656,11541.482421875,717.6400756835938,1598.322021484375,147.01161193847656,3481.28955078125,1461.17333984375,413.6550598144531,273.3282775878906
2025-03-07,6199.9228515625,1036.7640380859375,7387.52099609375,1443.034912109375,355.64630126953125,5553.462890625,1126.1080322265625,5035.408203125,1505.2012939453125,833.3604736328125,3529.302734375,686.31689453125,1205.250244140625,1637.5380859375,1008.4344482421875,386.63421630859375,11539.2568359375,718.3262939453125,1593.667724609375,148.1060791015625,3490.56884765625,1450.385498046875,415.98968505859375,272.2766418457031
2025-03-10,6133.595703125,1034.9654541015625,7200.90087890625,1447.28955078125,350.507568359375,5489.25537109375,1113.1402587890625,4926.66796875,1496.84423828125,832.4971313476562,3462.001953125,684.1329345703125,1205.5478515625,1652.5439453125,1010.7781372070312,383.9073791503906,11461.9921875,714.5521240234375,1595.8463134765625,147.6077117919922,3469.73876953125,1445.0401611328125,408.4720764160156,268.5481262207031
2025-03-11,6118.833984375,1024.774169921875,7314.5703125,1430.46923828125,354.1513977050781,5521.1103515625,1109.6126708984375,4921.73193359375,1514.76611328125,831.510498046875,3527.514892578125,690.4367065429688,1235.864013671875,1613.83935546875,1015.914306640625,386.59429931640625,11522.240234375,715.4833984375,1639.2208251953125,147.31454467773438,3455.8681640625,1437.6053466796875,412.34759521484375,265.5366516113281
2025-03-12,6127.7607421875,1010.3365478515625,7329.29638671875,1438.9288330078125,355.69305419921875,5641.4619140625,1098.1851806640625,4953.22412109375,1488.438720703125,844.1644897460938,3488.4775390625,684.8278198242188,1234.425048828125,1545.123046875,1007.6864624023438,396.0533752441406,11515.462890625,708.8172607421875,1660.5615234375,146.8748016357422,3389.076416015625,1397.85546875,415.52276611328125,256.7412109375
2025-03-13,6089.759765625,1009.33740234375,7319.20263671875,1446.448486328125,353.4506530761719,5594.97412109375,1100.9674072265625,4951.0517578125,1482.786865234375,841.9197387695312,3410.113037109375,672.4187622070312,1240.4783935546875,1534.439208984375,998.5111694335938,396.5627746582031,11390.515625,713.5227661132812,1667.097412109375,147.44158935546875,3393.764404296875,1400.139404296875,413.6550598144531,252.39129638671875
2025-03-17,6140.62744140625,1033.2669677734375,7301.01318359375,1476.823974609375,360.4113464355469,5645.1455078125,1143.447998046875,4985.60400390625,1492.834716796875,843.7944946289062,3375.279052734375,675.7940673828125,1259.2833251953125,1544.34619140625,1002.9990844726562,398.16094970703125,11429.9892578125,708.915283203125,1687.744873046875,148.3503875732422,3380.860107421875,1399.6048583984375,417.3905334472656,248.42376708984375
2025-03-18,6140.62744140625,1033.2669677734375,7301.01318359375,1476.823974609375,360.4113464355469,5645.1455078125,1143.447998046875,4985.60400390625,1492.834716796875,843.7944946289062,3375.279052734375,675.7940673828125,1259.2833251953125,1544.34619140625,1002.9990844726562,398.16094970703125,11429.9892578125,708.915283203125,1687.744873046875,148.3503875732422,3380.860107421875,1399.6048583984375,417.3905334472656,248.42376708984375
2025-03-19,6410.82177734375,1051.1517333984375,7530.9853515625,1483.3048095703125,369.847900390625,5791.72802734375,1164.713134765625,5035.60546875,1492.1583251953125,860.4197387695312,3417.698486328125,693.4644775390625,1303.0455322265625,1540.94677734375,1030.5748291015625,403.8443908691406,11491.1767578125,730.4331665039062,1715.5223388671875,154.98565673828125,3380.280517578125,1356.890625,430.0910339355469,254.01654052734375
2025-03-20,6457.50048828125,1053.44970703125,7724.2373046875,1496.0684814453125,370.36175537109375,5795.7099609375,1179.718017578125,5162.41162109375,1509.114013671875,872.580322265625,3475.8193359375,700.8106079101562,1311.5797119140625,1569.11328125,1047.429443359375,406.6611328125,11604.5986328125,734.7955932617188,1733.24853515625,155.41561889648438,3444.123779296875,1370.8857421875,439.6164855957031,256.21539306640625
2025-03-21,6594.34326171875,1069.2362060546875,7868.43310546875,1507.7437744140625,378.7705993652344,5771.072265625,1192.58642578125,5238.03076171875,1513.655029296875,873.3696899414062,3506.59521484375,690.2877807617188,1332.81591796875,1546.7742919921875,1055.856689453125,415.3211364746094,11607.1708984375,738.373779296875,1767.165771484375,153.6957244873047,3458.57470703125,1369.6221923828125,436.3946228027344,252.67807006835938
2025-03-24,6598.58251953125,1096.9124755859375,7924.70654296875,1507.941650390625,379.3311767578125,5883.908203125,1202.6724853515625,5354.76708984375,1549.8370361328125,887.9969482421875,3504.034912109375,696.3930053710938,1347.750732421875,1546.968505859375,1058.4996337890625,434.7287902832031,11794.5927734375,765.4304809570312,1767.462890625,154.8097381591797,3507.72607421875,1417.6331787109375,441.0172424316406,257.5538024902344
2025-03-25,6627.4072265625,1117.594970703125,7808.11181640625,1495.2274169921875,372.1369323730469,5814.17578125,1170.4766845703125,5361.72705078125,1569.8846435546875,898.5789184570312,3505.58056640625,688.401611328125,1333.4112548828125,1581.6422119140625,1058.8486328125,433.50018310546875,11741.814453125,757.636962890625,1747.6075439453125,153.15826416015625,3535.56396484375,1414.57177734375,431.2583923339844,259.0834655761719
2025-03-26,6502.83203125,1095.31396484375,7779.92626953125,1460.5972900390625,368.8668212890625,5812.732421875,1157.260498046875,5334.13427734375,1578.0966796875,891.2283325195312,3522.9736328125,686.2672729492188,1325.6710205078125,1553.4759521484375,1053.61279296875,428.4859924316406,11608.6552734375,748.961181640625,1741.8638916015625,152.2592315673828,3514.34716796875,1376.47412109375,433.45294189453125,255.64178466796875
2025-03-27,6475.154296875,1097.412109375,7777.19482421875,1467.2265625,370.7821960449219,5846.03076171875,1154.8756103515625,5277.3212890625,1574.956787109375,900.5029296875,3644.8203125,688.3023071289062,1326.415283203125,1557.4581298828125,1056.9039306640625,425.23974609375,11596.4375,757.0977783203125,1714.631103515625,151.87811279296875,3529.232666015625,1383.8603515625,441.11065673828125,260.230712890625
2025-03-28,6598.98193359375,1101.0589599609375,7684.1044921875,1426.9566650390625,372.04351806640625,5749.271484375,1136.989013671875,5279.24658203125,1538.58154296875,901.9088745117188,3597.376220703125,677.481689453125,1338.025634765625,1525.5037841796875,1060.3446044921875,433.7398986816406,11398.77734375,756.3135375976562,1717.8494873046875,150.72500610351562,3485.687255859375,1378.369140625,432.7525634765625,250.71823120117188
2025-04-01,6615.0390625,1084.6729736328125,7795.4814453125,1428.985107421875,371.5296325683594,5524.544921875,1144.9385986328125,5239.26513671875,1478.5357666015625,872.1363525390625,3635.157470703125,658.9178466796875,1308.3546142578125,1482.6226806640625,1053.413330078125,428.68572998046875,11358.166015625,756.5096435546875,1681.8526611328125,149.63052368164062,3432.1865234375,1355.918701171875,427.14935302734375,251.0528564453125
2025-04-02,6714.62939453125,1083.52392578125,7873.40673828125,1436.9993896484375,371.3895263671875,5640.3173828125,1142.75244140625,5286.9462890625,1475.83056640625,886.4676513671875,3656.31884765625,656.3864135742188,1321.056640625,1505.593017578125,1053.0643310546875,430.42376708984375,11590.6494140625,760.6759643554688,1697.0040283203125,151.1647491455078,3425.565185546875,1383.0343017578125,427.3828430175781,252.00889587402344
2025-04-03,6653.98779296875,1088.9193115234375,7716.63037109375,1479.8912353515625,370.96905517578125,5736.8779296875,1144.193359375,5310.29345703125,1420.32568359375,885.456298828125,3626.7509765625,647.898681640625,1319.3697509765625,1453.4849853515625,1041.24609375,426.02880859375,11562.94921875,763.8619995117188,1752.806640625,150.11912536621094,3289.46875,1330.84423828125,410.4331970214844,245.0776824951172
2025-04-04,6697.0751953125,1090.3681640625,7495.1435546875,1400.2916259765625,359.7572937011719,5457.99755859375,1102.954833984375,5180.7236328125,1373.9508056640625,896.5316772460938,3535.776611328125,595.5823364257812,1325.07568359375,1409.9241943359375,1003.0489501953125,425.89898681640625,11359.056640625,752.34326171875,1692.7457275390625,137.1906280517578,3189.184326171875,1283.80517578125,374.89971923828125,235.4696044921875
2025-04-07,6665.90673828125,1047.0550537109375,7126.19384765625,1370.064453125,352.7032165527344,5235.11279296875,1081.0439453125,5000.412109375,1327.5760498046875,867.1289672851562,3407.93896484375,557.7100219726562,1277.6912841796875,1356.602294921875,927.8015747070312,407.10064697265625,11208.4365234375,732.1978149414062,1650.1634521484375,126.52925872802734,3164.68115234375,1251.7818603515625,349.3117980957031,232.21908569335938
2025-04-08,6738.01904296875,1076.9295654296875,7312.716796875,1417.4088134765625,357.7018127441406,5362.88037109375,1100.9674072265625,5164.3857421875,1355.835693359375,872.7777099609375,3453.59521484375,564.2123413085938,1289.9466552734375,1387.7310791015625,952.0363159179688,410.556640625,11336.2041015625,753.4706420898438,1671.9498291015625,127.31103515625,3182.94970703125,1277.439453125,351.22625732421875,236.37782287597656
2025-04-09,6816.314453125,1060.7435302734375,7385.13134765625,1400.6378173828125,349.9937438964844,5361.73583984375,1087.1551513671875,5190.99072265625,1333.2762451171875,870.7303466796875,3489.10546875,559.89404296875,1290.83984375,1363.3524169921875,943.0106201171875,410.0672302246094,11334.720703125,727.59033203125,1636.15087890625,124.28167724609375,3138.1484375,1236.9605712890625,346.0433044433594,226.24391174316406
2025-04-11,6763.302734375,1068.0372314453125,7576.8232421875,1447.58642578125,366.3442077636719,5563.96484375,1102.5076904296875,5282.4052734375,1343.4691162109375,891.3269653320312,3542.347412109375,595.9297485351562,1301.606689453125,1368.937255859375,987.590576171875,421.75372314453125,11474.8525390625,739.0109252929688,1671.1575927734375,130.3794708251953,3123.552734375,1246.1934814453125,355.0083923339844,229.20761108398438
2025-04-15,6887.02978515625,1111.849853515625,7797.87109375,1466.13818359375,369.2872619628906,5708.5068359375,1147.62158203125,5458.2255859375,1378.201904296875,920.0142211914062,3675.595947265625,613.103759765625,1339.8614501953125,1385.011474609375,1005.2929077148438,423.5516662597656,11728.0625,748.4710083007812,1688.43798828125,133.3013458251953,3139.69482421875,1265.0965576171875,369.62335205078125,233.27072143554688
2025-04-16,6987.26806640625,1160.3084716796875,7764.71142578125,1480.5838623046875,373.0245666503906,5727.91845703125,1151.099609375,5543.6181640625,1383.225830078125,926.4768676757812,3654.337890625,605.4598999023438,1346.0140380859375,1372.4822998046875,1006.6891479492188,424.19091796875,11539.107421875,756.5586547851562,1676.6536865234375,133.84857177734375,3164.439697265625,1271.899658203125,372.3315734863281,236.76022338867188
2025-04-17,7055.09130859375,1189.783203125,7819.81494140625,1499.18505859375,372.6508483886719,5614.43505859375,1156.2667236328125,5605.81201171875,1389.3123779296875,940.6354370117188,3644.57861328125,605.062744140625,1395.9288330078125,1378.6982421875,1004.4950561523438,437.11602783203125,11569.775390625,781.7527465820312,1734.486328125,134.0146942138672,3188.700927734375,1270.05322265625,373.5922546386719,226.48292541503906
2025-04-21,7123.912109375,1221.9556884765625,8043.642578125,1495.12841796875,374.19244384765625,5864.79541015625,1169.9798583984375,5736.1220703125,1431.82275390625,950.6994018554688,3784.881103515625,617.4717407226562,1399.0052490234375,1409.29296875,1031.2230224609375,447.7637634277344,11619.240234375,800.6238403320312,1727.9505615234375,136.00820922851562,3210.642822265625,1334.8775634765625,384.7052917480469,227.96478271484375
2025-04-22,7070.05224609375,1215.760986328125,7939.77490234375,1512.0477294921875,372.4172668457031,5884.70458984375,1167.594970703125,5709.96142578125,1429.7939453125,967.7686767578125,3704.294189453125,615.5855712890625,1405.6539306640625,1381.903564453125,1041.3956298828125,453.2374572753906,11608.3583984375,806.211669921875,1730.42626953125,135.01145935058594,3203.683349609375,1337.793212890625,385.7325134277344,223.85385131835938
2025-04-23,7123.4130859375,1205.8695068359375,8057.29638671875,1517.4896240234375,372.7442321777344,5897.6455078125,1178.525634765625,5666.52490234375,1540.0306396484375,949.1207275390625,3807.58837890625,624.5200805664062,1413.493408203125,1432.505859375,1036.4090576171875,444.8870544433594,11779.505859375,797.4378051757812,1771.424072265625,137.94308471679688,3298.98974609375,1399.1187744140625,390.54193115234375,232.88832092285156
2025-04-24,7140.8671875,1206.0692138671875,7998.779296875,1535.29931640625,373.58514404296875,6187.32666015625,1192.9342041015625,5578.17041015625,1532.9779052734375,945.6181030273438,3821.1162109375,623.7755126953125,1391.95947265625,1429.1065673828125,1041.69482421875,444.0879821777344,11766.6455078125,797.3887939453125,1786.37744140625,138.29489135742188,3287.970458984375,1404.5614013671875,392.4563293457031,232.07569885253906
2025-04-25,6934.90478515625,1165.30419921875,7835.41943359375,1509.7720947265625,367.32525634765625,5985.24658203125,1167.396240234375,5504.13037109375,1524.765625,942.8554077148438,3764.106201171875,617.571044921875,1394.04345703125,1437.653564453125,1025.63818359375,440.3722839355469,11572.744140625,782.9291381835938,1770.0377197265625,135.68572998046875,3332.820556640625,1420.8890380859375,385.9659729003906,230.30703735351562
2025-04-28,7026.66552734375,1191.781494140625,7895.88720703125,1538.6634521484375,371.0624694824219,5999.18359375,1191.1455078125,5550.03515625,1514.11328125,947.29541015625,3779.760009765625,624.0733642578125,1417.8597412109375,1439.4989013671875,1051.568359375,444.6073913574219,11719.1591796875,801.260986328125,1823.7110595703125,138.8323516845703,3328.470703125,1420.4029541015625,388.580810546875,229.9246368408203
2025-04-29,6974.3017578125,1186.2862548828125,7878.81982421875,1525.2071533203125,363.541259765625,6080.31396484375,1168.588623046875,5507.58544921875,1533.3658447265625,941.6714477539062,3722.749755859375,618.0177612304688,1418.85205078125,1454.4564208984375,1032.8187255859375,440.49212646484375,11714.212890625,796.5554809570312,1787.9617919921875,138.2753448486328,3356.501953125,1453.2525634765625,388.767578125,230.78504943847656
2025-04-30,6958.84228515625,1183.9881591796875,7831.5185546875,1533.71630859375,359.9908752441406,6059.4091796875,1176.4388427734375,5495.7392578125,1531.8997802734375,949.6633911132812,3698.30322265625,620.1024780273438,1416.073486328125,1456.9815673828125,1027.034423828125,441.1114196777344,12125.7578125,773.1259765625,1814.5015869140625,136.8876953125,3338.329833984375,1460.7359619140625,391.4757995605469,230.8806610107422
2025-05-02,6909.9697265625,1182.3895263671875,7627.19677734375,1498.4925537109375,358.30908203125,6051.943359375,1170.4766845703125,5370.36474609375,1536.6885986328125,948.1341552734375,3611.3388671875,625.909912109375,1419.149658203125,1463.586181640625,964.9016723632812,435.8374938964844,12272.173828125,781.0175170898438,1806.876220703125,138.1776123046875,3316.388427734375,1452.0863037109375,387.2734069824219,231.052734375
2025-05-05,6955.85009765625,1172.1981201171875,7724.72509765625,1526.5924072265625,360.2711486816406,6096.7392578125,1163.9183349609375,5390.6025390625,1532.974853515625,955.4847412109375,3640.520263671875,628.788818359375,1418.455078125,1465.2373046875,952.9338989257812,416.49981689453125,12324.6064453125,774.4494018554688,1818.759765625,138.8421173095703,3338.909912109375,1452.572265625,391.75592041015625,232.85964965820312
2025-05-06,6990.75927734375,1160.4083251953125,7749.10693359375,1495.42529296875,353.4039611816406,6133.07373046875,1153.0870361328125,5444.40478515625,1543.2364501953125,952.9686889648438,3741.978759765625,625.463134765625,1420.63818359375,1468.0538330078125,964.9016723632812,414.3222961425781,12446.2890625,758.8623657226562,1801.4296875,141.14834594726562,3344.419921875,1454.1273193359375,383.77142333984375,230.58428955078125
2025-05-07,6964.82666015625,1160.3084716796875,7654.9921875,1492.8529052734375,358.12225341796875,6120.1328125,1153.385009765625,5418.73779296875,1527.79541015625,959.8260498046875,3737.533935546875,631.6676635742188,1424.4091796875,1464.9459228515625,963.5054321289062,418.49749755859375,12497.732421875,760.822998046875,1763.996826171875,142.67279052734375,3330.017578125,1453.1553955078125,388.4874267578125,233.3089599609375
2025-05-08,6833.6689453125,1171.198974609375,7533.56982421875,1471.0853271484375,360.13104248046875,5933.482421875,1140.76513671875,5303.72900390625,1544.800048828125,951.3900756835938,3672.310546875,615.6848754882812,1424.5084228515625,1467.9569091796875,950.6400756835938,422.0334167480469,12259.3125,753.8627319335938,1750.0338134765625,140.39588928222656,3333.6904296875,1460.5416259765625,380.176025390625,230.9475860595703
2025-05-09,6704.50634765625,1150.1170654296875,7492.60791015625,1464.357177734375,357.2813415527344,5998.18798828125,1148.6153564453125,5255.849609375,1533.7567138671875,932.248779296875,3723.909423828125,622.5842895507812,1378.2652587890625,1464.2659912109375,954.4298706054688,420.1355895996094,12118.8330078125,763.9110107421875,1727.8514404296875,139.5261688232422,3325.377685546875,1451.697509765625,380.9231262207031,231.36822509765625
2025-05-12,6907.97509765625,1201.9727783203125,7840.78369140625,1495.6231689453125,369.5208435058594,5915.06640625,1188.0650634765625,5449.3408203125,1632.365234375,965.5487060546875,3850.49072265625,647.2037353515625,1437.4088134765625,1580.136962890625,1002.5004272460938,428.5059509277344,12480.9140625,785.8701171875,1669.820556640625,148.1744842529297,3499.46142578125,1528.8648681640625,407.2113342285156,245.96678161621094
2025-05-13,6899.49755859375,1192.580810546875,7863.70263671875,1504.0333251953125,369.19384765625,6048.95654296875,1199.49267578125,5349.6337890625,1582.816650390625,948.4793701171875,3926.536376953125,630.1289672851562,1419.6458740234375,1523.5125732421875,987.2415161132812,422.6327209472656,12348.3486328125,785.9680786132812,1683.4866943359375,146.0246124267578,3397.58251953125,1528.28173828125,406.6043395996094,240.5078582763672
2025-05-14,6898.49951171875,1194.4791259765625,7902.2265625,1479.0008544921875,376.62164306640625,6187.32666015625,1212.3114013671875,5376.78173828125,1600.5054931640625,942.5594482421875,3930.0146484375,645.8139038085938,1415.279541015625,1546.6285400390625,986.6431274414062,417.9980773925781,12534.3359375,784.9387817382812,1691.60693359375,151.77061462402344,3430.15673828125,1558.118408203125,413.4216003417969,241.81761169433594
2025-05-15,7054.09375,1208.0675048828125,8120.2021484375,1486.322509765625,378.0698547363281,6186.3310546875,1228.5086669921875,5396.0322265625,1657.4814453125,954.0047607421875,4179.119140625,656.5352783203125,1439.6912841796875,1566.6363525390625,1035.5115966796875,420.7948303222656,12813.31640625,791.8499755859375,1723.1971435546875,153.76414489746094,3460.314453125,1583.2900390625,414.4488220214844,245.28799438476562
2025-05-16,6996.7431640625,1207.767822265625,8272.833984375,1484.046875,378.2099304199219,6251.03662109375,1222.94384765625,5438.97509765625,1622.201416015625,954.44873046875,4198.73486328125,652.762939453125,1442.86669921875,1544.200439453125,1019.0558471679688,421.1544494628906,12855.8564453125,792.0999755859375,1718.0477294921875,153.95957946777344,3442.3359375,1571.530517578125,412.0207824707031,243.1273651123047
2025-05-19,6956.3486328125,1201.77294921875,8632.2255859375,1475.8345947265625,376.2479553222656,6550.17431640625,1211.317626953125,5459.212890625,1612.13525390625,956.4220581054688,4239.70458984375,653.55712890625,1437.905029296875,1514.965576171875,1016.8617553710938,421.75372314453125,12849.919921875,795.0,1713.3931884765625,153.9791259765625,3401.25537109375,1552.870361328125,412.8145446777344,240.67994689941406
2025-05-20,6894.01171875,1194.7789306640625,8353.294921875,1439.02783203125,381.293212890625,6423.25244140625,1216.48486328125,5318.537109375,1601.0919189453125,944.6807861328125,4098.53271484375,657.9251098632812,1427.1876220703125,1515.7425537109375,1009.9802856445312,417.53857421875,12502.6787109375,785.6500244140625,1691.2108154296875,155.07359313964844,3381.4404296875,1531.683349609375,406.55767822265625,238.7296600341797
2025-05-21,6965.82421875,1196.7772216796875,8472.7666015625,1466.7318115234375,378.7238464355469,6522.30126953125,1216.981689453125,5339.76171875,1614.480712890625,950.5514526367188,4119.9833984375,658.1732788085938,1433.637939453125,1523.41552734375,998.2119750976562,413.7829284667969,12479.9248046875,787.0999755859375,1714.977783203125,157.95635986328125,3408.021728515625,1553.259033203125,408.7989501953125,239.8864288330078
2025-05-22,6936.40087890625,1187.485107421875,8517.6298828125,1452.978759765625,372.6508483886719,6508.36474609375,1214.4974365234375,5318.04345703125,1595.9122314453125,947.1474609375,4132.0615234375,644.8211669921875,1431.057861328125,1503.01904296875,1002.8993530273438,412.6842041015625,12311.7451171875,785.25,1702.0048828125,157.6143341064453,3360.8515625,1521.5758056640625,406.32421875,235.12542724609375
2025-05-23,7046.11474609375,1209.066650390625,8524.9443359375,1468.5128173828125,375.1267395019531,6453.6142578125,1222.34765625,5330.876953125,1610.7669677734375,953.9060668945312,4163.4658203125,645.3671875,1438.698974609375,1519.8218994140625,1005.7915649414062,419.6761474609375,12319.6591796875,790.5,1667.2459716796875,159.2560577392578,3397.196044921875,1535.8624267578125,410.94683837890625,236.4829864501953
2025-05-26,7078.03125,1214.162353515625,8737.068359375,1468.5128173828125,376.2479553222656,6706.462890625,1233.0797119140625,5358.02490234375,1635.5902099609375,957.1619873046875,4212.359375,656.6345825195312,1449.4161376953125,1535.070556640625,1029.5277099609375,417.3787536621094,12288.001953125,794.4000244140625,1659.8187255859375,158.80653381347656,3419.137451171875,1556.369140625,416.08306884765625,239.23634338378906
2025-05-27,7055.09130859375,1194.5791015625,8741.45703125,1464.8519287109375,373.6785888671875,6667.6396484375,1235.3651123046875,5320.51123046875,1614.5784912109375,950.3047485351562,4191.87451171875,654.649169921875,1435.324951171875,1524.9696044921875,1010.9776000976562,415.00152587890625,12281.0771484375,793.7000122070312,1667.0478515625,157.97592163085938,3381.826904296875,1547.6221923828125,418.37103271484375,237.33384704589844
2025-05-28,6938.39599609375,1193.6798095703125,8630.2744140625,1452.978759765625,372.04351806640625,6605.92041015625,1234.7689208984375,5258.31787109375,1619.660400390625,948.9234008789062,4215.06494140625,645.2183227539062,1442.6683349609375,1526.6207275390625,998.3117065429688,414.3822326660156,12198.9658203125,796.5499877929688,1650.2130126953125,157.56549072265625,3380.860107421875,1535.8624267578125,417.297119140625,236.54989624023438
2025-05-29,6904.98291015625,1200.673828125,8655.14453125,1461.2900390625,372.04351806640625,6601.44091796875,1240.3336181640625,5310.1455078125,1626.8922119140625,950.896728515625,4209.65380859375,645.2679443359375,1445.3475341796875,1540.0240478515625,1003.4977416992188,415.840576171875,12259.3125,797.3499755859375,1683.28857421875,159.4026336669922,3381.2470703125,1555.008544921875,421.7796630859375,239.14073181152344
2025-05-30,6862.59375,1191.181884765625,8394.2568359375,1450.208251953125,371.2026062011719,6582.029296875,1243.314697265625,5265.22802734375,1599.4305419921875,959.480712890625,4163.94873046875,628.8880615234375,1434.7296142578125,1539.1375732421875,990.8318481445312,414.462158203125,12187.0947265625,812.2999877929688,1661.30419921875,157.35049438476562,3347.7060546875,1529.642333984375,406.74444580078125,238.69139099121094
2025-06-02,6897.50244140625,1193.380126953125,8303.0673828125,1454.6607666015625,373.44500732421875,6509.3603515625,1239.836669921875,5292.3759765625,1594.446533203125,953.166015625,4089.5458984375,626.5054931640625,1439.3935546875,1530.371826171875,976.1713256835938,412.24468994140625,12158.4052734375,813.6500244140625,1658.3333740234375,155.41561889648438,3334.560546875,1505.5396728515625,403.80279541015625,236.7888946533203
2025-06-03,6794.7705078125,1180.4910888671875,8351.34375,1457.6290283203125,367.0449523925781,6500.40087890625,1240.4329833984375,5285.4658203125,1593.3714599609375,949.466064453125,4066.6455078125,627.3989868164062,1426.8900146484375,1519.734619140625,971.1847534179688,408.4291076660156,11998.1396484375,809.7999877929688,1651.30224609375,153.76414489746094,3291.4501953125,1500.3887939453125,405.2969665527344,235.3931121826172
2025-06-04,6837.15966796875,1170.0001220703125,8351.83203125,1456.3428955078125,368.6799621582031,6588.00244140625,1244.0103759765625,5251.4072265625,1589.1689453125,957.6553344726562,4058.915283203125,631.220947265625,1420.0428466796875,1527.8109130859375,965.9488525390625,408.7886962890625,12032.7646484375,806.5,1648.7276611328125,154.57521057128906,3297.0087890625,1512.926025390625,407.9584655761719,236.00497436523438
2025-06-05,6858.10498046875,1158.0103759765625,8345.9794921875,1474.0537109375,368.96026611328125,6598.45458984375,1282.4664306640625,5240.54833984375,1595.325927734375,961.79931640625,4037.947265625,632.6107788085938,1443.66064453125,1530.8642578125,966.1483154296875,407.5101623535156,11996.1611328125,806.0,1666.750732421875,154.37001037597656,3287.4521484375,1518.8544921875,410.1063537597656,237.0374755859375
2025-06-06,6924.43212890625,1193.5799560546875,8423.5146484375,1488.3013916015625,372.7442321777344,6514.83544921875,1312.575439453125,5324.95361328125,1600.5054931640625,976.1552734375,4124.0419921875,645.4168701171875,1448.5230712890625,1540.2210693359375,1002.2012329101562,414.2024230957031,12328.5634765625,813.0499877929688,1662.888671875,157.49000549316406,3300.226806640625,1526.921142578125,418.4177551269531,237.6588897705078
2025-06-09,6913.95947265625,1218.8583984375,8427.416015625,1490.676025390625,374.6595764160156,6602.93408203125,1310.7867431640625,5321.9921875,1610.8648681640625,976.2540283203125,4202.6962890625,646.0620727539062,1423.8138427734375,1549.183837890625,1005.2929077148438,427.14752197265625,12501.689453125,820.0499877929688,1677.9410400390625,157.32000732421875,3336.991455078125,1534.6961669921875,427.6163024902344,240.2401580810547
2025-06-10,6900.49462890625,1231.747314453125,8412.787109375,1494.8316650390625,373.3048095703125,6643.74853515625,1340.2996826171875,5308.6650390625,1630.215087890625,969.5447387695312,4231.2978515625,653.55712890625,1412.0048828125,1571.935546875,1000.4060668945312,429.72454833984375,12385.9423828125,817.0499877929688,1672.3955078125,155.67999267578125,3376.973876953125,1565.6019287109375,431.02490234375,243.66275024414062
2025-06-11,6909.4716796875,1230.3485107421875,8503.48828125,1505.616455078125,375.6873474121094,6688.54443359375,1342.5850830078125,5283.4912109375,1682.7933349609375,962.1940307617188,4261.54248046875,650.4300537109375,1420.0428466796875,1606.5062255859375,1004.3953247070312,428.5658874511719,12318.669921875,815.0499877929688,1674.177978515625,156.41000366210938,3385.75048828125,1591.453857421875,438.26239013671875,247.53468322753906
2025-06-12,6978.29150390625,1211.8643798828125,8355.2451171875,1486.916259765625,366.9048156738281,6694.51708984375,1354.1119384765625,5247.45849609375,1662.563232421875,958.74072265625,4215.64404296875,646.3102416992188,1414.2872314453125,1584.345458984375,992.97607421875,424.8701171875,12257.333984375,805.9500122070312,1671.009033203125,152.88999938964844,3348.986083984375,1598.1600341796875,430.04437255859375,248.19430541992188
2025-06-13,6976.296875,1204.7703857421875,8254.3037109375,1489.290771484375,365.5033264160156,6636.7802734375,1353.913330078125,5250.91357421875,1656.79736328125,946.0127563476562,4187.62255859375,637.1276245117188,1405.2569580078125,1577.844970703125,984.5986328125,420.99462890625,12275.1416015625,792.3499755859375,1671.4051513671875,152.1300048828125,3360.20068359375,1612.349365234375,427.8030700683594,248.76792907714844
2025-06-16,7095.48583984375,1214.3621826171875,8318.671875,1510.8604736328125,368.4463806152344,6657.18701171875,1338.312255859375,5296.32470703125,1683.8681640625,954.7940673828125,4217.287109375,644.8707885742188,1415.9742431640625,1599.31640625,1001.1041870117188,427.30731201171875,12395.8349609375,792.5,1668.929443359375,154.1699981689453,3409.545654296875,1646.26806640625,433.219482421875,251.33009338378906
2025-06-17,6988.265625,1214.0623779296875,8284.537109375,1487.60888671875,365.59674072265625,6508.36474609375,1310.48876953125,5272.63232421875,1690.3182373046875,951.9327392578125,4223.56787109375,637.0283813476562,1412.302490234375,1615.173583984375,996.96533203125,426.8678283691406,12460.138671875,792.2999877929688,1634.1702880859375,152.60000610351562,3428.07373046875,1670.2734375,428.5968933105469,251.34922790527344
2025-06-18,6915.45556640625,1219.9573974609375,8258.6923828125,1482.265869140625,364.7091369628906,6519.31494140625,1305.0234375,5323.96630859375,1676.9295654296875,954.0540771484375,4210.90966796875,640.6517333984375,1401.78369140625,1608.2791748046875,983.7010498046875,425.9888610839844,12611.5009765625,791.9000244140625,1631.99169921875,152.11000061035156,3365.75927734375,1662.5955810546875,426.30889892578125,250.08724975585938
2025-06-19,6991.2578125,1216.4603271484375,8286.0,1468.31494140625,359.00982666015625,6463.56884765625,1317.74267578125,5423.18017578125,1674.9749755859375,954.7447509765625,4236.41943359375,636.6808471679688,1400.4937744140625,1593.997802734375,993.375,428.78564453125,12668.8798828125,785.0999755859375,1631.5955810546875,151.0,3339.039306640625,1636.6463623046875,410.4331970214844,253.90179443359375
2025-06-20,7045.1171875,1219.6575927734375,8371.0,1483.8489990234375,363.4945373535156,6562.1201171875,1316.94775390625,5454.27685546875,1700.3843994140625,969.2486572265625,4192.1640625,644.4241333007812,1416.1727294921875,1598.429931640625,1002.8494873046875,433.4602355957031,12654.0400390625,796.1500244140625,1648.9256591796875,151.97000122070312,3350.448974609375,1648.4061279296875,417.53057861328125,254.81959533691406
2025-06-23,6989.26318359375,1213.063232421875,8286.5,1483.2552490234375,366.7179260253906,6605.92041015625,1309.5943603515625,5481.4248046875,1664.5179443359375,961.2073974609375,4109.64501953125,656.5849609375,1409.226318359375,1560.116455078125,994.3224487304688,436.31695556640625,12563.025390625,790.2000122070312,1646.350830078125,152.42999267578125,3309.393798828125,1634.50830078125,420.0987243652344,251.66468811035156
2025-06-24,6987.76708984375,1220.1572265625,8377.0,1486.5205078125,366.85809326171875,6535.740234375,1328.8721923828125,5556.94580078125,1653.376953125,967.3740234375,4147.7158203125,664.5267333984375,1413.1956787109375,1557.7525634765625,1004.2955932617188,444.2078552246094,12475.9677734375,795.4000244140625,1645.55859375,154.7899932861328,3306.27294921875,1629.9404296875,422.8971252441406,253.31863403320312
2025-06-25,7023.67333984375,1212.2640380859375,8389.5,1494.0401611328125,366.0171813964844,6556.64501953125,1333.14501953125,5504.6240234375,1678.1021728515625,976.8953247070312,4155.7353515625,667.7530517578125,1414.8826904296875,1590.550537109375,1021.6986694335938,439.1536865234375,12630.2978515625,800.0499877929688,1653.3818359375,156.38999938964844,3359.3232421875,1657.055908203125,419.2449645996094,257.5633850097656
2025-06-26,7083.0185546875,1232.44677734375,8433.0,1497.800048828125,368.2594909667969,6586.01123046875,1313.171630859375,5539.66943359375,1684.9432373046875,997.4179077148438,4133.70458984375,685.5723266601562,1428.080810546875,1591.6339111328125,1029.7769775390625,440.27239990234375,12578.8544921875,797.0499877929688,1653.5799560546875,160.5399932861328,3356.397705078125,1642.6719970703125,432.09881591796875,256.7125244140625
2025-06-27,7289.4794921875,1224.0538330078125,8436.0,1502.4000244140625,368.2594909667969,6627.82080078125,1292.8009033203125,5587.548828125,1684.1614990234375,1004.9491577148438,4174.57763671875,692.273193359375,1451.00390625,1583.7545166015625,1026.1368408203125,441.0714416503906,12506.6357421875,805.4000244140625,1671.20703125,161.4499969482422,3355.71533203125,1627.31640625,439.92498779296875,253.3950958251953
2025-06-30,7223.15283203125,1198.1759033203125,8376.0,1505.9000244140625,366.20404052734375,6778.63427734375,1275.2125244140625,5584.09375,1689.341064453125,998.2658081054688,4094.184326171875,687.8059692382812,1434.7296142578125,1577.6480712890625,1017.7593383789062,432.2016906738281,12267.2265625,820.3499755859375,1659.4227294921875,159.75999450683594,3376.09619140625,1639.5621337890625,437.1739501953125,254.2842254638672
2025-07-01,7476.49169921875,1172.2982177734375,8399.0,1515.699951171875,364.1485595703125,6825.42138671875,1268.75341796875,5642.33837890625,1679.2750244140625,1003.5526123046875,4083.458740234375,689.2454223632812,1421.03515625,1582.57275390625,1026.8348388671875,436.2170715332031,12308.77734375,820.2999877929688,1651.0052490234375,160.05999755859375,3344.59765625,1624.206298828125,441.96453857421875,252.91708374023438
2025-07-02,7421.634765625,1174.2965087890625,8356.5,1497.5999755859375,361.4857482910156,6828.40771484375,1262.791259765625,5649.24853515625,1679.568115234375,990.5350341796875,4100.56201171875,693.2659301757812,1416.867431640625,1586.2169189453125,1057.0535888671875,433.3204040527344,12486.849609375,812.9000244140625,1661.205078125,165.8800048828125,3338.356689453125,1629.9404296875,445.3321533203125,255.2593536376953
2025-07-03,7545.3125,1170.0999755859375,8382.5,1508.699951171875,361.0653381347656,6844.8330078125,1283.1619873046875,5642.83203125,1673.0203857421875,991.0836181640625,4165.205078125,687.8059692382812,1414.98193359375,1594.293212890625,1043.29052734375,424.8302001953125,12615.4580078125,807.0999755859375,1663.3837890625,165.91000366210938,3316.4150390625,1624.8865966796875,434.75494384765625,255.30715942382812
2025-07-04,7533.84228515625,1177.5999755859375,8433.0,1513.300048828125,360.7383117675781,6875.1943359375,1299.1605224609375,5556.94580078125,1686.702392578125,992.1809692382812,4198.44482421875,694.35791015625,1431.7525634765625,1615.96142578125,1038.603271484375,425.4694519042969,12510.5927734375,811.8499755859375,1660.016845703125,163.00999450683594,3334.943603515625,1638.048828125,435.4664306640625,258.1752624511719
2025-07-07,7596.17919921875,1175.0999755859375,8463.5,1510.5,359.00982666015625,6857.27587890625,1302.240966796875,5609.7607421875,1671.554443359375,991.2332763671875,4161.7265625,687.0614013671875,1424.706787109375,1602.4681396484375,1039.7999267578125,429.46484375,12385.9423828125,806.8499755859375,1669.05810546875,162.39999389648438,3327.04443359375,1607.0732421875,430.8656005859375,255.97637939453125
2025-07-08,7545.3125,1165.4000244140625,8339.5,1488.300048828125,357.7018127441406,6906.5517578125,1275.7093505859375,5606.79931640625,1669.306640625,998.2159423828125,4155.34912109375,680.6087036132812,1430.9586181640625,1613.9915771484375,1045.0,444.38763427734375,12281.0771484375,812.6500244140625,1661.7059326171875,161.97000122070312,3321.680908203125,1618.4541015625,432.8576965332031,257.7928161621094
2025-07-09,7449.56201171875,1164.699951171875,8361.0,1491.699951171875,361.9996643066406,6951.845703125,1261.4000244140625,5622.1005859375,1635.9810791015625,1003.1036987304688,4186.9462890625,669.0435791015625,1420.93603515625,1609.0670166015625,1040.4000244140625,445.3465270996094,12336.4775390625,810.9500122070312,1658.6259765625,159.0,3299.8369140625,1598.0675048828125,418.1065979003906,256.024169921875
2025-07-10,7339.84814453125,1164.300048828125,8285.0,1477.800048828125,358.8229675292969,6813.4755859375,1262.5999755859375,5579.6513671875,1625.9149169921875,1000.6099243164062,4175.5439453125,670.1355590820312,1413.1956787109375,1591.43701171875,1043.300048828125,440.2524108886719,12514.5498046875,808.0,1651.7703857421875,160.66000366210938,3298.08154296875,1583.519775390625,416.6362609863281,253.3950958251953
2025-07-11,7170.78955078125,1173.800048828125,8067.0,1485.0,355.9266357421875,6804.0185546875,1254.699951171875,5540.65673828125,1601.0919189453125,989.3878784179688,4076.4052734375,666.0654296875,1411.0125732421875,1570.85205078125,1037.199951171875,443.6085510253906,12439.3642578125,808.6500244140625,1661.2091064453125,159.83999633789062,3184.959716796875,1585.8948974609375,420.00384521484375,246.94190979003906
2025-07-14,7201.2099609375,1172.699951171875,8087.5,1484.0,358.6361389160156,6747.77490234375,1250.5999755859375,5469.57861328125,1583.0120849609375,989.0387573242188,4108.2919921875,661.6478271484375,1412.1041259765625,1546.623046875,1038.9000244140625,440.2524108886719,12380.0068359375,808.8499755859375,1671.74072265625,160.44000244140625,3142.734130859375,1560.3621826171875,425.1738586425781,243.07000732421875
2025-07-15,7341.34423828125,1165.9000244140625,8311.0,1490.9000244140625,361.0653381347656,6759.22265625,1260.9000244140625,5519.43212890625,1530.824951171875,995.2732543945312,4303.76806640625,665.9661254882812,1419.844482421875,1561.6922607421875,1035.0,437.11602783203125,12401.7705078125,816.4500122070312,1716.3509521484375,159.0,3171.599853515625,1562.638427734375,426.8813781738281,246.0814971923828
2025-07-16,7333.365234375,1168.4000244140625,8302.5,1475.800048828125,361.0653381347656,6800.03662109375,1259.4000244140625,5554.4775390625,1527.306640625,995.6722412109375,4275.26318359375,661.89599609375,1415.4781494140625,1583.6561279296875,1029.800048828125,435.3780212402344,12429.470703125,831.7000122070312,1690.02197265625,157.3300018310547,3163.576171875,1591.239013671875,424.46240234375,251.24403381347656
2025-07-17,7331.3701171875,1159.800048828125,8330.0,1482.4000244140625,360.55145263671875,6759.72021484375,1263.0999755859375,5577.6767578125,1508.8359375,990.98388671875,4293.71923828125,669.63916015625,1407.8370361328125,1559.6240234375,1034.199951171875,433.6600036621094,12342.4130859375,829.0,1692.406494140625,159.89999389648438,3140.18994140625,1547.4969482421875,421.5216369628906,249.1407928466797
2025-07-18,7284.49267578125,1099.300048828125,8347.5,1482.300048828125,362.98065185546875,6700.98779296875,1257.5,5555.46484375,1525.4814453125,976.2705078125,4248.4013671875,670.9793701171875,1414.8826904296875,1562.1846923828125,1034.4000244140625,428.1000061035156,12286.0234375,823.3499755859375,1682.669677734375,162.3699951171875,3121.304931640625,1532.850341796875,422.8971252441406,255.21157836914062
2025-07-21,7235.6201171875,1099.5999755859375,8438.5,1473.9000244140625,361.392333984375,6657.68505859375,1259.300048828125,5486.8544921875,1507.3585205078125,997.7670288085938,4259.51318359375,677.7298583984375,1454.576416015625,1560.4119873046875,1034.800048828125,433.0400085449219,12272.173828125,824.2000122070312,1681.378173828125,163.02000427246094,3090.286865234375,1527.80322265625,430.5335998535156,248.90179443359375
2025-07-22,7227.64111328125,1098.0,8295.0,1464.4000244140625,363.541259765625,6583.02490234375,1240.0,5369.87109375,1497.2135009765625,1001.058837890625,4195.93212890625,685.0263671875,1462.316650390625,1547.2139892578125,1030.699951171875,432.0400085449219,12358.2421875,815.0,1667.17041015625,163.0399932861328,3091.65673828125,1531.16796875,427.4505615234375,248.28036499023438
2025-07-23,7354.310546875,1104.800048828125,8397.0,1473.5,365.0828857421875,6622.84375,1247.4000244140625,5371.845703125,1506.767578125,1009.6375122070312,4216.51416015625,690.3374633789062,1477.2017822265625,1550.7596435546875,1033.800048828125,434.0799865722656,12491.796875,820.6500244140625,1671.641357421875,162.77000427246094,3110.7373046875,1530.5740966796875,432.2411193847656,249.9055938720703
2025-07-24,7344.33642578125,1095.0999755859375,8288.5,1487.9000244140625,360.22442626953125,6588.5,1265.5,5398.99365234375,1484.5076904296875,1004.5999755859375,4219.65283203125,690.5359497070312,1472.0416259765625,1529.0914306640625,1033.800048828125,428.4200134277344,12422.5458984375,815.7000122070312,1681.080078125,163.47999572753906,3080.30615234375,1483.071533203125,428.1620178222656,250.33583068847656
2025-07-25,7449.06298828125,1086.0999755859375,8075.5,1532.5,355.78643798828125,6616.5,1277.9000244140625,5363.45458984375,1467.6651611328125,1002.2999877929688,4149.814453125,688.401611328125,1465.789794921875,1492.84619140625,1026.9000244140625,424.9200134277344,12271.1845703125,806.5499877929688,1688.034912109375,161.42999267578125,3068.368408203125,1446.7518310546875,420.7627258300781,247.8023681640625
2025-07-28,7337.3544921875,1073.5999755859375,8089.5,1572.0,353.4974060058594,6584.0,1287.4000244140625,5317.05615234375,1444.0264892578125,1004.25,4209.0595703125,684.3314208984375,1477.00341796875,1493.1417236328125,1028.800048828125,393.32000732421875,12207.869140625,797.1500244140625,1691.214111328125,159.67999267578125,3013.08349609375,1435.56884765625,415.450439453125,243.75680541992188
2025-07-29,7436.595703125,1064.199951171875,8127.5,1574.0,358.4492492675781,6676.5,1299.800048828125,5400.474609375,1450.231689453125,1010.7999877929688,4242.5078125,687.6571044921875,1474.8201904296875,1490.8763427734375,1034.9000244140625,394.5400085449219,12335.48828125,799.2000122070312,1699.460693359375,161.69000244140625,2990.284423828125,1438.73583984375,416.9208068847656,245.46275329589844
2025-07-30,7430.61181640625,1073.300048828125,8043.5,1559.4000244140625,354.945556640625,6650.0,1292.0999755859375,5410.83984375,1454.2698974609375,1012.9000244140625,4170.02001953125,683.7854614257812,1471.04931640625,1496.0965576171875,1037.9000244140625,391.94000244140625,12482.892578125,801.6500244140625,1722.6103515625,161.36000061035156,2987.93603515625,1448.038330078125,412.2725524902344,243.90301513671875
2025-07-31,7478.486328125,1068.4000244140625,8008.0,1554.5999755859375,351.6287841796875,6595.5,1270.300048828125,5398.5,1445.7994384765625,1009.0999755859375,4179.24072265625,678.0773315429688,1470.0570068359375,1486.247314453125,1048.300048828125,395.7200012207031,12473.0,796.5499877929688,1695.6851806640625,157.94000244140625,2971.497314453125,1448.5330810546875,403.7823486328125,242.05084228515625
2025-08-01,7332.36767578125,1062.4000244140625,8044.5,1502.800048828125,348.0316467285156,6361.5,1220.5999755859375,5528.0,1430.2373046875,1006.0999755859375,4229.16748046875,667.5545043945312,1460.3319091796875,1447.4412841796875,1027.800048828125,398.4800109863281,12302.0,794.0,1619.18212890625,153.00999450683594,2938.424072265625,1423.8912353515625,402.6440124511719,236.64051818847656
2025-08-04,7288.98095703125,1068.5999755859375,8187.5,1515.0999755859375,350.0871276855469,6489.5,1225.0,5621.0,1452.2015380859375,996.0,4449.17919921875,682.6934814453125,1451.9962158203125,1458.177001953125,1055.9000244140625,399.3999938964844,12365.0,795.7000122070312,1631.0052490234375,159.55999755859375,3008.28857421875,1459.716064453125,409.2843933105469,239.8574676513672
2025-08-05,7255.0693359375,1070.800048828125,8230.5,1499.800048828125,354.57183837890625,6409.0,1214.800048828125,5681.0,1460.3765869140625,988.7999877929688,4459.87060546875,682.0978393554688,1433.3402099609375,1438.2816162109375,1053.4000244140625,400.6000061035156,12537.0,800.5999755859375,1621.566650390625,159.6199951171875,2998.014404296875,1470.00830078125,415.9247741699219,239.7209930419922
2025-08-06,7170.78955078125,1071.0,8178.5,1486.699951171875,357.2738342285156,6133.5,1196.699951171875,5668.0,1441.170166015625,992.6500244140625,4389.34521484375,679.8641967773438,1432.54638671875,1415.037353515625,1052.5999755859375,400.4800109863281,12524.0,805.1500244140625,1584.90478515625,158.66000366210938,2967.093994140625,1443.8818359375,417.9168701171875,233.92074584960938
2025-08-07,7151.34033203125,1076.199951171875,8229.0,1491.0,359.83355712890625,6131.5,1200.800048828125,5681.5,1453.2850341796875,997.7000122070312,4571.59326171875,681.7999877929688,1429.271728515625,1415.234375,1064.800048828125,398.4200134277344,12632.0,805.1500244140625,1588.0841064453125,159.6699981689453,2981.47802734375,1466.6435546875,415.3081359863281,236.2213592529297
2025-08-08,7066.0625,1058.0999755859375,8224.0,1485.800048828125,359.97576904296875,5914.5,1211.4000244140625,5663.0,1453.48193359375,986.9500122070312,4511.857421875,672.75,1424.9053955078125,1401.6424560546875,1049.199951171875,390.5400085449219,12590.0,804.2999877929688,1576.6583251953125,157.9499969482422,2971.105712890625,1465.0601806640625,409.2843933105469,233.0336456298828
2025-08-11,7240.10888671875,1073.300048828125,8275.0,1504.800048828125,362.63031005859375,5992.0,1219.5,5671.5,1465.5968017578125,997.7999877929688,4474.9765625,672.8499755859375,1425.5999755859375,1406.66552734375,1052.699951171875,395.17999267578125,12597.0,823.4500122070312,1598.0196533203125,158.52000427246094,2975.4111328125,1465.7528076171875,408.0037536621094,235.53895568847656
2025-08-12,7217.66748046875,1070.0,8196.5,1521.5999755859375,365.3322448730469,5961.0,1220.300048828125,5658.0,1476.5296630859375,984.9500122070312,4556.3896484375,667.0499877929688,1422.0,1402.62744140625,1048.199951171875,391.79998779296875,12840.0,820.5999755859375,1611.73046875,160.16000366210938,2970.127197265625,1493.6607666015625,410.99188232421875,235.63644409179688
2025-08-13,7788.17822265625,1066.0,8248.5,1561.0,366.0433044433594,6100.5,1253.4000244140625,5714.5,1478.49951171875,990.1500244140625,4677.5283203125,700.5,1420.800048828125,1405.0897216796875,1053.699951171875,397.5400085449219,12834.0,821.8499755859375,1629.217041015625,160.17999267578125,2970.91015625,1490.6917724609375,416.2093505859375,235.56820678710938
2025-08-14,7801.14453125,1068.199951171875,8213.5,1564.0,364.47900390625,6132.5,1260.4000244140625,5764.0,1467.3697509765625,995.5499877929688,4618.0869140625,695.25,1427.300048828125,1425.8714599609375,1045.5,395.6400146484375,12936.0,826.5499877929688,1630.806640625,155.3000030517578,2957.30908203125,1471.2947998046875,408.0986022949219,240.5983428955078
2025-08-18,7802.1416015625,1082.5999755859375,8588.5,1565.199951171875,367.65496826171875,6164.5,1262.699951171875,5912.0,1462.6419677734375,1001.7999877929688,4888.7119140625,714.1500244140625,1434.5999755859375,1414.1510009765625,1079.800048828125,400.2799987792969,14068.0,827.6500244140625,1622.1627197265625,157.9600067138672,2946.44775390625,1455.9554443359375,415.6876220703125,239.0386199951172
2025-08-19,7813.12744140625,1083.199951171875,8795.5,1548.9000244140625,365.3322448730469,6079.5,1244.199951171875,5938.5,1453.8759765625,995.5499877929688,5020.34619140625,706.7000122070312,1436.300048828125,1418.2877197265625,1073.4000244140625,405.9800109863281,14250.0,830.4000244140625,1616.10205078125,159.22999572753906,2951.340087890625,1481.191162109375,427.07110595703125,240.7445831298828
2025-08-20,7872.54833984375,1080.199951171875,8827.5,1546.0999755859375,364.7160339355469,6005.0,1245.4000244140625,5937.5,1473.4764404296875,994.0999755859375,5037.80615234375,700.8499755859375,1430.5999755859375,1473.6402587890625,1082.5999755859375,403.5,14221.0,828.9500122070312,1622.5601806640625,161.9199981689453,3031.96826171875,1508.3072509765625,422.6125793457031,244.52691650390625
2025-08-21,7915.99072265625,1078.9000244140625,8684.5,1592.800048828125,363.3707275390625,6028.0,1276.5999755859375,5975.0,1471.0140380859375,995.5999755859375,4999.64990234375,707.2999877929688,1446.0,1473.8372802734375,1071.800048828125,403.55999755859375,14280.0,825.7000122070312,1629.6142578125,161.50999450683594,3035.882568359375,1505.536376953125,423.94061279296875,243.62033081054688
2025-08-22,7911.99609375,1070.9000244140625,8679.5,1592.800048828125,359.81536865234375,6151.5,1277.5999755859375,5924.5,1444.2236328125,982.2999877929688,4902.34619140625,704.2000122070312,1436.4000244140625,1465.0714111328125,1054.5999755859375,397.32000732421875,14349.0,816.25,1631.2041015625,158.5500030517578,2988.327392578125,1489.4052734375,421.4267883300781,242.38229370117188
2025-08-25,7840.5908203125,1070.0,8750.5,1601.199951171875,365.1484375,6248.5,1283.9000244140625,5990.5,1481.5528564453125,982.0499877929688,4966.986328125,715.8499755859375,1433.199951171875,1508.9989013671875,1057.800048828125,396.6600036621094,14452.0,816.4500122070312,1646.0078125,159.6300048828125,3073.0654296875,1511.2762451171875,427.16595458984375,247.451416015625
2025-08-26,7783.1669921875,1050.0999755859375,8691.5,1579.800048828125,357.8935241699219,6190.5,1263.199951171875,6151.0,1470.3245849609375,973.4000244140625,4976.40283203125,705.7000122070312,1416.5999755859375,1506.53662109375,1047.0999755859375,393.1400146484375,14714.0,807.8499755859375,1589.971923828125,155.02999877929688,3089.30810546875,1486.6341552734375,421.1661682128906,245.6869659423828
2025-08-28,7717.75390625,1051.9000244140625,8689.5,1580.300048828125,359.67120361328125,6132.0,1259.800048828125,6133.0,1427.9720458984375,957.7999877929688,4994.35302734375,701.4000244140625,1399.0999755859375,1477.4814453125,1035.800048828125,388.94000244140625,14752.0,801.9500122070312,1575.466064453125,153.6300048828125,3027.173828125,1480.1026611328125,417.5269470214844,244.34169006347656
2025-08-29,7599.91015625,1045.199951171875,8631.5,1589.4000244140625,360.15167236328125,6131.5,1260.0999755859375,6103.0,1432.896728515625,951.5999755859375,4990.4296875,703.9500122070312,1397.800048828125,1447.4412841796875,1026.5999755859375,392.05999755859375,14791.0,802.5,1584.2093505859375,154.47999572753906,3018.3671875,1466.0498046875,413.74017333984375,243.13291931152344
2025-09-01,7661.32861328125,1061.5,8967.0,1587.199951171875,363.1304931640625,6093.0,1279.9000244140625,6280.0,1446.2919921875,950.5999755859375,5143.7412109375,719.5999755859375,1411.0,1476.7921142578125,1035.5,393.7200012207031,14887.0,806.0499877929688,1553.210693359375,156.1699981689453,3045.667236328125,1489.9000244140625,423.920166015625,244.0590057373047
2025-09-02,7671.81494140625,1056.199951171875,9030.5,1569.199951171875,365.2445373535156,6120.5,1253.699951171875,6349.0,1443.632568359375,944.5,5210.44091796875,720.9500122070312,1394.199951171875,1476.1025390625,1044.0,388.5,14842.0,803.9000244140625,1555.098388671875,158.38999938964844,3044.591064453125,1497.12451171875,424.51031494140625,244.61463928222656
2025-09-03,7725.7431640625,1054.699951171875,9116.0,1578.4000244140625,374.5654296875,6164.0,1262.199951171875,6371.5,1444.0264892578125,954.4500122070312,5246.7333984375,742.9500122070312,1397.0,1456.798095703125,1072.199951171875,392.0400085449219,14927.0,812.1500244140625,1568.51123046875,167.85000610351562,3030.89208984375,1492.572021484375,432.23138427734375,243.2791290283203
2025-09-04,7889.52587890625,1050.4000244140625,9071.0,1577.800048828125,376.15093994140625,6133.5,1253.0,6425.0,1421.56982421875,961.25,5248.6953125,739.0499877929688,1405.5,1440.94091796875,1072.4000244140625,389.94000244140625,14662.0,809.4000244140625,1572.088134765625,166.80999755859375,3029.130615234375,1484.8529052734375,428.5429992675781,238.80465698242188
2025-09-05,7794.15234375,1055.9000244140625,9084.5,1553.4000244140625,377.3040466308594,6009.0,1268.0999755859375,6580.5,1397.6356201171875,963.4000244140625,5260.4658203125,743.7999877929688,1402.800048828125,1422.8182373046875,1073.0999755859375,389.1000061035156,14895.0,806.5999755859375,1583.3150634765625,167.67999267578125,2982.75,1462.5860595703125,438.1820068359375,237.53736877441406
2025-09-08,7776.17626953125,1055.5,9433.5,1541.199951171875,371.92291259765625,6027.5,1250.5999755859375,6815.0,1381.8765869140625,966.0,5338.9365234375,738.75,1402.699951171875,1411.2947998046875,1101.4000244140625,390.0199890136719,15258.0,808.7999877929688,1570.79638671875,168.82000732421875,2954.079833984375,1445.564208984375,427.2643127441406,236.41632080078125
2025-09-09,7815.12451171875,1052.199951171875,9383.0,1551.5999755859375,372.7877502441406,6002.5,1291.300048828125,6874.5,1405.6136474609375,965.1500244140625,5319.80908203125,742.9000244140625,1403.699951171875,1481.6181640625,1104.5,392.0799865722656,15365.0,808.8499755859375,1581.4273681640625,169.14999389648438,2983.826171875,1482.6756591796875,425.6905822753906,242.8794403076172
2025-09-10,7918.4873046875,1070.0999755859375,9244.0,1563.800048828125,376.5833435058594,6031.5,1304.199951171875,6836.5,1441.8597412109375,965.9000244140625,5248.205078125,743.1500244140625,1403.9000244140625,1509.491455078125,1101.199951171875,394.6600036621094,15108.0,818.2000122070312,1583.116455078125,169.42999267578125,3043.123291015625,1510.1876220703125,426.5758361816406,249.31333923339844
2025-09-11,7869.05322265625,1087.4000244140625,9113.5,1560.800048828125,377.9766845703125,6015.5,1303.0999755859375,6758.0,1445.6024169921875,967.7999877929688,5200.63232421875,742.6500244140625,1401.5999755859375,1486.9366455078125,1099.0,394.4599914550781,15095.0,823.6500244140625,1599.3111572265625,169.41000366210938,3057.017822265625,1505.4373779296875,430.5101318359375,247.5196533203125
2025-09-12,7864.0595703125,1105.300048828125,8999.5,1574.5999755859375,378.9375915527344,6026.5,1316.699951171875,6875.0,1445.10986328125,967.2999877929688,5200.1416015625,758.0499877929688,1417.699951171875,1502.596923828125,1099.0,394.4599914550781,15325.0,823.5499877929688,1606.1666259765625,169.77999877929688,3066.019775390625,1509.69287109375,443.4932861328125,245.5992431640625
2025-09-15,7806.13671875,1104.4000244140625,9025.0,1548.300048828125,379.3219909667969,6057.0,1300.800048828125,6801.0,1444.4205322265625,967.0499877929688,5187.39013671875,753.6500244140625,1419.4000244140625,1485.6563720703125,1100.9000244140625,394.1600036621094,15265.0,824.75,1591.660888671875,169.22999572753906,3044.982421875,1504.0518798828125,446.935791015625,244.95584106445312
2025-09-16,7842.0888671875,1121.199951171875,9072.5,1559.0,380.3309326171875,6099.5,1310.4000244140625,6927.5,1460.7706298828125,966.8499755859375,5214.36474609375,755.9500122070312,1421.5999755859375,1488.5126953125,1115.199951171875,404.3399963378906,15573.0,831.5499877929688,1600.1060791015625,172.02000427246094,3078.055419921875,1515.630615234375,453.7224426269531,247.61712646484375
2025-09-17,7877.54150390625,1126.0,9084.0,1559.5999755859375,384.1265563964844,6051.5,1311.4000244140625,6890.5,1459.1947021484375,966.5,5247.71435546875,750.0999755859375,1419.199951171875,1499.4453125,1111.0,410.05999755859375,15801.0,857.1500244140625,1609.743408203125,171.36000061035156,3104.57275390625,1531.16796875,448.65704345703125,247.75360107421875
2025-09-18,7840.09130859375,1133.0,9075.0,1578.199951171875,377.7845153808594,6112.0,1322.699951171875,6924.5,1471.3094482421875,976.9000244140625,5267.33203125,750.1500244140625,1421.699951171875,1517.370849609375,1121.0999755859375,410.9200134277344,15817.0,854.3499755859375,1637.9600830078125,172.02999877929688,3108.388916015625,1534.631591796875,448.1652526855469,250.46363830566406
2025-09-19,7796.14990234375,1135.9000244140625,8971.5,1575.800048828125,379.0817565917969,6200.0,1321.699951171875,6973.5,1445.3070068359375,966.9000244140625,5304.60546875,743.2999877929688,1402.199951171875,1516.976806640625,1122.800048828125,406.20001220703125,15864.0,862.3499755859375,1645.3123779296875,171.47999572753906,3101.050048828125,1537.6995849609375,448.1160888671875,249.44007873535156
2025-09-22,7728.7392578125,1144.4000244140625,9054.5,1542.199951171875,379.27392578125,6092.5,1301.4000244140625,6946.0,1418.2210693359375,964.2000122070312,5325.6943359375,745.7000122070312,1401.5,1476.8905029296875,1117.0,404.3399963378906,15816.0,855.25,1633.389892578125,171.38999938964844,3007.70166015625,1489.8011474609375,450.9192810058594,244.02975463867188
2025-09-23,7673.81201171875,1170.800048828125,8984.5,1527.0999755859375,378.6493225097656,6051.0,1308.4000244140625,6990.5,1408.2730712890625,957.2000122070312,5267.82275390625,745.9000244140625,1394.300048828125,1474.920654296875,1138.4000244140625,409.5400085449219,16097.0,870.5999755859375,1620.67236328125,173.2899932861328,2996.546875,1456.648193359375,449.6898193359375,243.34738159179688
2025-09-24,7633.36572265625,1158.9000244140625,8839.0,1538.0,377.4962463378906,5984.0,1298.0999755859375,7011.5,1420.5848388671875,951.0499877929688,5176.1103515625,741.0499877929688,1382.699951171875,1472.0643310546875,1149.0999755859375,406.260009765625,16249.0,866.2000122070312,1616.598876953125,172.66000366210938,2970.127197265625,1437.350341796875,441.08355712890625,238.43421936035156
2025-09-25,7613.8916015625,1166.5999755859375,8842.5,1509.699951171875,377.159912109375,5897.0,1275.199951171875,6986.0,1402.363525390625,949.8499755859375,5252.12841796875,745.6500244140625,1375.800048828125,1462.4122314453125,1148.5,402.70001220703125,16269.0,861.1500244140625,1616.89697265625,172.3800048828125,2893.804443359375,1429.334228515625,454.06671142578125,235.90940856933594
2025-09-26,7500.04296875,1154.0,8702.0,1499.4000244140625,373.9408264160156,5689.5,1253.0999755859375,7047.0,1374.2926025390625,945.0499877929688,5226.13525390625,743.8499755859375,1359.5999755859375,1427.053466796875,1130.800048828125,398.9599914550781,16286.0,856.9500122070312,1576.4595947265625,167.39999389648438,2836.758544921875,1393.1134033203125,440.5917663574219,229.8166961669922
2025-09-29,7434.13037109375,1132.199951171875,8717.5,1488.0,373.1240234375,5697.5,1234.5999755859375,6985.0,1366.5113525390625,950.2999877929688,5199.16064453125,753.7999877929688,1348.0999755859375,1420.060546875,1122.199951171875,398.32000732421875,15984.0,870.75,1579.04296875,168.97999572753906,2833.82275390625,1396.082275390625,444.82110595703125,233.60879516601562
2025-09-30,7399.1767578125,1131.5999755859375,8678.5,1503.300048828125,374.7095947265625,5689.5,1223.699951171875,7005.5,1364.24609375,951.0,5367.87255859375,761.9500122070312,1348.0,1420.060546875,1142.699951171875,398.5400085449219,16029.0,872.4500122070312,1584.0106201171875,168.77000427246094,2826.288330078125,1385.7901611328125,458.1485290527344,233.3455810546875
2025-10-01,7431.13427734375,1159.5,8626.5,1513.0,373.31622314453125,5710.0,1244.699951171875,7021.5,1368.579833984375,965.25,5328.63720703125,765.9500122070312,1372.0,1424.000244140625,1146.0999755859375,412.6600036621094,15965.0,864.0999755859375,1625.64013671875,167.50999450683594,2851.53369140625,1401.327392578125,457.2141418457031,235.0028076171875
2025-10-03,7439.623046875,1181.0,8679.5,1517.699951171875,368.3675231933594,5866.0,1248.0999755859375,6941.0,1372.5196533203125,965.1500244140625,5444.38134765625,780.3499755859375,1365.199951171875,1424.7880859375,1161.699951171875,420.1000061035156,15806.0,867.2999877929688,1620.67236328125,173.2100067138672,2839.498046875,1386.0870361328125,463.2139587402344,234.91506958007812
2025-10-06,7651.84130859375,1212.800048828125,8792.0,1513.0999755859375,366.97418212890625,5826.5,1248.5999755859375,6880.0,1396.3551025390625,973.4500122070312,5474.78857421875,776.7000122070312,1363.4000244140625,1453.744873046875,1159.9000244140625,429.20001220703125,15998.0,874.0499877929688,1644.020751953125,170.05999755859375,2924.137939453125,1424.3861083984375,463.0663757324219,236.0361328125
2025-10-07,7689.791015625,1186.800048828125,8904.0,1513.300048828125,369.6647644042969,6104.5,1248.5,6957.0,1411.8189697265625,982.5,5507.64794921875,767.7999877929688,1375.9000244140625,1436.5086669921875,1156.800048828125,425.3800048828125,16108.0,864.7000122070312,1642.4310302734375,171.42999267578125,2909.75390625,1423.990234375,464.0991516113281,237.40089416503906
2025-10-08,7651.84130859375,1180.5999755859375,8792.0,1494.5999755859375,367.1663818359375,6120.5,1234.5,6902.5,1431.3206787109375,978.7000122070312,5407.10791015625,768.2000122070312,1370.300048828125,1472.4583740234375,1145.199951171875,423.55999755859375,16012.0,858.25,1621.06982421875,171.94000244140625,2962.103759765625,1443.090087890625,464.9352111816406,238.1222686767578
2025-10-09,7684.7978515625,1167.4000244140625,8810.0,1513.0999755859375,368.3675231933594,6132.0,1246.0999755859375,6896.5,1464.119384765625,977.0999755859375,5406.6171875,774.0999755859375,1376.199951171875,1486.5428466796875,1175.199951171875,428.9200134277344,15985.0,862.0999755859375,1647.7962646484375,176.4199981689453,2995.86181640625,1451.403076171875,476.2463073730469,240.1986541748047
2025-10-10,7670.81640625,1180.4000244140625,8946.5,1561.800048828125,369.4725646972656,6474.5,1264.4000244140625,6965.0,1472.98388671875,980.9000244140625,5394.8466796875,773.9500122070312,1380.300048828125,1492.058349609375,1167.800048828125,430.0199890136719,16265.0,880.6500244140625,1660.1162109375,173.86000061035156,2963.179931640625,1442.1004638671875,474.2791442871094,242.44078063964844
2025-10-13,7660.82958984375,1189.5999755859375,9066.0,1563.5999755859375,366.6378479003906,6556.0,1262.4000244140625,6912.0,1472.1959228515625,977.0,5452.71875,770.2000122070312,1379.4000244140625,1470.6854248046875,1161.4000244140625,430.4200134277344,16323.0,882.9500122070312,1657.63232421875,173.02999877929688,2942.53369140625,1435.8658447265625,471.4267578125,238.96063232421875
2025-10-14,7748.712890625,1176.800048828125,9102.5,1552.300048828125,366.06134033203125,6561.0,1237.300048828125,6887.0,1472.885498046875,977.1500244140625,5464.9794921875,760.0999755859375,1384.0999755859375,1467.435302734375,1147.800048828125,430.3599853515625,16261.0,876.9500122070312,1643.7227783203125,170.50999450683594,2896.642333984375,1452.78857421875,472.1644592285156,242.16781616210938
2025-10-15,7815.6240234375,1169.5999755859375,8998.0,1558.699951171875,369.2323303222656,6573.0,1232.4000244140625,6895.0,1473.1807861328125,978.25,5431.6298828125,764.25,1398.4000244140625,1452.1690673828125,1160.800048828125,429.9200134277344,16212.0,886.0999755859375,1644.418212890625,173.24000549316406,2916.7763671875,1443.8818359375,475.11517333984375,243.91278076171875
2025-10-16,7823.11376953125,1196.300048828125,9151.5,1569.4000244140625,372.451416015625,6600.5,1240.199951171875,6988.0,1492.1903076171875,994.3499755859375,5472.82666015625,780.0999755859375,1417.300048828125,1449.312744140625,1172.0999755859375,441.0799865722656,16298.0,886.9500122070312,1648.29296875,174.0,2917.66015625,1448.6322021484375,471.2300720214844,247.4221649169922
2025-10-17,7891.02392578125,1200.199951171875,9150.5,1577.5999755859375,373.6044921875,6621.5,1255.9000244140625,7042.5,1475.5111083984375,1002.5499877929688,5485.578125,772.7999877929688,1436.5999755859375,1419.37109375,1163.300048828125,441.1600036621094,16401.0,889.1500244140625,1668.2633056640625,172.22000122070312,2909.311767578125,1432.5999755859375,466.26300048828125,234.8370819091797
2025-10-20,7999.3798828125,1226.0,9124.5,1639.0999755859375,375.33416748046875,6604.0,1282.0,7013.5,1484.64501953125,1002.9500122070312,5533.15087890625,786.3499755859375,1390.300048828125,1438.87255859375,1145.199951171875,442.760009765625,16424.0,907.5,1677.7020263671875,171.9499969482422,2961.365478515625,1444.4000244140625,466.115478515625,235.1685333251953
2025-10-21,8001.37744140625,1237.300048828125,9118.0,1663.5999755859375,375.81463623046875,6587.0,1288.699951171875,7018.5,1475.3126220703125,1007.7000122070312,5538.5458984375,784.9500122070312,1382.0,1450.19921875,1152.5,439.3999938964844,16396.0,907.8499755859375,1679.5897216796875,172.77999877929688,2953.017333984375,1448.699951171875,467.83673095703125,235.28550720214844
2025-10-23,7957.93505859375,1258.800048828125,9047.0,1645.0999755859375,377.3040466308594,6565.5,1279.4000244140625,6884.5,1512.9400634765625,1008.7999877929688,5481.65478515625,792.4000244140625,1363.699951171875,1505.4532470703125,1138.199951171875,445.1199951171875,16393.0,911.5499877929688,1678.99365234375,174.16000366210938,3018.330078125,1463.4000244140625,475.3118896484375,238.15151977539062
2025-10-24,7827.10888671875,1241.9000244140625,9076.5,1584.4000244140625,378.6493225097656,6593.0,1283.5999755859375,6840.0,1512.8408203125,994.75,5434.572265625,824.4500122070312,1377.699951171875,1502.4000244140625,1141.4000244140625,437.3999938964844,16274.0,904.5,1688.034912109375,174.44000244140625,3008.508544921875,1453.699951171875,487.45904541015625,236.86473083496094
2025-10-27,7835.09814453125,1254.0999755859375,9095.5,1584.0,381.1957702636719,6490.0,1284.300048828125,6906.5,1522.470947265625,1002.9500122070312,5538.5458984375,840.8499755859375,1377.5999755859375,1504.5,1150.5999755859375,429.7200012207031,16388.0,922.75,1682.669677734375,176.66000366210938,3029.821044921875,1462.800048828125,496.95050048828125,237.77133178710938
2025-10-28,7870.0517578125,1246.300048828125,9057.5,1568.0999755859375,376.1029052734375,6438.5,1289.4000244140625,7002.5,1511.1529541015625,1003.5499877929688,5502.2529296875,848.9500122070312,1363.0999755859375,1500.199951171875,1184.199951171875,432.1600036621094,16311.0,930.25,1676.1123046875,181.80999755859375,3003.30322265625,1447.4000244140625,494.1965026855469,236.27984619140625
2025-10-29,7848.0810546875,1248.800048828125,9034.0,1581.0999755859375,367.0702819824219,6512.0,1250.9000244140625,6952.0,1546.099853515625,1007.8499755859375,5445.36181640625,856.25,1370.4000244140625,1510.4000244140625,1207.9000244140625,430.1000061035156,16138.0,939.75,1704.8258056640625,185.19000244140625,3003.0087890625,1452.199951171875,507.72064208984375,236.18235778808594
2025-10-30,7779.671875,1238.5999755859375,8923.0,1540.0999755859375,372.5475158691406,6655.0,1202.199951171875,6889.0,1538.65380859375,998.1500244140625,5409.56005859375,861.3499755859375,1362.4000244140625,1493.800048828125,1210.0,427.44000244140625,16206.0,934.3499755859375,1692.406494140625,184.35000610351562,2981.106689453125,1433.800048828125,498.6225891113281,235.83140563964844
2025-10-31,7670.81640625,1232.800048828125,8892.5,1501.300048828125,373.46038818359375,6738.0,1197.5999755859375,7007.0,1530.4134521484375,987.2999877929688,5438.00537109375,847.8499755859375,1345.300048828125,1482.300048828125,1206.0,420.44000244140625,16186.0,937.0,1679.788330078125,182.83999633789062,3003.4013671875,1424.4000244140625,485.44268798828125,234.6128692626953
2025-11-03,7814.1259765625,1233.699951171875,8922.5,1511.5,373.3642578125,6804.0,1196.0,7023.5,1532.3990478515625,992.6500244140625,5433.10107421875,847.2000122070312,1346.4000244140625,1485.5,1195.0,422.70001220703125,15651.0,949.7000122070312,1695.3870849609375,182.6699981689453,2962.93701171875,1419.800048828125,504.5732116699219,234.44715881347656
2025-11-04,7800.14453125,1226.5999755859375,8751.0,1503.300048828125,372.6240539550781,6804.5,1200.0,6930.0,1518.1025390625,985.25,5207.49853515625,831.4000244140625,1336.9000244140625,1467.9000244140625,1181.4000244140625,419.32000732421875,15374.0,957.5999755859375,1679.093017578125,179.2899932861328,2936.81201171875,1409.199951171875,499.8028564453125,231.9320831298828
2025-11-06,7771.68212890625,1228.5,8720.5,1501.5,368.2814636230469,6883.5,1205.199951171875,6806.5,1515.4219970703125,984.6500244140625,5224.17333984375,788.4000244140625,1320.4000244140625,1466.699951171875,1168.800048828125,416.6400146484375,15452.0,960.75,1675.0194091796875,177.27000427246094,2957.142333984375,1413.5999755859375,496.65545654296875,234.00848388671875
2025-11-07,7631.86767578125,1222.800048828125,8721.5,1505.699951171875,371.09429931640625,6656.5,1205.4000244140625,6886.0,1501.522705078125,982.2999877929688,5194.7470703125,790.4000244140625,1343.0,1476.800048828125,1171.699951171875,417.6600036621094,15479.0,955.8499755859375,1680.48388671875,181.3699951171875,2938.383544921875,1386.699951171875,506.5895080566406,230.5380859375
2025-11-10,7519.51708984375,1217.0,8772.0,1511.5,376.3744812011719,6691.5,1198.699951171875,6866.5,1529.420654296875,984.5,5257.03271484375,785.2000122070312,1348.0,1513.5,1179.300048828125,418.5400085449219,15583.0,951.1500244140625,1686.8426513671875,181.47999572753906,2971.18701171875,1397.800048828125,511.06475830078125,233.8037567138672
2025-11-11,7491.0546875,1222.5,8895.0,1514.9000244140625,377.8055725097656,6539.5,1211.5,6873.0,1558.70849609375,991.7000122070312,5313.923828125,793.75,1358.300048828125,1530.300048828125,1191.5,417.3800048828125,15645.0,953.2999877929688,1705.0245361328125,181.0399932861328,2992.597900390625,1408.0,515.2449340820312,235.60720825195312
2025-11-12,7488.05859375,1221.5999755859375,8868.0,1519.300048828125,381.4573059082031,6520.0,1229.5999755859375,6879.0,1582.535888671875,989.5,5428.19677734375,794.4000244140625,1358.9000244140625,1551.699951171875,1181.800048828125,416.8999938964844,15696.0,957.1500244140625,1720.9212646484375,178.61000061035156,3075.8837890625,1456.0999755859375,512.04833984375,239.04835510253906
2025-11-13,7430.63525390625,1225.199951171875,8867.5,1525.800048828125,378.20037841796875,6593.5,1234.9000244140625,6855.0,1587.00341796875,986.6500244140625,5403.18408203125,811.9500122070312,1385.9000244140625,1541.800048828125,1183.9000244140625,415.0400085449219,15749.0,954.0,1726.18701171875,176.64999389648438,3050.249755859375,1451.4000244140625,520.9005126953125,239.1555938720703
2025-11-14,7410.66162109375,1241.5999755859375,8843.0,1532.0999755859375,381.90142822265625,6511.5,1246.0,6695.0,1583.1314697265625,989.5999755859375,5432.61083984375,803.6500244140625,1373.0,1502.800048828125,1167.800048828125,415.94000244140625,15684.0,967.8499755859375,1745.7598876953125,174.25999450683594,3050.54443359375,1439.199951171875,516.7203369140625,238.21974182128906
2025-11-17,7477.57275390625,1249.5999755859375,8945.5,1535.5999755859375,382.7897033691406,6518.5,1244.4000244140625,6799.0,1594.8466796875,996.5499877929688,5687.6396484375,807.1500244140625,1379.0,1507.5999755859375,1175.5,420.5799865722656,15878.0,973.3499755859375,1752.5159912109375,173.1699981689453,3046.812255859375,1452.800048828125,512.2450561523438,237.90780639648438
2025-11-18,7375.7080078125,1265.4000244140625,8921.0,1514.5,378.9405822753906,6473.5,1243.800048828125,6814.5,1583.7271728515625,992.4500122070312,5688.62060546875,797.1500244140625,1373.4000244140625,1486.4000244140625,1163.0,418.6199951171875,15930.0,972.4500122070312,1747.448974609375,172.4499969482422,3031.98193359375,1422.0,502.3110046386719,234.8370819091797
2025-11-19,7449.1103515625,1270.4000244140625,8884.5,1526.800048828125,374.1044921875,6454.0,1250.199951171875,6896.5,1650.6424560546875,994.5999755859375,5764.1484375,790.9500122070312,1383.0999755859375,1541.0999755859375,1164.9000244140625,421.17999267578125,15768.0,982.75,1772.5855712890625,173.2100067138672,3091.499755859375,1433.9000244140625,503.3929138183594,239.87696838378906
2025-11-20,7413.158203125,1285.199951171875,8979.5,1529.199951171875,374.6966552734375,6462.5,1248.5999755859375,7125.5,1633.566162109375,1008.8499755859375,5884.796875,799.7999877929688,1383.0,1536.5,1170.0,419.739990234375,15801.0,981.5499877929688,1765.928955078125,172.4600067138672,3088.65185546875,1456.0,501.3765869140625,240.0621795654297
2025-11-21,7381.20068359375,1275.800048828125,8892.0,1511.800048828125,373.2655944824219,6373.0,1243.9000244140625,7134.5,1596.4351806640625,998.0499877929688,5887.7392578125,777.7000122070312,1369.5,1545.0,1140.300048828125,417.55999755859375,15977.0,972.5999755859375,1768.2139892578125,168.0,3094.34814453125,1461.5,488.2458801269531,238.3367462158203
2025-11-24,7344.7490234375,1269.0,9007.5,1504.0,367.6893005371094,6359.0,1226.199951171875,7258.5,1598.81787109375,999.1500244140625,5867.63134765625,774.6500244140625,1368.4000244140625,1548.0,1106.0,417.4599914550781,15958.0,970.5999755859375,1769.3070068359375,165.36000061035156,3085.115966796875,1494.699951171875,487.01641845703125,241.04676818847656
2025-11-25,7320.78076171875,1266.300048828125,9048.0,1507.5,365.221923828125,6412.0,1236.0999755859375,7218.5,1589.584716796875,989.7999877929688,5965.22900390625,789.3499755859375,1357.800048828125,1530.5999755859375,1112.0,413.9800109863281,15889.0,983.5999755859375,1765.332763671875,166.3300018310547,3063.5087890625,1494.699951171875,496.3603515625,239.45779418945312
2025-11-26,7383.1982421875,1290.199951171875,9164.0,1523.800048828125,372.42669677734375,6510.0,1248.0,7198.5,1606.263916015625,1003.9000244140625,6019.177734375,800.7999877929688,1375.0,1557.9000244140625,1154.4000244140625,420.760009765625,16156.0,983.9000244140625,1793.25146484375,169.6699981689453,3106.428466796875,1520.4000244140625,507.8189697265625,243.89328002929688
2025-11-27,7312.79150390625,1287.300048828125,9022.5,1525.199951171875,373.1175231933594,6490.5,1249.300048828125,6999.0,1617.2840576171875,1009.5,6033.400390625,807.5499877929688,1392.199951171875,1566.4000244140625,1160.5999755859375,422.0400085449219,15903.0,972.8499755859375,1798.6165771484375,168.1300048828125,3080.59814453125,1509.800048828125,510.5729675292969,243.2791290283203
2025-11-28,7325.7744140625,1279.699951171875,9073.5,1531.300048828125,371.2423400878906,6477.0,1258.800048828125,7053.5,1612.5185546875,1007.5999755859375,6056.451171875,808.4000244140625,1388.800048828125,1560.0999755859375,1160.300048828125,424.8800048828125,15900.0,979.0,1819.779052734375,167.9600067138672,3081.48193359375,1517.300048828125,517.3596801757812,243.24989318847656
2025-12-01,7277.837890625,1275.699951171875,9096.0,1523.0999755859375,374.6966552734375,6422.5,1260.0999755859375,7125.5,1631.0841064453125,1002.0999755859375,6175.1376953125,810.7999877929688,1390.0999755859375,1564.0,1168.4000244140625,429.5199890136719,16097.0,973.0999755859375,1795.7353515625,168.6300048828125,3077.455078125,1529.5,524.5397338867188,243.98101806640625
2025-12-02,7232.3984375,1258.0,9085.5,1516.5999755859375,374.0058288574219,6417.5,1275.199951171875,7112.5,1623.7373046875,989.7999877929688,6150.61572265625,806.8499755859375,1373.0,1561.0,1162.0,428.4800109863281,16239.0,967.2999877929688,1787.88623046875,167.77999877929688,3079.714111328125,1536.699951171875,529.5559692382812,243.873779296875
2025-12-03,7174.47509765625,1270.699951171875,9000.5,1508.0,370.35406494140625,6455.0,1280.699951171875,7081.5,1628.701416015625,1000.5,6092.74365234375,816.2999877929688,1391.5,1578.699951171875,1143.5999755859375,429.2200012207031,16082.0,951.0499877929688,1795.039794921875,166.9199981689453,3123.22314453125,1541.699951171875,524.0479736328125,248.280029296875
2025-12-04,7191.45263671875,1280.0,9085.0,1521.0,374.1044921875,6469.0,1277.5999755859375,7100.0,1642.699951171875,997.2000122070312,6218.787109375,810.7999877929688,1386.699951171875,1597.5999755859375,1150.5999755859375,427.0799865722656,15994.0,948.0999755859375,1806.56494140625,166.77000427246094,3171.544677734375,1562.300048828125,520.94970703125,250.46363830566406
2025-12-05,7179.9677734375,1282.5,9109.0,1520.800048828125,374.9927673339844,6473.5,1275.199951171875,7208.0,1670.895751953125,1003.2999877929688,6229.0859375,823.25,1392.5,1616.199951171875,1162.199951171875,430.9800109863281,16282.0,971.5,1793.64892578125,167.11000061035156,3180.384033203125,1570.800048828125,515.88427734375,253.36865234375
2025-12-08,7086.591796875,1273.800048828125,9026.0,1497.5999755859375,372.42669677734375,6328.5,1266.5,7142.0,1676.4554443359375,1003.0999755859375,6049.09423828125,819.4500122070312,1389.5999755859375,1610.800048828125,1119.0999755859375,426.32000732421875,16187.0,956.4000244140625,1784.6075439453125,163.47000122070312,3178.71435546875,1591.800048828125,502.8519592285156,254.80165100097656
2025-12-09,7081.5986328125,1275.9000244140625,8961.0,1490.5999755859375,374.40057373046875,6294.0,1246.199951171875,7123.0,1645.6783447265625,997.0999755859375,5886.26806640625,812.9000244140625,1375.199951171875,1599.0,1107.800048828125,425.5400085449219,16020.0,959.3499755859375,1764.5379638671875,160.6699981689453,3151.01806640625,1561.5999755859375,507.6714782714844,250.9315643310547
2025-12-10,7009.1943359375,1278.5999755859375,8991.0,1490.9000244140625,377.1640319824219,6294.5,1250.800048828125,7228.5,1654.0179443359375,989.7999877929688,5831.8291015625,821.75,1363.5999755859375,1584.800048828125,1096.800048828125,425.8999938964844,16019.0,959.75,1773.9765625,162.22999572753906,3132.259033203125,1550.800048828125,515.5892333984375,251.4872283935547
2025-12-11,7000.20654296875,1272.699951171875,9053.5,1512.300048828125,378.98992919921875,6430.0,1273.5,7256.0,1660.3719482421875,1000.2999877929688,5865.17919921875,824.3499755859375,1360.0,1598.0,1105.4000244140625,436.0400085449219,16248.0,963.25,1795.5364990234375,166.3800048828125,3134.91064453125,1568.199951171875,520.3595581054688,252.72525024414062
2025-12-12,7091.5849609375,1286.0999755859375,9015.0,1517.4000244140625,378.348388671875,6426.5,1279.300048828125,7229.0,1661.1661376953125,1001.5,5846.05224609375,852.0999755859375,1366.0,1598.199951171875,1125.5,435.32000732421875,16522.0,963.1500244140625,1781.9249267578125,171.88999938964844,3163.0,1578.4000244140625,534.6705322265625,254.04129028320312
2025-12-15,7077.1044921875,1284.800048828125,8940.0,1508.0,379.4340515136719,6347.5,1280.5999755859375,7121.5,1671.8885498046875,996.0999755859375,5845.5615234375,847.8499755859375,1365.199951171875,1606.800048828125,1114.800048828125,436.260009765625,16415.0,967.25,1785.501708984375,172.8699951171875,3172.52685546875,1575.4000244140625,540.3753051757812,255.15257263183594
2025-12-16,7042.15087890625,1219.5999755859375,9008.0,1499.5999755859375,376.6212463378906,6335.5,1276.9000244140625,7061.5,1639.82080078125,994.2999877929688,5832.81005859375,837.1500244140625,1366.0,1592.9000244140625,1082.5999755859375,436.4800109863281,16354.0,961.1500244140625,1769.8037109375,169.8300018310547,3147.875244140625,1578.199951171875,560.1450805664062,252.69601440429688
2025-12-17,6912.3232421875,1224.699951171875,8895.0,1496.9000244140625,379.7301330566406,6293.0,1272.0,7134.5,1643.09716796875,984.0,5705.7861328125,848.7999877929688,1352.4000244140625,1602.0,1079.300048828125,434.6400146484375,16398.0,975.8499755859375,1781.328857421875,170.33999633789062,3160.348388671875,1579.4000244140625,560.440185546875,254.5677032470703
2025-12-18,6909.3271484375,1229.800048828125,8831.0,1498.9000244140625,380.27294921875,6380.0,1280.0,7106.5,1649.4510498046875,979.7000122070312,5638.595703125,856.7000122070312,1356.800048828125,1626.800048828125,1082.199951171875,432.9200134277344,16329.0,977.5499877929688,1734.6322021484375,168.1199951171875,3222.2236328125,1605.5999755859375,569.6365966796875,257.2095031738281
2025-12-19,7003.20263671875,1230.5999755859375,9002.0,1517.0999755859375,380.56903076171875,6478.5,1278.199951171875,7217.0,1630.5877685546875,985.5,5670.47412109375,852.0,1354.0999755859375,1638.699951171875,1079.5999755859375,431.8999938964844,16414.0,980.2999877929688,1733.638671875,168.69000244140625,3223.402099609375,1612.5,572.0463256835938,257.7944030761719
2025-12-22,7044.6474609375,1233.199951171875,9164.0,1512.9000244140625,381.2105712890625,6511.5,1283.4000244140625,7291.5,1658.287109375,987.7000122070312,5590.53271484375,864.5499877929688,1368.5,1689.5999755859375,1094.9000244140625,429.94000244140625,16649.0,974.2999877929688,1758.3779296875,169.22000122070312,3265.5361328125,1646.699951171875,576.0298461914062,265.8075256347656
2025-12-23,7064.12158203125,1225.0,9099.0,1500.699951171875,395.1759338378906,6476.5,1283.5,7303.0,1667.818115234375,996.5999755859375,5634.181640625,863.8499755859375,1363.0,1668.300048828125,1096.800048828125,432.5400085449219,16585.0,971.9000244140625,1744.567626953125,170.89999389648438,3250.902099609375,1633.0,576.7675170898438,264.5694580078125
2025-12-24,7162.4912109375,1226.300048828125,9170.0,1496.300048828125,397.1004943847656,6496.5,1265.800048828125,7312.5,1662.6553955078125,997.2000122070312,5589.5517578125,864.4500122070312,1359.800048828125,1663.4000244140625,1091.300048828125,432.739990234375,16703.0,968.9500122070312,1725.7896728515625,170.07000732421875,3259.741455078125,1631.5,588.3245239257812,261.31353759765625
2025-12-26,7146.51220703125,1228.199951171875,9064.5,1506.0,396.9031066894531,6427.5,1269.300048828125,7324.0,1648.9547119140625,992.0999755859375,5529.2275390625,872.9000244140625,1350.4000244140625,1656.0999755859375,1094.4000244140625,432.8399963378906,16596.0,966.2999877929688,1708.402587890625,169.1199951171875,3221.437744140625,1612.300048828125,591.0784912109375,259.5978088378906
2025-12-29,7075.10693359375,1232.0,9087.0,1494.0,395.42266845703125,6390.5,1268.5999755859375,7272.0,1619.0711669921875,991.7000122070312,5459.5849609375,865.0,1343.300048828125,1644.699951171875,1092.5999755859375,431.7200012207031,16542.0,965.0499877929688,1706.1173095703125,172.3000030517578,3193.446533203125,1612.4000244140625,583.357421875,257.58966064453125
2025-12-30,6980.732421875,1246.0,9282.0,1492.5,392.8072509765625,6360.5,1265.800048828125,7192.5,1603.583251953125,990.9000244140625,5601.8125,884.1500244140625,1342.5,1621.5999755859375,1111.5999755859375,430.5400085449219,16647.0,973.4500122070312,1709.0980224609375,175.8000030517578,3188.83056640625,1604.5999755859375,595.6029052734375,257.0145263671875
2025-12-31,7033.16259765625,1269.4000244140625,9343.0,1511.300048828125,393.7942199707031,6392.5,1271.4000244140625,7312.5,1611.6251220703125,991.2000122070312,5660.66552734375,886.7000122070312,1342.9000244140625,1615.4000244140625,1164.800048828125,440.2200012207031,16697.0,982.2000122070312,1708.6011962890625,180.0800018310547,3148.955322265625,1590.9000244140625,594.4718627929688,256.6538391113281
2026-01-01,7102.0712890625,1274.4000244140625,9558.0,1500.9000244140625,395.2253112792969,6344.0,1253.4000244140625,7348.0,1622.7445068359375,991.1500244140625,5729.8173828125,894.9500122070312,1338.0,1629.800048828125,1171.5,443.55999755859375,16708.0,984.75,1709.9921875,181.88999938964844,3169.77685546875,1607.699951171875,592.7506103515625,260.62139892578125
2026-01-02,7120.04736328125,1266.9000244140625,9502.5,1511.5999755859375,422.317138671875,6392.5,1256.0999755859375,7334.5,1628.403564453125,1001.5999755859375,5819.568359375,925.7000122070312,1355.4000244140625,1640.4000244140625,1180.699951171875,439.0199890136719,16960.0,998.9500122070312,1716.84765625,182.8800048828125,3192.660888671875,1612.0,606.815673828125,262.2298583984375
2026-01-05,7073.60888671875,1285.800048828125,9497.5,1519.800048828125,421.8730163574219,6363.5,1250.0,7482.5,1596.0379638671875,977.5,5871.064453125,931.7000122070312,1371.5,1606.4000244140625,1185.9000244140625,438.17999267578125,17155.0,1005.5499877929688,1717.741943359375,185.72000122070312,3158.6787109375,1596.9000244140625,605.5370483398438,256.6733093261719
2026-01-06,7338.2578125,1293.800048828125,9661.0,1530.800048828125,421.47821044921875,6642.5,1256.199951171875,7522.5,1604.675537109375,962.2000122070312,5885.287109375,942.25,1411.199951171875,1612.199951171875,1176.300048828125,429.2799987792969,17292.0,1018.9000244140625,1748.83984375,186.1999969482422,3197.669921875,1601.800048828125,611.5368041992188,258.9154357910156
2026-01-07,7437.6259765625,1295.5,9789.5,1467.9000244140625,426.0182189941406,6642.5,1242.800048828125,7582.5,1635.849609375,949.0499877929688,5866.650390625,938.4500122070312,1427.699951171875,1639.0,1189.800048828125,428.79998779296875,16809.0,1007.1500244140625,1771.0953369140625,183.8000030517578,3236.75927734375,1625.199951171875,611.9794311523438,263.98455810546875
2026-01-08,7354.73583984375,1286.800048828125,9760.5,1460.5999755859375,419.70172119140625,6600.5,1206.9000244140625,7551.0,1634.8568115234375,946.7000122070312,5738.1552734375,903.9500122070312,1435.0,1613.300048828125,1155.9000244140625,426.6000061035156,16664.0,998.0,1749.336669921875,180.1199951171875,3146.6962890625,1577.9000244140625,593.5866088867188,255.6010284423828
2026-01-09,7246.87890625,1272.0,9562.5,1465.699951171875,412.8917541503906,6616.5,1210.0999755859375,7507.0,1649.4510498046875,939.0,5662.62744140625,900.9500122070312,1404.300048828125,1614.0999755859375,1158.800048828125,425.3599853515625,16501.0,1000.5,1718.7354736328125,178.39999389648438,3150.52685546875,1582.199951171875,599.832275390625,255.35731506347656
2026-01-12,7258.86328125,1274.199951171875,9491.0,1465.199951171875,426.65972900390625,6485.5,1215.5,7436.0,1655.6064453125,936.9500122070312,5617.01611328125,920.1500244140625,1413.0999755859375,1595.9000244140625,1182.699951171875,426.6600036621094,16582.0,1015.1500244140625,1724.7960205078125,183.24000549316406,3181.75927734375,1586.0999755859375,617.0447998046875,256.4783630371094
2026-01-13,7301.80615234375,1262.0,9554.0,1448.300048828125,423.3041076660156,6436.5,1191.300048828125,7404.0,1653.025146484375,937.3499755859375,5624.86328125,936.2999877929688,1437.0,1599.0,1178.0999755859375,426.5199890136719,16426.0,1028.449951171875,1717.5430908203125,182.57000732421875,3209.652099609375,1614.800048828125,626.7330322265625,257.5506896972656
2026-01-14,7262.85791015625,1298.800048828125,9579.5,1434.5,426.5610656738281,6355.5,1186.5,7358.0,1656.5,925.4500122070312,5567.97216796875,955.3499755859375,1418.4000244140625,1599.800048828125,1181.800048828125,421.0,16152.0,1028.3499755859375,1689.723876953125,189.25,3135.5,1588.5,664.6497802734375,253.6513671875
2026-01-15,7262.85791015625,1298.800048828125,9579.5,1434.5,426.5610656738281,6355.5,1186.5,7358.0,1656.5,925.4500122070312,5567.97216796875,955.3499755859375,1418.4000244140625,1599.800048828125,1181.800048828125,421.0,16152.0,1028.3499755859375,1689.723876953125,189.25,3135.5,1588.5,664.6497802734375,253.6513671875
2026-01-16,7225.90673828125,1294.199951171875,9489.0,1397.5,425.376708984375,6236.0,1175.5,7315.0,1698.0,931.0999755859375,5543.4501953125,934.6500244140625,1410.800048828125,1689.800048828125,1187.300048828125,418.20001220703125,15859.0,1042.300048828125,1658.129150390625,188.2100067138672,3206.699951171875,1670.5,671.4856567382812,260.7189025878906
2026-01-19,7123.54296875,1307.5,9429.5,1392.300048828125,424.53778076171875,6140.0,1167.199951171875,7323.5,1716.800048828125,927.9000244140625,5652.328125,939.9500122070312,1380.5999755859375,1681.199951171875,1184.0999755859375,426.8999938964844,16176.0,1038.4000244140625,1664.587158203125,188.27000427246094,3163.60009765625,1718.300048828125,663.7153930664062,239.75997924804688
2026-01-20,6903.3349609375,1293.5,9180.0,1378.4000244140625,409.88153076171875,6013.0,1166.699951171875,7173.5,1687.300048828125,931.2000122070312,5473.8076171875,928.0999755859375,1375.800048828125,1658.9000244140625,1160.0,423.79998779296875,15879.0,1036.4000244140625,1603.384765625,183.55999755859375,3102.300048828125,1678.5,660.7646484375,233.86224365234375
2026-01-21,6817.44921875,1284.9000244140625,9179.0,1369.5999755859375,408.6478271484375,6010.0,1157.199951171875,7140.0,1682.5,920.3499755859375,5432.61083984375,939.2000122070312,1349.0,1654.4000244140625,1174.5999755859375,421.6000061035156,15770.0,1028.6500244140625,1602.4906005859375,184.41000366210938,3122.60009765625,1686.699951171875,665.5350341796875,233.5210723876953
2026-01-22,6787.98828125,1294.800048828125,9370.0,1370.4000244140625,417.678466796875,6071.0,1217.5,7049.0,1703.0999755859375,918.7000122070312,5383.56640625,944.4500122070312,1345.5,1663.5,1184.4000244140625,426.0,15765.0,1048.3499755859375,1623.653076171875,189.10000610351562,3150.39990234375,1687.4000244140625,667.502197265625,234.59336853027344
2026-01-23,6793.98046875,1258.0,9413.5,1315.0,412.94110107421875,6011.5,1235.5999755859375,6973.0,1707.0,916.0999755859375,5281.064453125,950.2999877929688,1343.4000244140625,1670.800048828125,1170.0,422.79998779296875,15469.0,1029.5,1621.367919921875,187.61000061035156,3162.5,1701.0999755859375,672.9118041992188,232.39999389648438
2026-01-27,6784.49267578125,1315.800048828125,9492.0,1313.0,417.38238525390625,6056.0,1239.800048828125,7164.5,1720.199951171875,926.4000244140625,5277.14111328125,961.8499755859375,1361.4000244140625,1682.699951171875,1222.0,408.70001220703125,15245.0,1053.1500244140625,1628.32275390625,192.27999877929688,3158.0,1745.0999755859375,693.8619384765625,234.8000030517578
2026-01-28,6868.38134765625,1319.800048828125,9433.5,1328.4000244140625,438.25640869140625,6188.0,1222.5,7071.0,1729.5999755859375,932.7000122070312,5407.10791015625,998.2000122070312,1367.699951171875,1666.5,1218.699951171875,412.3999938964844,14877.0,1063.5,1600.205322265625,193.85000610351562,3200.10009765625,1762.9000244140625,724.9920043945312,237.35000610351562
2026-01-29,6791.98291015625,1363.699951171875,9512.0,1320.9000244140625,449.80377197265625,6041.0,1208.9000244140625,7056.5,1721.5999755859375,935.5,5473.3173828125,1024.050048828125,1383.5999755859375,1659.5,1237.5,412.3999938964844,14502.0,1066.199951171875,1579.04296875,202.32000732421875,3144.39990234375,1768.4000244140625,753.7615356445312,239.8000030517578
2026-01-30,6951.271484375,1370.4000244140625,9597.5,1324.0,434.9994812011719,6051.0,1218.0999755859375,7122.5,1695.5999755859375,929.25,5428.19677734375,962.5999755859375,1355.0,1641.0,1214.4000244140625,408.0,14599.0,1077.1500244140625,1585.004150390625,193.1300048828125,3123.89990234375,1743.0999755859375,670.3544921875,236.89999389648438
2026-02-02,6924.30712890625,1311.5,9496.5,1311.5999755859375,417.97454833984375,5952.5,1182.5,6985.5,1676.800048828125,928.0999755859375,5515.4951171875,930.5,1352.800048828125,1629.4000244140625,1199.199951171875,408.20001220703125,14384.0,1028.699951171875,1617.393798828125,188.50999450683594,3169.60009765625,1724.0,649.7978515625,242.3000030517578
2026-02-03,7079.1015625,1356.199951171875,9595.5,1322.800048828125,423.7975769042969,6209.0,1235.4000244140625,7215.0,1695.300048828125,948.7000122070312,5652.818359375,955.2999877929688,1389.699951171875,1656.0,1229.4000244140625,415.79998779296875,14782.0,1064.199951171875,1691.1148681640625,192.92999267578125,3225.300048828125,1716.5,664.5514526367188,242.69000244140625
2026-02-04,7106.5654296875,1338.699951171875,9639.0,1326.699951171875,429.2257995605469,6054.5,1240.199951171875,7277.5,1621.800048828125,953.0999755859375,5739.62646484375,964.9500122070312,1408.4000244140625,1535.800048828125,1228.199951171875,412.3500061035156,15071.0,1068.199951171875,1693.4000244140625,195.39999389648438,2999.10009765625,1645.300048828125,676.5018310546875,233.33999633789062
2026-02-05,7112.55712890625,1330.5999755859375,9647.0,1333.300048828125,426.2156066894531,6141.5,1244.9000244140625,7209.5,1610.0,949.7000122070312,5655.76123046875,935.4500122070312,1396.5,1520.199951171875,1239.800048828125,408.75,15059.0,1073.5,1702.5999755859375,197.75999450683594,2991.5,1646.199951171875,644.4373779296875,233.38999938964844
2026-02-06,7143.01708984375,1341.5999755859375,9518.5,1330.0,427.1531982421875,6024.5,1241.199951171875,7177.5,1593.699951171875,941.0999755859375,5643.5,942.5499877929688,1406.0999755859375,1507.0999755859375,1236.199951171875,422.3500061035156,14997.0,1066.4000244140625,1695.0999755859375,197.05999755859375,2941.60009765625,1619.9000244140625,660.0269775390625,230.72000122070312
2026-02-09,7201.439453125,1341.4000244140625,9590.0,1342.5,426.06756591796875,6113.5,1275.5,7195.5,1602.0,937.25,5646.44287109375,964.25,1396.300048828125,1497.199951171875,1245.0,428.79998779296875,14978.0,1146.0,1704.5999755859375,202.0,2948.199951171875,1621.699951171875,668.5841064453125,230.0800018310547
2026-02-10,7209.4287109375,1356.699951171875,9774.0,1342.0999755859375,425.3273620605469,6175.5,1256.0,7296.0,1573.0999755859375,932.4000244140625,5643.5,968.9000244140625,1406.5,1497.800048828125,1244.0999755859375,429.29998779296875,15146.0,1144.0999755859375,1707.800048828125,208.00999450683594,2984.60009765625,1644.5999755859375,678.8132934570312,231.47000122070312
2026-02-11,7497.046875,1347.300048828125,9869.5,1349.9000244140625,417.7278137207031,6386.5,1270.300048828125,7771.0,1551.5999755859375,927.0999755859375,5682.5,965.9500122070312,1406.0999755859375,1471.9000244140625,1249.199951171875,429.54998779296875,15412.0,1182.9000244140625,1711.0999755859375,207.58999633789062,2909.800048828125,1634.4000244140625,689.632568359375,229.80999755859375
2026-02-12,7529.00439453125,1340.0,9840.0,1330.0,413.6813049316406,6185.0,1274.9000244140625,7943.0,1476.0999755859375,920.5999755859375,5733.0,964.4000244140625,1430.0,1386.0,1247.9000244140625,426.25,15326.0,1192.4000244140625,1714.9000244140625,208.11000061035156,2750.10009765625,1536.5999755859375,691.206298828125,219.0800018310547
2026-02-13,7532.5,1332.300048828125,9760.0,1331.5,403.6144104003906,6168.5,1268.0999755859375,8065.0,1455.199951171875,903.9000244140625,5584.0,909.0,1414.5999755859375,1369.0999755859375,1232.0,420.6499938964844,15237.0,1198.5999755859375,1697.5,203.17999267578125,2692.199951171875,1534.4000244140625,662.5842895507812,214.08999633789062
2026-02-16,7618.0,1358.300048828125,9697.5,1356.4000244140625,416.98760986328125,6149.5,1269.4000244140625,8010.5,1461.800048828125,925.7999877929688,5492.0,907.4500122070312,1411.5999755859375,1365.5999755859375,1248.199951171875,425.6000061035156,15051.0,1208.0999755859375,1700.5,205.80999755859375,2706.60009765625,1512.699951171875,668.6332397460938,213.25999450683594
2026-02-17,7601.5,1357.199951171875,9826.5,1343.9000244140625,416.04998779296875,6187.5,1284.800048828125,8035.0,1482.5999755859375,925.7000122070312,5577.0,890.0999755859375,1407.5,1391.199951171875,1244.5999755859375,424.45001220703125,15179.0,1213.4000244140625,1717.0999755859375,203.0800018310547,2717.39990234375,1523.800048828125,657.2238159179688,215.69000244140625
2026-02-18,7647.5,1377.0,9980.0,1349.800048828125,418.0,6283.5,1280.300048828125,8009.5,1467.199951171875,924.7000122070312,5592.0,899.25,1408.199951171875,1373.699951171875,1251.199951171875,426.3500061035156,15164.0,1218.9000244140625,1724.4000244140625,209.02999877929688,2694.89990234375,1504.800048828125,666.8628540039062,211.9499969482422
2026-02-19,7592.5,1356.5999755859375,9729.0,1328.9000244140625,416.1499938964844,6297.5,1282.300048828125,7897.0,1450.4000244140625,915.5999755859375,5414.5,905.6500244140625,1388.800048828125,1370.5,1228.4000244140625,416.3999938964844,14903.0,1205.699951171875,1713.4000244140625,205.41000366210938,2677.89990234375,1479.300048828125,665.0432739257812,211.2100067138672
2026-02-20,7615.5,1368.300048828125,9807.0,1341.0999755859375,423.54998779296875,6291.0,1280.4000244140625,7936.5,1436.5,911.8499755859375,5465.0,935.7000122070312,1394.5,1353.199951171875,1235.800048828125,421.3500061035156,14977.0,1216.0999755859375,1724.4000244140625,208.36000061035156,2686.199951171875,1456.9000244140625,671.23974609375,209.86000061035156
2026-02-23,7693.0,1386.699951171875,9905.5,1326.5,426.0,6293.5,1307.4000244140625,8038.5,1426.199951171875,923.5999755859375,5488.5,916.2000122070312,1399.4000244140625,1327.5,1240.5,430.70001220703125,15072.0,1227.800048828125,1732.300048828125,208.13999938964844,2676.300048828125,1440.9000244140625,670.0594482421875,205.88999938964844
2026-02-24,7720.5,1387.5999755859375,9829.0,1326.699951171875,430.95001220703125,6255.5,1300.199951171875,7929.0,1339.199951171875,910.5,5511.0,922.8499755859375,1384.800048828125,1275.5,1254.5,427.70001220703125,14926.0,1223.300048828125,1731.800048828125,209.1300048828125,2573.699951171875,1345.4000244140625,683.681884765625,200.13999938964844
2026-02-25,7783.0,1403.0,10097.0,1346.0999755859375,438.6000061035156,6395.5,1306.5,8008.0,1378.199951171875,907.5999755859375,5737.5,937.4000244140625,1400.5,1290.0999755859375,1275.0,424.95001220703125,15070.0,1200.0999755859375,1764.199951171875,214.63999938964844,2629.300048828125,1361.800048828125,715.8447875976562,201.9199981689453
2026-02-26,7775.0,1395.5,10110.0,1358.0999755859375,433.5,6474.0,1319.300048828125,8190.0,1373.5,898.5999755859375,5787.0,941.2999877929688,1404.9000244140625,1289.0999755859375,1280.5999755859375,424.54998779296875,15213.0,1209.5,1785.699951171875,215.52000427246094,2647.699951171875,1361.800048828125,725.3363037109375,201.0800018310547
2026-02-27,7821.5,1383.9000244140625,9972.5,1348.199951171875,430.6499938964844,6408.5,1286.300048828125,8010.5,1389.0999755859375,887.75,5710.0,924.7000122070312,1378.9000244140625,1300.0999755859375,1264.699951171875,415.20001220703125,14857.0,1201.699951171875,1737.0,212.3300018310547,2637.39990234375,1357.800048828125,706.5992431640625,200.9600067138672
2026-03-02,7791.5,1372.300048828125,9776.0,1351.5999755859375,426.25,6403.5,1294.4000244140625,7826.0,1371.0,879.4000244140625,5591.5,940.0,1374.0,1288.9000244140625,1267.300048828125,413.1000061035156,14388.0,1189.9000244140625,1752.5,211.00999450683594,2613.5,1345.4000244140625,711.4678344726562,198.57000732421875
2026-03-04,7666.0,1351.300048828125,9652.5,1313.199951171875,435.1499938964844,6316.0,1291.199951171875,7626.5,1364.0,868.6500244140625,5500.0,921.7999877929688,1365.4000244140625,1307.4000244140625,1213.0,403.3500061035156,14158.0,1174.5,1750.5,196.72999572753906,2587.800048828125,1351.199951171875,689.4850463867188,195.5500030517578
2026-03-05,7775.0,1349.0999755859375,9804.5,1326.4000244140625,449.3999938964844,6364.5,1313.5,7755.0,1354.0999755859375,877.75,5588.5,954.9500122070312,1357.5999755859375,1305.800048828125,1248.0999755859375,407.29998779296875,14415.0,1169.5,1784.5,200.57000732421875,2578.800048828125,1333.300048828125,699.566650390625,195.67999267578125
2026-03-06,7724.5,1315.800048828125,9816.0,1321.199951171875,440.45001220703125,6329.0,1303.800048828125,7620.5,1356.699951171875,857.0499877929688,5512.5,958.9000244140625,1313.4000244140625,1308.4000244140625,1233.699951171875,399.79998779296875,14159.0,1143.0,1799.4000244140625,198.4600067138672,2557.60009765625,1331.699951171875,709.156494140625,195.39999389648438
2026-03-09,7779.0,1288.300048828125,9383.0,1325.0,437.6499938964844,6330.0,1287.0,7266.0,1358.5999755859375,840.7000122070312,5480.0,945.3499755859375,1278.4000244140625,1315.0,1192.5999755859375,386.3500061035156,13508.0,1098.5,1807.4000244140625,191.00999450683594,2527.39990234375,1336.300048828125,697.7470703125,198.75
2026-03-10,7803.0,1314.699951171875,9610.0,1333.5,443.54998779296875,6372.0,1314.5999755859375,7536.5,1361.5,849.4500122070312,5711.5,956.5999755859375,1311.9000244140625,1295.5999755859375,1214.300048828125,391.8500061035156,13867.0,1112.199951171875,1812.800048828125,195.0,2513.10009765625,1336.5999755859375,710.1400756835938,200.92999267578125
2026-03-11,7684.0,1255.800048828125,9327.5,1329.5,446.75,6352.5,1325.5,7253.5,1350.300048828125,833.9500122070312,5575.0,959.0999755859375,1294.5999755859375,1276.300048828125,1178.800048828125,383.20001220703125,13497.0,1091.0999755859375,1825.9000244140625,194.74000549316406,2464.89990234375,1334.4000244140625,709.6974487304688,202.22999572753906
2026-03-12,7574.5,1234.5,9162.0,1324.300048828125,470.1000061035156,6282.0,1319.0,6975.5,1358.0999755859375,832.75,5394.5,969.75,1266.5,1265.800048828125,1172.5999755859375,375.29998779296875,13011.0,1085.199951171875,1825.300048828125,193.47000122070312,2442.39990234375,1349.800048828125,707.7794799804688,202.50999450683594
2026-03-13,7550.0,1197.300048828125,8875.0,1314.699951171875,467.0,6071.0,1292.300048828125,6741.0,1325.4000244140625,817.0,5206.0,910.0499877929688,1254.800048828125,1248.300048828125,1119.300048828125,366.8500061035156,12591.0,1047.0,1801.5999755859375,183.50999450683594,2410.5,1332.800048828125,678.2230834960938,197.5800018310547
2026-03-16,7490.0,1214.699951171875,9073.0,1300.0,460.29998779296875,6071.0,1276.9000244140625,6827.5,1328.5999755859375,840.5999755859375,5278.5,921.1500244140625,1272.9000244140625,1249.800048828125,1145.5999755859375,369.8500061035156,12757.0,1066.699951171875,1783.199951171875,186.94000244140625,2409.199951171875,1339.5,674.3379516601562,195.11000061035156
2026-03-17,7500.0,1228.0999755859375,9110.0,1281.9000244140625,462.25,6086.5,1283.800048828125,6910.0,1321.0999755859375,845.3499755859375,5355.0,936.6500244140625,1288.699951171875,1232.9000244140625,1167.199951171875,374.20001220703125,12972.0,1064.699951171875,1794.4000244140625,195.42999267578125,2391.699951171875,1341.800048828125,687.8621215820312,191.32000732421875
2026-03-18,7471.0,1253.199951171875,9271.0,1268.5,455.20001220703125,6140.0,1294.800048828125,7027.5,1357.199951171875,843.0499877929688,5426.0,933.0499877929688,1289.300048828125,1267.0999755859375,1180.300048828125,375.3999938964844,13048.0,1069.800048828125,1778.300048828125,195.41000366210938,2440.800048828125,1385.199951171875,667.8463745117188,194.3000030517578
2026-03-19,7252.0,1207.0,8868.5,1239.199951171875,454.20001220703125,5972.5,1274.5,6793.0,1311.800048828125,798.2000122070312,5172.5,897.0499877929688,1250.0999755859375,1220.800048828125,1130.9000244140625,368.1499938964844,12599.0,1048.9000244140625,1744.4000244140625,190.50999450683594,2356.0,1340.5999755859375,654.4205932617188,188.41000366210938
2026-03-20,7364.5,1203.9000244140625,9051.0,1256.4000244140625,468.1499938964844,6100.0,1298.9000244140625,6909.0,1333.699951171875,780.4500122070312,5275.5,874.25,1245.4000244140625,1255.9000244140625,1169.5999755859375,366.75,12601.0,1058.0,1777.0999755859375,196.77000427246094,2390.60009765625,1384.800048828125,661.1581420898438,190.89999389648438
2026-03-23,7145.0,1170.5999755859375,8776.0,1221.800048828125,455.25,6013.5,1253.300048828125,6681.5,1358.5999755859375,744.1500244140625,5065.0,840.25,1222.699951171875,1256.800048828125,1109.5999755859375,356.54998779296875,12355.0,1031.9000244140625,1758.4000244140625,187.1699981689453,2383.800048828125,1384.0,635.142578125,187.5399932861328
2026-03-24,7413.0,1192.699951171875,8898.0,1219.4000244140625,442.1000061035156,6026.0,1259.5999755859375,6871.0,1373.300048828125,764.9000244140625,5253.0,854.6500244140625,1251.199951171875,1278.300048828125,1133.699951171875,366.8500061035156,12464.0,1030.800048828125,1753.300048828125,190.7899932861328,2398.800048828125,1432.699951171875,640.896484375,188.74000549316406
2026-03-25,7580.5,1222.0999755859375,9048.5,1244.4000244140625,443.70001220703125,6014.5,1300.699951171875,6992.5,1381.300048828125,782.2999877929688,5289.5,868.6500244140625,1259.699951171875,1279.0999755859375,1156.0,371.1000061035156,12711.0,1060.5999755859375,1795.4000244140625,196.64999389648438,2377.39990234375,1408.5,658.6500244140625,189.0500030517578
2026-03-27,7549.0,1205.199951171875,8901.0,1242.300048828125,445.04998779296875,5997.5,1281.699951171875,6811.5,1364.4000244140625,756.2000122070312,5143.0,866.7000122070312,1233.800048828125,1269.699951171875,1130.300048828125,366.1499938964844,12389.0,1019.5,1793.5999755859375,193.22000122070312,2389.800048828125,1391.5999755859375,649.4000244140625,191.60000610351562
2026-03-30,7419.0,1161.300048828125,8781.5,1224.199951171875,450.45001220703125,5947.0,1254.9000244140625,6586.0,1341.5999755859375,731.5499877929688,5063.0,884.4500122070312,1205.9000244140625,1250.5999755859375,1122.5,353.3999938964844,12306.0,979.4000244140625,1757.199951171875,191.86000061035156,2358.89990234375,1384.0,654.7999877929688,187.63999938964844
2026-04-01,7305.5,1193.0999755859375,8895.5,1195.9000244140625,449.3999938964844,5906.5,1209.5999755859375,6825.5,1354.4000244140625,742.25,5122.0,904.5999755859375,1212.699951171875,1275.699951171875,1140.4000244140625,356.04998779296875,12509.0,1017.7999877929688,1728.5,194.60000610351562,2408.199951171875,1404.5,677.2000122070312,191.17999267578125
2026-04-02,7317.5,1197.9000244140625,8758.5,1192.4000244140625,449.3500061035156,5856.5,1217.300048828125,6649.5,1402.199951171875,750.9000244140625,5011.5,916.25,1215.800048828125,1300.800048828125,1141.300048828125,358.0,12631.0,1018.4000244140625,1693.5999755859375,194.13999938964844,2450.699951171875,1441.5,687.6500244140625,194.91000366210938
2026-04-06,7373.0,1245.300048828125,8942.5,1200.9000244140625,459.54998779296875,5821.0,1217.800048828125,6596.0,1403.300048828125,771.0,5103.5,927.4500122070312,1231.4000244140625,1306.199951171875,1133.5999755859375,360.54998779296875,12688.0,1032.75,1694.5999755859375,196.10000610351562,2473.89990234375,1449.5,690.0,197.2899932861328
2026-04-07,7326.5,1250.0999755859375,9049.5,1202.4000244140625,463.0,5850.0,1196.0999755859375,6605.5,1441.5999755859375,772.0,5051.0,954.5,1245.5,1339.4000244140625,1151.9000244140625,362.95001220703125,12798.0,1030.4000244140625,1718.0,198.1300048828125,2539.800048828125,1473.4000244140625,713.25,204.72000122070312
2026-04-08,7401.5,1333.0,9366.0,1215.9000244140625,449.25,5882.0,1191.4000244140625,7131.0,1461.0,816.0999755859375,5287.5,951.7999877929688,1309.199951171875,1346.199951171875,1194.300048828125,380.1499938964844,13602.0,1061.449951171875,1714.5999755859375,204.17999267578125,2559.199951171875,1451.4000244140625,721.4000244140625,203.4199981689453
2026-04-09,7481.5,1318.5,9517.0,1224.4000244140625,454.1000061035156,5952.5,1211.9000244140625,7147.5,1464.9000244140625,797.7000122070312,5284.0,985.6500244140625,1281.300048828125,1331.5999755859375,1209.699951171875,371.8999938964844,13589.0,1040.949951171875,1717.0999755859375,205.1999969482422,2589.0,1461.5999755859375,737.0,202.8699951171875
2026-04-10,7511.5,1350.800048828125,9813.5,1229.5,434.1000061035156,6116.5,1232.199951171875,7424.0,1451.199951171875,810.2999877929688,5466.5,992.0999755859375,1321.9000244140625,1292.5,1214.800048828125,374.54998779296875,13709.0,1066.699951171875,1654.9000244140625,206.61000061035156,2524.300048828125,1440.199951171875,745.1500244140625,204.8800048828125
2026-04-13,7516.5,1353.5999755859375,9816.0,1211.0999755859375,435.1000061035156,6070.0,1235.9000244140625,7050.0,1429.4000244140625,794.7000122070312,5247.0,978.25,1351.0999755859375,1276.800048828125,1204.199951171875,371.8999938964844,13076.0,1063.550048828125,1652.199951171875,206.38999938964844,2472.60009765625,1435.4000244140625,752.5499877929688,202.97000122070312
2026-04-15,7642.0,1355.5,9865.0,1227.0,435.79998779296875,6177.5,1217.800048828125,7128.0,1451.300048828125,809.9000244140625,5287.5,1011.4500122070312,1348.0999755859375,1305.300048828125,1218.5999755859375,382.3999938964844,13289.0,1071.5,1696.5999755859375,208.72000122070312,2554.89990234375,1483.800048828125,766.0499877929688,209.75
